target_draw,draw_date,history_cutoff,period,era,consensus_ticket,actual_main_numbers,special_number,hits,m1_plus,m2_plus,m3_plus,m4_plus,m5_plus,m6_plus,n_supported_numbers,top1_score,top1_support,top6_mean_support,rank6_score,rank7_score,rank6_minus_rank7_margin,rank6_support,rank7_support,rank6_rank7_tied,top6_family_breadth_mean,top6_distinct_families,score_entropy_norm,support_concentration_hhi,top6_score_mass_fraction,minority_support_mass,strategy_disagreement,family_disagreement,top6_slots_in_43_49,top6_slots_in_1_12,winner_ranks,winner_supports,winner_min_rank,n_winners_rank_7_8,n_winners_rank_7_12,n_winners_rank_21plus,n_winners_zero_support,top6_mean_gap,winners_mean_gap,top1_missed,special_rank,best_single_strategy_hits,n_strategies_m2plus
103000001,2014-01-03,102000313,SEARCH_1117,PRE_2023,2;4;8;9;15;32,11;18;20;21;35;37,8,0,0,0,0,0,0,0,36,0.348485,10,8.5,0.212121,0.204545,0.007576,5,11,0,4.5,8,0.826346,0.051676,0.465368,0.214286,0.799573,0.783105,0,4,13;14;16;41;42;43,3;0;0;0;3;6,13,0,0,3,3,41.667,76.333,1,4,2,4
103000002,2014-01-07,103000001,SEARCH_1117,PRE_2023,2;8;9;11;15;17,1;7;21;25;35;36,39,0,0,0,0,0,0,0,37,0.378788,10,8.6667,0.166667,0.159091,0.007576,8,7,0,5.0,8,0.837322,0.05043,0.445887,0.218615,0.826045,0.806133,0,4,10;14;20;35;40;45,2;2;0;3;1;0,10,0,1,3,2,5.0,71.833,1,47,2,1
103000003,2014-01-10,103000002,SEARCH_1117,PRE_2023,2;7;8;9;17;32,7;17;19;30;32;37,3,3,1,1,1,0,0,0,42,0.333333,10,7.6667,0.181818,0.151515,0.030303,7,4,0,4.5,7,0.865592,0.045098,0.426407,0.309524,0.858991,0.839176,0,4,3;5;6;7;28;31,6;9;1;4;7;1,3,1,1,2,0,43.167,78.167,1,43,2,10
103000004,2014-01-14,103000003,SEARCH_1117,PRE_2023,2;7;9;11;17;26,2;11;21;41;45;49,26,2,1,1,0,0,0,0,40,0.454545,13,8.1667,0.136364,0.113636,0.022727,3,5,0,5.0,8,0.844778,0.052014,0.45671,0.255411,0.827496,0.802929,0,4,2;5;21;34;38;40,8;6;4;1;1;2,2,0,0,4,0,39.0,108.667,1,6,3,5
103000005,2014-01-17,103000004,SEARCH_1117,PRE_2023,2;7;9;11;17;26,13;15;20;26;29;36,37,1,1,0,0,0,0,0,38,0.477273,11,8.1667,0.189394,0.159091,0.030303,6,5,0,5.0,8,0.833049,0.053363,0.465368,0.264069,0.836735,0.806469,0,4,4;14;18;29;31;35,1;2;2;5;2;1,4,0,0,3,0,38.5,74.667,1,23,2,2
103000006,2014-01-21,103000005,SEARCH_1117,PRE_2023,2;7;9;13;15;17,12;15;22;38;43;44,9,1,1,0,0,0,0,0,39,0.348485,8,8.3333,0.151515,0.151515,0.0,6,4,1,4.6667,7,0.846556,0.048472,0.441558,0.190476,0.840672,0.830008,0,3,4;8;14;20;31;41,0;8;1;5;2;3,4,1,1,2,1,3.5,113.833,1,3,2,4
103000007,2014-01-24,103000006,SEARCH_1117,PRE_2023,2;7;9;10;15;17,1;4;20;29;41;45,36,0,0,0,0,0,0,0,41,0.348485,12,8.6667,0.159091,0.159091,0.0,4,5,1,5.3333,8,0.840764,0.051658,0.47619,0.272727,0.829379,0.808159,0,4,17;25;30;36;42;48,0;1;6;0;2;1,17,0,0,5,2,5.5,3.667,1,40,1,0
103000008,2014-01-28,103000007,SEARCH_1117,PRE_2023,2;7;9;15;17;34,1;2;5;7;26;30,24,2,1,1,0,0,0,0,41,0.318182,11,8.0,0.166667,0.136364,0.030303,5,3,0,4.8333,7,0.861899,0.044949,0.417749,0.257576,0.840097,0.827651,0,3,4;5;7;20;23;46,3;5;1;7;2;0,4,1,1,2,1,41.333,4.333,1,34,2,6
103000009,2014-01-30,103000008,SEARCH_1117,PRE_2023,1;2;7;9;15;33,9;22;44;45;48;49,8,1,1,0,0,0,0,0,40,0.30303,7,7.1667,0.174242,0.128788,0.045455,5,8,0,4.3333,8,0.865102,0.043993,0.417749,0.281385,0.844735,0.823445,0,4,4;34;36;37;40;42,7;0;1;1;3;1,4,0,0,5,1,39.333,41.0,1,15,3,1
103000010,2014-01-31,103000009,SEARCH_1117,PRE_2023,2;4;7;9;17;34,17;23;27;38;48;49,19,1,1,0,0,0,0,0,39,0.325758,9,6.8333,0.159091,0.151515,0.007576,4,4,0,4.5,7,0.865473,0.043346,0.398268,0.261905,0.854965,0.828206,0,4,4;33;34;38;44;49,7;1;0;1;0;2,4,0,0,5,2,39.333,39.833,1,42,2,1
103000011,2014-02-01,103000010,SEARCH_1117,PRE_2023,2;7;9;15;17;33,6;9;13;19;36;37,27,1,1,0,0,0,0,0,40,0.348485,10,7.5,0.166667,0.128788,0.037879,5,5,0,4.6667,7,0.860208,0.046129,0.437229,0.324675,0.853031,0.832247,0,3,5;16;20;36;47;48,2;6;3;1;0;0,5,0,0,3,2,38.667,7.333,1,27,2,3
103000012,2014-02-02,103000011,SEARCH_1117,PRE_2023,2;6;7;9;17;34,3;13;14;19;24;45,5,0,0,0,0,0,0,0,40,0.30303,9,6.8333,0.159091,0.151515,0.007576,5,4,0,4.5,7,0.876937,0.040591,0.378788,0.24026,0.862148,0.84159,0,4,9;14;16;32;34;44,2;6;3;1;0;2,9,0,1,3,1,39.167,7.333,1,33,2,2
103000013,2014-02-03,103000012,SEARCH_1117,PRE_2023,2;7;9;13;20;33,1;2;16;17;27;30,48,1,1,0,0,0,0,0,41,0.310606,11,7.8333,0.143939,0.136364,0.007576,9,4,0,4.8333,8,0.880691,0.041622,0.400433,0.344156,0.851798,0.828019,0,3,2;9;13;16;25;47,2;6;3;6;2;0,2,0,1,2,1,39.833,5.667,1,49,3,6
103000014,2014-02-04,103000013,SEARCH_1117,PRE_2023,1;2;9;13;17;20,8;12;19;32;42;46,28,0,0,0,0,0,0,0,39,0.371212,10,8.0,0.166667,0.151515,0.015152,9,4,0,4.6667,7,0.855439,0.04582,0.417749,0.214286,0.848324,0.833298,0,3,8;14;15;22;26;29,2;1;2;4;2;7,8,1,1,3,0,2.5,82.667,1,28,2,5
103000015,2014-02-07,103000014,SEARCH_1117,PRE_2023,2;7;9;13;17;31,5;11;12;21;22;28,25,0,0,0,0,0,0,0,40,0.30303,7,7.1667,0.166667,0.166667,0.0,6,6,1,4.5,7,0.866238,0.042578,0.393939,0.266234,0.860572,0.847966,0,3,20;22;26;27;28;41,1;2;2;3;0;2,20,0,0,5,1,39.833,43.333,1,36,3,1
103000016,2014-02-11,103000015,SEARCH_1117,PRE_2023,1;2;9;15;33;34,6;15;21;22;31;44,41,1,1,0,0,0,0,0,38,0.318182,8,6.6667,0.181818,0.174242,0.007576,7,4,0,4.0,7,0.85017,0.044771,0.391775,0.12987,0.864725,0.851077,0,3,3;7;15;21;23;40,0;7;7;4;4;2,3,1,1,3,1,78.5,41.0,1,48,2,4
103000017,2014-02-14,103000016,SEARCH_1117,PRE_2023,2;9;10;17;33;34,10;19;20;24;33;48,1,2,1,1,0,0,0,0,42,0.287879,8,6.3333,0.143939,0.143939,0.0,4,7,1,3.8333,7,0.8875,0.039252,0.361472,0.253247,0.862892,0.851192,0,3,5;6;7;14;36;49,4;3;7;1;4;0,5,1,1,2,1,80.833,44.667,1,9,2,3
103000018,2014-02-18,103000017,SEARCH_1117,PRE_2023,2;7;9;15;25;34,6;19;20;26;32;47,35,0,0,0,0,0,0,0,39,0.348485,8,6.5,0.166667,0.159091,0.007576,6,7,0,3.6667,6,0.861255,0.043993,0.391775,0.203463,0.862308,0.8512,0,3,8;9;11;18;25;33,5;6;6;1;1;8,8,1,3,2,0,44.833,42.0,1,48,3,5
103000019,2014-02-21,103000018,SEARCH_1117,PRE_2023,2;6;9;18;20;34,11;12;23;28;40;48,9,0,0,0,0,0,0,0,38,0.393939,11,8.8333,0.212121,0.189394,0.022727,6,7,0,5.1667,8,0.818581,0.056062,0.495671,0.214286,0.837595,0.813275,0,3,15;16;20;36;42;45,2;0;3;0;4;2,15,0,0,3,2,44.0,41.167,1,3,1,0
103000020,2014-02-25,103000019,SEARCH_1117,PRE_2023,2;6;9;12;18;20,3;5;9;12;13;46,4,2,1,1,0,0,0,0,38,0.318182,9,7.0,0.189394,0.166667,0.022727,9,8,0,4.3333,8,0.857361,0.044012,0.402597,0.183983,0.869905,0.849356,0,4,2;3;13;18;28;40,2;0;8;6;3;3,2,0,0,2,1,6.667,6.167,1,15,2,4
103000021,2014-02-28,103000020,SEARCH_1117,PRE_2023,2;5;6;9;18;34,13;17;18;24;28;32,37,1,1,0,0,0,0,0,42,0.325758,10,7.6667,0.166667,0.151515,0.015152,7,4,0,4.5,8,0.853926,0.048284,0.454545,0.261905,0.867011,0.846499,0,4,5;24;32;36;41;45,2;1;6;2;0;1,5,0,0,5,1,44.167,6.333,1,27,2,1
103000022,2014-03-04,103000021,SEARCH_1117,PRE_2023,2;9;13;17;25;34,8;26;35;37;40;43,6,0,0,0,0,0,0,0,41,0.287879,8,7.1667,0.174242,0.159091,0.015152,4,4,0,4.1667,8,0.874858,0.04106,0.38961,0.190476,0.877684,0.862299,0,2,19;21;24;40;45;48,2;0;2;0;1;3,19,0,0,5,2,44.333,10.333,1,25,2,2
103000023,2014-03-07,103000022,SEARCH_1117,PRE_2023,2;5;9;13;17;25,6;18;26;30;37;38,16,0,0,0,0,0,0,0,43,0.287879,7,6.3333,0.159091,0.136364,0.022727,6,3,0,4.0,8,0.896258,0.037799,0.367965,0.261905,0.88946,0.89118,0,3,16;25;31;38;47;49,2;1;3;0;0;2,16,0,0,5,2,6.833,5.333,1,44,1,0
103000024,2014-03-11,103000023,SEARCH_1117,PRE_2023,2;6;9;17;25;31,13;15;16;20;40;43,14,0,0,0,0,0,0,0,41,0.356061,10,6.8333,0.174242,0.166667,0.007576,5,4,0,4.0,7,0.864005,0.043506,0.398268,0.186147,0.871114,0.859659,0,3,7;18;23;29;44;49,2;4;0;4;0;1,7,1,1,4,2,8.167,5.333,1,24,1,0
103000025,2014-03-14,103000024,SEARCH_1117,PRE_2023,2;6;9;13;21;25,2;8;27;40;41;47,28,1,1,0,0,0,0,0,44,0.280303,8,6.6667,0.159091,0.151515,0.007576,9,6,0,4.5,8,0.889317,0.03898,0.372294,0.244589,0.881798,0.858468,0,3,2;23;25;35;43;47,6;1;0;3;1;5,2,0,0,5,1,8.667,8.833,1,40,1,0
103000026,2014-03-18,103000025,SEARCH_1117,PRE_2023,2;9;13;21;25;31,12;26;28;35;39;40,16,0,0,0,0,0,0,0,47,0.30303,7,5.5,0.128788,0.121212,0.007576,5,5,0,4.3333,7,0.919303,0.034613,0.329004,0.257576,0.900425,0.88069,0,2,19;23;33;35;38;41,1;2;1;1;5;4,19,0,0,5,0,8.833,41.833,1,40,3,1
103000027,2014-03-21,103000026,SEARCH_1117,PRE_2023,2;7;9;13;25;31,8;18;26;31;46;47,20,1,1,0,0,0,0,0,41,0.227273,6,5.3333,0.151515,0.143939,0.007576,4,6,0,3.8333,7,0.897041,0.035466,0.322511,0.168831,0.893632,0.865599,0,3,4;11;28;31;37;44,1;0;5;4;3;3,4,0,1,4,1,11.167,4.5,1,7,2,4
103000028,2014-03-25,103000027,SEARCH_1117,PRE_2023,8;9;13;17;25;34,19;23;25;30;42;47,16,1,1,0,0,0,0,0,44,0.257576,7,5.8333,0.143939,0.136364,0.007576,8,4,0,3.8333,7,0.910926,0.033929,0.300866,0.201299,0.898186,0.870758,0,2,2;20;24;30;46;47,2;0;5;0;5;4,2,0,0,4,2,47.5,10.833,1,27,2,5
103000029,2014-03-28,103000028,SEARCH_1117,PRE_2023,2;9;13;17;25;29,9;18;23;35;36;47,41,1,1,0,0,0,0,0,49,0.227273,6,5.3333,0.136364,0.128788,0.007576,4,3,0,4.0,6,0.931043,0.032046,0.305195,0.34632,0.9039,0.888034,0,2,1;30;35;40;47;48,6;1;1;1;2;5,1,0,0,5,0,8.167,5.667,0,27,1,0
103000030,2014-04-01,103000029,SEARCH_1117,PRE_2023,2;4;9;13;17;29,18;22;29;30;46;47,6,1,1,0,0,0,0,0,44,0.310606,9,5.3333,0.143939,0.136364,0.007576,4,4,0,3.8333,6,0.921227,0.033161,0.305195,0.227273,0.902024,0.872952,0,3,4;14;23;32;38;47,3;3;4;0;3;5,4,0,0,4,1,11.167,7.333,1,18,2,4
103000031,2014-04-04,103000030,SEARCH_1117,PRE_2023,2;9;13;17;18;33,8;24;35;37;41;47,23,0,0,0,0,0,0,0,43,0.234848,8,5.5,0.143939,0.136364,0.007576,4,5,0,3.6667,8,0.912128,0.033451,0.309524,0.190476,0.897285,0.872837,0,2,11;22;31;32;33;35,1;3;1;3;2;5,11,0,1,5,0,6.667,5.167,1,43,3,3
103000032,2014-04-08,103000031,SEARCH_1117,PRE_2023,2;6;9;13;34;38,1;14;17;27;28;45,11,0,0,0,0,0,0,0,42,0.318182,8,6.8333,0.159091,0.151515,0.007576,4,7,0,4.1667,6,0.896705,0.037031,0.344156,0.279221,0.88241,0.858578,0,3,7;14;25;36;40;45,1;3;7;1;0;2,7,1,1,4,1,46.5,13.833,1,27,2,2
103000033,2014-04-11,103000032,SEARCH_1117,PRE_2023,4;9;13;17;34;38,1;3;4;9;12;17,15,3,1,1,1,0,0,0,44,0.242424,6,6.5,0.143939,0.136364,0.007576,6,5,0,4.0,6,0.91885,0.033227,0.32684,0.294372,0.898564,0.870001,0,2,1;2;5;12;45;47,2;0;4;6;0;8,1,0,1,2,2,49.0,8.667,0,24,3,8
103000034,2014-04-15,103000033,SEARCH_1117,PRE_2023,1;9;11;13;17;38,5;8;24;26;35;44,41,0,0,0,0,0,0,0,43,0.234848,6,6.3333,0.159091,0.159091,0.0,6,5,1,4.0,7,0.90724,0.034829,0.333333,0.261905,0.894147,0.866881,0,3,23;24;25;27;28;45,1;1;3;0;2;3,23,0,0,6,1,6.5,8.0,1,30,2,2
103000035,2014-04-18,103000034,SEARCH_1117,PRE_2023,2;9;13;17;31;34,8;9;15;40;44;48,24,1,1,0,0,0,0,0,41,0.272727,7,6.1667,0.136364,0.136364,0.0,3,4,1,3.6667,6,0.899815,0.035588,0.333333,0.277056,0.885913,0.862772,0,2,1;14;21;25;31;49,3;7;2;3;2;0,1,0,0,4,1,46.5,6.667,0,13,2,4
103000036,2014-04-22,103000035,SEARCH_1117,PRE_2023,7;8;9;17;31;38,11;12;15;18;20;37,42,0,0,0,0,0,0,0,44,0.25,7,5.6667,0.159091,0.151515,0.007576,6,4,0,4.0,8,0.906714,0.035016,0.324675,0.266234,0.892517,0.859467,0,3,13;16;18;29;42;45,5;0;3;1;1;2,13,0,0,3,1,9.167,7.333,1,28,2,2
103000037,2014-04-25,103000036,SEARCH_1117,PRE_2023,2;7;9;15;17;31,4;24;34;35;38;46,30,0,0,0,0,0,0,0,41,0.242424,6,6.1667,0.143939,0.136364,0.007576,4,4,0,4.3333,7,0.8982,0.035503,0.331169,0.244589,0.881734,0.862225,0,3,8;12;13;30;38;43,0;8;7;1;6;3,8,1,2,3,1,9.667,46.5,1,47,2,6
103000038,2014-04-29,103000037,SEARCH_1117,PRE_2023,2;9;17;24;25;33,2;9;27;30;44;46,22,2,1,1,0,0,0,0,39,0.257576,7,6.3333,0.143939,0.136364,0.007576,4,3,0,4.6667,7,0.890854,0.036084,0.32684,0.155844,0.888898,0.853417,0,2,1;6;28;36;39;45,4;7;0;1;1;4,1,0,0,4,1,8.833,5.667,0,38,2,3
103000039,2014-05-02,103000038,SEARCH_1117,PRE_2023,2;9;17;20;25;31,1;7;23;25;37;40,12,1,1,0,0,0,0,0,42,0.30303,9,6.1667,0.143939,0.128788,0.015152,6,5,0,4.3333,7,0.901292,0.037012,0.359307,0.201299,0.894865,0.866256,0,2,5;8;11;14;26;30,1;3;2;4;3;3,5,1,2,2,0,5.667,10.833,1,33,2,3
103000040,2014-05-06,103000039,SEARCH_1117,PRE_2023,2;9;10;11;17;37,10;25;35;39;40;46,31,1,1,0,0,0,0,0,45,0.272727,7,5.6667,0.128788,0.128788,0.0,5,4,1,4.3333,8,0.919592,0.034135,0.333333,0.30303,0.902174,0.866809,0,4,2;10;19;26;31;39,6;2;1;4;4;5,2,0,1,3,0,6.5,7.333,1,8,3,8
103000041,2014-05-09,103000040,SEARCH_1117,PRE_2023,2;9;10;17;31;35,1;11;13;21;27;37,3,0,0,0,0,0,0,0,43,0.310606,8,5.3333,0.143939,0.136364,0.007576,4,6,0,3.8333,8,0.905156,0.035325,0.318182,0.190476,0.893388,0.857102,0,3,12;13;19;37;42;44,0;1;3;3;1;3,12,0,1,3,1,5.0,9.0,1,8,2,2
103000042,2014-05-13,103000041,SEARCH_1117,PRE_2023,1;2;9;11;17;33,15;20;29;31;32;44,23,0,0,0,0,0,0,0,40,0.280303,8,5.8333,0.143939,0.143939,0.0,5,4,1,4.3333,7,0.895675,0.036253,0.337662,0.246753,0.893902,0.84951,0,4,7;22;24;31;34;46,2;4;0;4;2;2,7,1,1,5,1,7.333,10.667,1,39,2,2
103000043,2014-05-16,103000042,SEARCH_1117,PRE_2023,3;11;15;17;33;37,14;31;38;41;42;45,29,0,0,0,0,0,0,0,41,0.234848,8,6.3333,0.151515,0.136364,0.015152,5,4,0,4.6667,8,0.904795,0.034491,0.335498,0.279221,0.888608,0.841271,0,2,13;20;22;24;27;40,2;2;2;3;5;1,13,0,0,4,0,8.5,9.333,1,33,2,4
103000044,2014-05-20,103000043,SEARCH_1117,PRE_2023,3;11;12;15;17;33,6;13;30;33;34;35,38,1,1,0,0,0,0,0,41,0.227273,6,6.0,0.174242,0.143939,0.030303,6,4,0,3.8333,6,0.896825,0.035756,0.337662,0.227273,0.887,0.862853,0,3,3;10;18;33;36;47,3;1;0;7;4;1,3,0,1,3,1,10.333,11.333,1,16,2,5
103000045,2014-05-23,103000044,SEARCH_1117,PRE_2023,3;12;15;16;17;37,11;17;22;27;30;46,15,1,1,0,0,0,0,0,43,0.234848,7,5.5,0.151515,0.136364,0.015152,5,4,0,3.8333,7,0.908834,0.03466,0.333333,0.218615,0.894359,0.86976,0,2,2;20;23;32;38;42,1;7;3;1;3;4,2,0,0,4,0,10.167,6.833,1,1,2,4
103000046,2014-05-27,103000045,SEARCH_1117,PRE_2023,11;15;16;17;33;37,10;19;23;26;32;39,16,0,0,0,0,0,0,0,43,0.280303,7,5.6667,0.143939,0.128788,0.015152,4,4,0,4.0,7,0.910854,0.035457,0.352814,0.311688,0.892431,0.852854,0,1,14;27;31;39;47;49,1;2;1;0;0;4,14,0,0,5,2,5.833,8.833,1,1,2,1
103000047,2014-05-30,103000046,SEARCH_1117,PRE_2023,9;11;16;17;20;33,9;17;21;24;30;35,15,2,1,1,0,0,0,0,39,0.25,7,5.8333,0.151515,0.121212,0.030303,7,4,0,3.8333,6,0.897756,0.035447,0.335498,0.231602,0.892352,0.853879,0,2,2;5;12;19;26;41,4;7;0;4;4;5,2,0,1,2,1,7.333,5.333,1,11,3,8
103000048,2014-06-03,103000047,SEARCH_1117,PRE_2023,2;9;11;16;17;30,16;31;32;33;35;44,46,1,1,0,0,0,0,0,44,0.340909,11,7.1667,0.174242,0.166667,0.007576,8,4,0,5.0,8,0.876696,0.042896,0.406926,0.24026,0.883456,0.827384,0,3,5;8;10;18;46;47,6;0;0;4;6;3,5,1,2,2,2,6.667,7.0,1,34,2,5
103000049,2014-06-06,103000048,SEARCH_1117,PRE_2023,3;9;10;17;30;35,25;29;40;41;47;49,48,0,0,0,0,0,0,0,43,0.30303,9,6.6667,0.159091,0.151515,0.007576,7,4,0,4.6667,8,0.880425,0.040554,0.383117,0.24026,0.890909,0.851622,0,3,19;29;32;34;47;49,1;0;5;0;2;5,19,0,0,5,2,4.333,14.667,1,43,3,3
103000050,2014-06-10,103000049,SEARCH_1117,PRE_2023,3;9;10;15;17;30,3;11;28;32;33;35,30,1,1,0,0,0,0,0,42,0.318182,10,6.1667,0.159091,0.159091,0.0,5,6,1,4.3333,8,0.879674,0.040723,0.376623,0.235931,0.887124,0.837379,0,3,2;7;15;33;34;38,6;1;1;3;1;6,2,1,1,3,0,6.333,7.667,1,3,2,3
103000051,2014-06-13,103000050,SEARCH_1117,PRE_2023,4;14;26;30;35;37,4;21;28;32;37;42,16,2,1,1,0,0,0,0,43,0.219697,5,5.6667,0.159091,0.151515,0.007576,5,4,0,4.0,7,0.899363,0.035176,0.313853,0.201299,0.902262,0.867412,0,1,1;2;15;25;26;39,5;1;2;4;7;2,1,0,0,3,0,7.0,6.333,0,20,2,3
103000052,2014-06-17,103000051,SEARCH_1117,PRE_2023,2;10;26;30;32;37,3;6;18;20;25;48,12,0,0,0,0,0,0,0,43,0.212121,8,5.3333,0.151515,0.143939,0.007576,4,4,0,3.8333,6,0.913566,0.032749,0.305195,0.214286,0.892523,0.869283,0,2,23;29;33;42;44;47,0;1;2;2;0;1,23,0,0,6,2,5.5,9.333,1,28,2,1
103000053,2014-06-20,103000052,SEARCH_1117,PRE_2023,2;7;10;14;30;32,12;14;16;33;36;47,48,1,1,0,0,0,0,0,42,0.227273,6,5.8333,0.181818,0.159091,0.022727,5,6,0,4.3333,7,0.899786,0.035766,0.348485,0.264069,0.894445,0.863117,0,3,5;14;16;23;33;37,3;6;3;3;6;3,5,0,0,3,0,9.0,10.5,1,41,3,6
103000054,2014-06-24,103000053,SEARCH_1117,PRE_2023,1;4;5;7;12;35,1;8;12;14;40;41,15,2,1,1,0,0,0,0,46,0.272727,7,5.5,0.151515,0.151515,0.0,4,5,1,3.8333,7,0.913372,0.034744,0.331169,0.294372,0.901426,0.884335,0,5,1;3;13;25;29;37,4;2;7;2;6;2,1,0,0,3,0,9.333,7.333,0,32,2,10
103000055,2014-06-27,103000054,SEARCH_1117,PRE_2023,7;10;12;15;35;40,13;21;27;34;35;36,24,1,1,0,0,0,0,0,43,0.242424,6,6.0,0.143939,0.136364,0.007576,5,3,0,4.5,8,0.902477,0.035297,0.322511,0.188312,0.890896,0.863152,0,3,5;18;25;38;40;49,2;1;1;3;6;0,5,0,0,4,1,7.5,7.167,1,29,2,1
103000056,2014-07-01,103000055,SEARCH_1117,PRE_2023,7;10;12;15;35;40,6;7;8;9;21;48,18,1,1,0,0,0,0,0,43,0.242424,6,5.8333,0.151515,0.128788,0.022727,7,3,0,4.0,8,0.907225,0.03406,0.316017,0.24026,0.897208,0.871318,0,3,2;7;10;28;42;49,1;5;1;3;4;0,2,1,2,3,1,7.667,6.167,1,30,2,2
103000057,2014-07-04,103000056,SEARCH_1117,PRE_2023,2;6;7;8;9;10,3;14;17;24;27;48,28,0,0,0,0,0,0,0,42,0.219697,6,5.0,0.151515,0.151515,0.0,4,7,1,4.0,8,0.896902,0.035663,0.318182,0.222944,0.896243,0.855771,0,6,17;18;22;24;42;43,0;3;3;2;2;1,17,0,0,4,1,5.667,5.167,1,48,3,2
103000058,2014-07-08,103000057,SEARCH_1117,PRE_2023,4;8;9;10;35;40,10;22;25;33;39;47,38,1,1,0,0,0,0,0,44,0.219697,6,5.6667,0.151515,0.136364,0.015152,7,3,0,4.0,8,0.923791,0.031634,0.298701,0.264069,0.908244,0.868569,0,4,5;24;36;39;40;47,4;1;0;3;2;3,5,0,0,5,1,5.0,8.833,1,11,2,2
103000059,2014-07-11,103000058,SEARCH_1117,PRE_2023,2;4;5;9;35;40,1;7;14;15;18;30,33,0,0,0,0,0,0,0,43,0.272727,6,6.1667,0.136364,0.128788,0.007576,6,4,0,4.3333,8,0.898186,0.037246,0.357143,0.25974,0.89482,0.863894,0,4,10;13;20;44;46;47,0;4;2;4;0;0,10,0,1,3,3,11.0,7.667,1,21,1,0
103000060,2014-07-15,103000059,SEARCH_1117,PRE_2023,2;4;5;8;35;40,7;18;23;32;34;48,13,0,0,0,0,0,0,0,44,0.272727,6,5.6667,0.136364,0.136364,0.0,6,8,1,4.0,7,0.909564,0.034951,0.324675,0.274892,0.893167,0.867678,0,4,12;22;36;43;44;48,4;1;3;1;0;1,12,0,1,5,1,12.0,5.5,1,34,2,2
103000061,2014-07-18,103000060,SEARCH_1117,PRE_2023,2;4;5;35;38;40,1;2;15;19;21;30,40,1,1,0,0,0,0,0,44,0.287879,7,6.5,0.159091,0.151515,0.007576,7,4,0,4.3333,6,0.896161,0.038286,0.367965,0.28355,0.891207,0.874117,0,3,2;16;19;25;26;45,0;6;2;2;2;3,2,0,0,3,1,15.167,8.167,1,6,2,1
103000062,2014-07-22,103000061,SEARCH_1117,PRE_2023,1;4;5;30;38;40,3;9;13;17;28;42,14,0,0,0,0,0,0,0,43,0.234848,6,5.5,0.143939,0.136364,0.007576,7,8,0,3.8333,8,0.916097,0.032805,0.311688,0.296537,0.901351,0.875624,0,3,11;19;25;26;44;47,0;2;2;4;0;2,11,0,1,4,2,11.333,7.5,1,13,3,2
103000063,2014-07-25,103000062,SEARCH_1117,PRE_2023,3;4;5;16;30;43,5;21;30;32;35;45,26,2,1,1,0,0,0,0,41,0.242424,6,5.6667,0.143939,0.143939,0.0,5,7,1,3.6667,8,0.899472,0.034679,0.311688,0.212121,0.891992,0.862403,1,3,1;5;9;17;25;47,6;3;6;0;6;6,1,0,1,2,1,15.5,10.667,0,26,3,10
103000064,2014-07-29,103000063,SEARCH_1117,PRE_2023,4;16;30;32;38;43,31;32;34;36;44;47,46,1,1,0,0,0,0,0,43,0.234848,9,6.5,0.143939,0.143939,0.0,5,7,1,4.3333,8,0.912211,0.032899,0.294372,0.248918,0.883726,0.8576,1,1,4;18;31;32;34;48,1;6;0;1;2;8,4,0,0,4,1,14.5,8.667,1,27,2,7
103000065,2014-08-01,103000064,SEARCH_1117,PRE_2023,4;9;16;21;30;32,5;8;21;23;32;45,18,2,1,1,0,0,0,0,44,0.25,6,6.1667,0.143939,0.136364,0.007576,5,3,0,4.1667,8,0.902605,0.036038,0.339827,0.298701,0.887688,0.857084,0,2,3;4;16;31;33;40,2;1;7;1;7;1,3,0,0,3,0,5.667,3.5,1,14,2,5
103000066,2014-08-05,103000065,SEARCH_1117,PRE_2023,4;8;9;21;30;32,4;11;26;33;40;42,34,1,1,0,0,0,0,0,42,0.265152,7,6.6667,0.174242,0.159091,0.015152,7,9,0,4.3333,8,0.877852,0.039729,0.367965,0.28355,0.869523,0.849918,0,3,2;13;20;26;29;40,6;1;1;1;5;2,2,0,0,3,0,4.167,12.5,1,37,2,2
103000067,2014-08-08,103000066,SEARCH_1117,PRE_2023,4;8;16;30;32;35,26;31;32;38;42;45,37,1,1,0,0,0,0,0,43,0.25,6,7.0,0.166667,0.159091,0.007576,9,4,0,4.3333,7,0.893536,0.037593,0.354978,0.229437,0.87546,0.861303,0,2,2;15;18;27;28;37,2;2;9;4;1;2,2,0,0,3,0,4.5,5.5,1,31,3,4
103000068,2014-08-12,103000067,SEARCH_1117,PRE_2023,8;10;16;30;32;35,4;6;10;12;34;45,44,1,1,0,0,0,0,0,41,0.25,6,7.5,0.181818,0.159091,0.022727,9,4,0,4.6667,7,0.875777,0.040367,0.378788,0.285714,0.864738,0.835867,0,2,1;16;17;23;34;40,2;1;6;2;1;2,1,0,0,3,0,6.5,7.167,0,33,2,3
103000069,2014-08-15,103000068,SEARCH_1117,PRE_2023,9;16;21;30;32;35,18;23;29;46;47;48,5,0,0,0,0,0,0,0,41,0.219697,6,6.6667,0.143939,0.143939,0.0,5,8,1,4.3333,7,0.894273,0.035934,0.331169,0.272727,0.883681,0.860857,0,1,11;24;27;38;39;44,5;0;2;2;5;2,11,0,1,5,1,6.833,11.833,1,43,2,3
103000070,2014-08-19,103000069,SEARCH_1117,PRE_2023,2;16;18;30;32;35,6;7;9;12;14;19,17,0,0,0,0,0,0,0,40,0.272727,10,7.1667,0.181818,0.174242,0.007576,9,4,0,4.3333,7,0.875094,0.040123,0.363636,0.225108,0.86176,0.85153,0,1,7;9;15;32;40;42,1;4;4;0;1;3,7,1,2,3,1,7.333,7.0,1,13,3,1
103000071,2014-08-22,103000070,SEARCH_1117,PRE_2023,1;2;6;16;18;32,8;16;23;30;31;43,18,1,1,0,0,0,0,0,41,0.219697,5,5.6667,0.189394,0.174242,0.015152,7,8,0,3.6667,8,0.880997,0.038446,0.34632,0.231602,0.873698,0.852062,0,3,4;9;10;27;43;45,1;6;0;6;0;9,4,0,2,3,2,7.5,14.167,1,3,2,6
103000072,2014-08-26,103000071,SEARCH_1117,PRE_2023,2;8;9;17;30;32,1;17;19;23;32;43,9,2,1,1,0,0,0,0,43,0.272727,7,6.1667,0.143939,0.136364,0.007576,5,4,0,4.1667,8,0.898895,0.036366,0.339827,0.201299,0.885145,0.856932,0,3,5;6;16;22;30;38,1;5;1;2;8;5,5,0,0,3,0,5.0,5.0,1,4,2,4
103000073,2014-08-29,103000072,SEARCH_1117,PRE_2023,2;5;9;20;30;32,9;10;21;23;38;39,35,1,1,0,0,0,0,0,41,0.212121,9,5.8333,0.166667,0.159091,0.007576,5,9,0,4.1667,8,0.894719,0.035831,0.32684,0.218615,0.884372,0.841404,0,3,3;9;11;13;46;47,5;4;4;4;0;0,3,0,2,2,2,7.833,6.333,1,7,3,2
103000074,2014-09-02,103000073,SEARCH_1117,PRE_2023,2;5;9;21;23;32,7;8;36;39;42;43,22,0,0,0,0,0,0,0,41,0.287879,7,6.3333,0.159091,0.159091,0.0,4,8,1,4.0,7,0.881614,0.039289,0.365801,0.220779,0.878346,0.846771,0,3,11;21;22;23;29;47,2;3;2;0;2;3,11,0,1,5,1,4.5,4.5,1,18,2,2
103000075,2014-09-05,103000074,SEARCH_1117,PRE_2023,2;5;8;9;23;32,10;16;25;27;32;36,45,1,1,0,0,0,0,0,39,0.265152,7,6.8333,0.189394,0.159091,0.030303,5,5,0,3.6667,7,0.873313,0.040076,0.374459,0.214286,0.873514,0.862147,0,4,5;12;18;27;31;42,2;5;0;2;10;2,5,0,1,3,1,5.333,7.5,1,35,2,3
103000076,2014-09-09,103000075,SEARCH_1117,PRE_2023,2;8;9;10;23;32,21;23;29;41;42;49,14,1,1,0,0,0,0,0,41,0.265152,7,6.1667,0.166667,0.151515,0.015152,4,5,0,3.5,8,0.886253,0.037883,0.354978,0.190476,0.88235,0.864325,0,4,3;13;16;27;39;45,5;8;0;1;3;7,3,0,0,3,1,4.167,10.667,1,34,2,6
103000077,2014-09-12,103000076,SEARCH_1117,PRE_2023,2;8;20;21;23;32,2;23;27;31;36;49,15,2,1,1,0,0,0,0,39,0.310606,10,7.3333,0.151515,0.143939,0.007576,7,6,0,4.3333,6,0.866965,0.042747,0.398268,0.235931,0.868651,0.848569,0,2,2;3;31;34;36;43,6;10;1;0;2;4,2,0,0,4,1,8.0,4.667,1,13,2,4
103000078,2014-09-16,103000077,SEARCH_1117,PRE_2023,2;9;20;21;23;32,7;12;16;18;19;41,45,0,0,0,0,0,0,0,39,0.280303,9,7.5,0.166667,0.166667,0.0,6,4,1,4.3333,7,0.865871,0.042034,0.385281,0.199134,0.869275,0.856189,0,2,16;18;24;29;35;41,2;0;3;3;1;1,16,0,0,4,1,6.333,5.333,1,36,3,2
103000079,2014-09-19,103000078,SEARCH_1117,PRE_2023,5;9;20;21;23;32,2;6;17;29;32;39,4,1,1,0,0,0,0,0,44,0.363636,9,7.8333,0.166667,0.136364,0.030303,4,4,0,4.0,7,0.88267,0.042784,0.41342,0.335498,0.866607,0.881218,0,2,5;9;12;25;34;35,2;1;3;1;10;1,5,0,2,3,0,9.333,5.0,1,24,2,3
103000080,2014-09-23,103000079,SEARCH_1117,PRE_2023,2;9;17;21;23;32,2;11;20;28;32;38,16,2,1,1,0,0,0,0,42,0.25,9,7.0,0.174242,0.159091,0.015152,5,4,0,4.1667,8,0.882536,0.039233,0.367965,0.24026,0.87605,0.872032,0,2,2;4;9;29;40;46,5;1;6;1;11;0,2,0,1,3,1,2.833,11.5,1,20,2,4
103000081,2014-09-26,103000080,SEARCH_1117,PRE_2023,1;9;13;21;23;32,8;15;19;22;29;37,39,0,0,0,0,0,0,0,41,0.257576,9,7.5,0.181818,0.174242,0.007576,5,4,0,4.8333,8,0.874421,0.040638,0.378788,0.218615,0.86652,0.841973,0,2,10;11;14;36;43;46,3;4;0;5;0;3,10,0,2,3,2,7.667,14.167,1,37,3,2
103000082,2014-09-30,103000081,SEARCH_1117,PRE_2023,1;5;8;9;17;21,18;35;36;41;47;49,15,0,0,0,0,0,0,0,37,0.287879,8,7.0,0.204545,0.189394,0.015152,5,6,0,4.5,7,0.849063,0.04507,0.404762,0.19697,0.856714,0.837207,0,4,17;33;35;36;37;46,1;6;0;1;1;4,17,0,0,5,1,7.667,8.333,1,13,2,1
103000083,2014-10-03,103000082,SEARCH_1117,PRE_2023,5;9;13;21;23;32,10;14;19;24;35;37,39,0,0,0,0,0,0,0,39,0.340909,9,7.6667,0.166667,0.159091,0.007576,5,5,0,4.1667,7,0.856345,0.044143,0.391775,0.188312,0.846369,0.844825,0,2,9;12;13;22;23;39,4;2;1;7;9;1,9,0,2,3,0,10.833,8.667,1,47,2,5
103000084,2014-10-07,103000083,SEARCH_1117,PRE_2023,3;5;8;21;23;32,17;18;40;41;45;47,29,0,0,0,0,0,0,0,41,0.356061,11,7.8333,0.159091,0.151515,0.007576,5,4,0,4.6667,8,0.852022,0.046523,0.419913,0.231602,0.855675,0.838541,0,3,8;15;29;32;36;37,4;2;1;2;1;1,8,1,1,4,0,10.5,7.5,1,24,2,1
103000085,2014-10-10,103000084,SEARCH_1117,PRE_2023,3;5;18;21;23;32,1;11;19;24;26;28,33,0,0,0,0,0,0,0,40,0.265152,6,7.1667,0.159091,0.151515,0.007576,5,4,0,5.1667,8,0.87804,0.039673,0.378788,0.251082,0.881616,0.824665,0,2,11;21;32;42;44;46,2;0;1;0;4;0,11,0,1,5,3,11.0,7.5,1,37,1,0
103000086,2014-10-14,103000085,SEARCH_1117,PRE_2023,3;4;18;21;23;32,9;10;14;20;36;47,8,0,0,0,0,0,0,0,38,0.265152,6,7.5,0.19697,0.19697,0.0,5,6,1,5.3333,8,0.863814,0.042063,0.396104,0.201299,0.869399,0.810069,0,2,12;16;22;25;29;42,3;3;2;0;2;4,12,0,1,4,1,11.5,5.167,1,34,4,2
103000087,2014-10-17,103000086,SEARCH_1117,PRE_2023,3;4;5;10;23;32,2;11;20;32;33;36,39,1,1,0,0,0,0,0,37,0.318182,7,7.0,0.19697,0.189394,0.007576,6,7,0,5.0,8,0.859913,0.042512,0.387446,0.207792,0.87129,0.811302,0,4,3;28;36;38;40;43,0;0;0;8;1;3,3,0,0,5,3,14.0,6.5,1,48,2,1
103000088,2014-10-21,103000087,SEARCH_1117,PRE_2023,2;3;4;5;23;32,14;28;31;38;42;44,45,0,0,0,0,0,0,0,40,0.287879,11,6.8333,0.189394,0.159091,0.030303,6,5,0,4.5,8,0.871137,0.041969,0.398268,0.203463,0.870954,0.816946,0,4,13;26;27;28;46;47,1;0;0;3;1;3,13,0,0,5,2,13.667,10.0,1,37,2,1
103000089,2014-10-24,103000088,SEARCH_1117,PRE_2023,3;4;5;14;23;32,1;17;20;36;37;45,15,0,0,0,0,0,0,0,41,0.272727,6,7.1667,0.219697,0.181818,0.037879,8,6,0,4.8333,8,0.865054,0.043337,0.417749,0.235931,0.868267,0.829435,0,3,8;13;16;26;37;42,0;3;1;8;3;1,8,1,1,3,1,14.5,4.0,1,44,2,1
103000090,2014-10-28,103000089,SEARCH_1117,PRE_2023,3;4;5;14;21;32,5;16;25;32;37;44,21,2,1,1,0,0,0,0,41,0.265152,6,6.5,0.189394,0.151515,0.037879,5,10,0,4.3333,8,0.875454,0.040779,0.391775,0.177489,0.878237,0.815917,0,3,2;4;12;17;28;35,7;2;1;9;2;3,2,0,1,2,0,15.667,9.667,1,5,3,3
103000091,2014-10-31,103000090,SEARCH_1117,PRE_2023,3;4;5;14;21;32,2;8;10;14;27;49,20,1,1,0,0,0,0,0,42,0.318182,7,7.0,0.204545,0.151515,0.05303,5,7,0,4.6667,8,0.86645,0.044077,0.428571,0.24026,0.877793,0.840625,0,3,6;13;19;42;46;49,2;2;0;5;0;1,6,0,0,3,2,12.0,7.5,1,10,1,0
103000092,2014-11-04,103000091,SEARCH_1117,PRE_2023,2;3;4;13;14;32,3;20;30;35;38;41,47,1,1,0,0,0,0,0,42,0.25,6,6.0,0.174242,0.166667,0.007576,4,6,0,4.3333,8,0.892495,0.037284,0.352814,0.235931,0.887337,0.845624,0,3,6;12;25;30;36;48,4;2;0;3;3;2,6,0,1,4,1,14.667,12.5,1,37,2,3
103000093,2014-11-07,103000092,SEARCH_1117,PRE_2023,3;4;5;13;14;32,11;19;25;27;40;49,33,0,0,0,0,0,0,0,40,0.310606,7,5.8333,0.136364,0.136364,0.0,3,6,1,3.8333,8,0.889035,0.03824,0.365801,0.179654,0.886117,0.843697,0,3,10;15;38;43;44;46,0;4;0;0;4;3,10,0,1,4,3,10.833,5.0,1,39,2,3
103000094,2014-11-11,103000093,SEARCH_1117,PRE_2023,4;5;11;13;19;32,5;11;18;23;36;43,14,2,1,1,0,0,0,0,46,0.318182,7,6.1667,0.159091,0.143939,0.015152,4,6,0,4.3333,8,0.899615,0.038108,0.365801,0.272727,0.895634,0.858384,0,3,5;6;7;10;14;18,4;5;3;6;8;3,5,1,2,0,0,11.333,9.5,1,9,3,10
103000095,2014-11-14,103000094,SEARCH_1117,PRE_2023,4;5;11;13;19;23,15;16;29;34;41;44,49,0,0,0,0,0,0,0,43,0.318182,7,6.1667,0.174242,0.174242,0.0,6,5,1,4.5,8,0.880498,0.040423,0.363636,0.238095,0.880581,0.836164,0,3,14;20;22;33;35;48,4;1;0;3;3;1,14,0,0,4,1,10.833,11.333,1,40,2,1
103000096,2014-11-18,103000095,SEARCH_1117,PRE_2023,4;13;14;19;22;23,11;12;20;26;28;43,6,0,0,0,0,0,0,0,44,0.348485,8,6.6667,0.174242,0.143939,0.030303,7,6,0,4.3333,8,0.897328,0.038811,0.372294,0.372294,0.885012,0.863854,0,1,11;20;28;41;42;46,3;0;2;1;1;2,11,0,1,4,1,14.5,7.5,1,30,2,3
103000097,2014-11-21,103000096,SEARCH_1117,PRE_2023,4;5;11;13;14;21,2;3;22;26;32;34,40,0,0,0,0,0,0,0,45,0.310606,7,5.8333,0.174242,0.174242,0.0,6,7,1,4.0,7,0.899923,0.038108,0.361472,0.335498,0.88986,0.8667,0,3,7;13;14;24;40;49,1;2;5;1;7;0,7,1,1,3,1,15.833,6.167,1,21,2,2
103000098,2014-11-25,103000097,SEARCH_1117,PRE_2023,2;4;11;13;14;23,1;15;16;32;44;48,40,0,0,0,0,0,0,0,42,0.257576,6,5.5,0.166667,0.143939,0.022727,6,6,0,3.8333,7,0.894267,0.036412,0.335498,0.231602,0.888615,0.854495,0,3,7;11;27;31;34;41,1;1;3;6;1;2,7,1,2,4,0,13.333,8.0,1,25,2,1
103000099,2014-11-28,103000098,SEARCH_1117,PRE_2023,4;11;13;14;32;36,1;10;21;35;40;44,36,0,0,0,0,0,0,0,42,0.265152,6,6.6667,0.159091,0.159091,0.0,5,6,1,4.6667,8,0.892266,0.037115,0.352814,0.266234,0.887258,0.838679,0,2,12;27;28;33;38;43,2;0;3;1;2;2,12,0,1,5,1,14.167,7.667,1,4,1,0
103000100,2014-12-02,103000099,SEARCH_1117,PRE_2023,1;4;11;13;32;36,9;11;13;23;26;42,47,2,1,1,0,0,0,0,41,0.356061,8,7.6667,0.181818,0.174242,0.007576,10,6,0,4.6667,8,0.86315,0.044246,0.396104,0.253247,0.86215,0.836082,0,3,4;5;12;17;19;38,2;6;7;6;1;2,4,0,1,1,0,13.833,12.833,1,39,2,5
103000101,2014-12-05,103000100,SEARCH_1117,PRE_2023,4;8;11;20;23;32,11;18;30;34;37;47,17,1,1,0,0,0,0,0,41,0.318182,7,6.5,0.143939,0.143939,0.0,5,5,1,4.1667,8,0.885538,0.038389,0.34632,0.212121,0.882605,0.851201,0,3,4;20;33;35;38;45,6;2;1;1;0;2,4,0,0,4,1,8.833,7.833,1,36,1,0
103000102,2014-12-09,103000101,SEARCH_1117,PRE_2023,2;4;11;18;23;32,7;9;23;33;41;43,24,1,1,0,0,0,0,0,41,0.416667,11,7.5,0.136364,0.128788,0.007576,3,4,0,4.3333,8,0.870953,0.044967,0.409091,0.246753,0.862077,0.851678,0,3,5;13;30;31;36;49,3;1;8;3;0;1,5,0,0,4,1,7.833,9.333,1,15,2,1
103000103,2014-12-12,103000102,SEARCH_1117,PRE_2023,4;11;13;23;32;36,7;8;24;29;32;48,37,1,1,0,0,0,0,0,40,0.378788,10,8.0,0.143939,0.136364,0.007576,5,3,0,4.8333,8,0.861967,0.045848,0.422078,0.207792,0.860602,0.840268,0,2,4;10;16;31;35;49,3;1;5;1;8;0,4,0,1,3,1,9.167,8.167,1,46,2,1
103000104,2014-12-16,103000103,SEARCH_1117,PRE_2023,3;4;5;11;23;32,17;28;32;34;35;45,8,1,1,0,0,0,0,0,40,0.371212,10,7.3333,0.174242,0.151515,0.022727,4,4,0,4.3333,8,0.850623,0.047788,0.439394,0.168831,0.866249,0.846739,0,4,3;16;22;26;37;45,3;0;10;2;1;3,3,0,0,4,1,9.833,7.833,1,18,3,3
103000105,2014-12-19,103000104,SEARCH_1117,PRE_2023,2;4;6;11;23;32,1;9;24;32;41;49,40,1,1,0,0,0,0,0,44,0.318182,10,7.1667,0.136364,0.136364,0.0,3,3,1,4.5,8,0.863874,0.045708,0.419913,0.209957,0.871466,0.8565,0,4,4;27;39;40;44;45,1;1;0;11;2;1,4,0,0,5,1,13.167,4.5,1,38,2,3
103000106,2014-12-23,103000105,SEARCH_1117,PRE_2023,1;4;6;7;11;32,3;27;30;31;32;39,35,1,1,0,0,0,0,0,44,0.386364,9,7.3333,0.166667,0.143939,0.022727,5,5,0,4.8333,8,0.865487,0.046195,0.428571,0.21645,0.875668,0.838924,0,5,4;8;23;33;34;48,3;1;0;1;10;3,4,1,1,4,1,12.5,12.167,1,18,2,1
103000107,2014-12-26,103000106,SEARCH_1117,PRE_2023,1;2;4;6;11;32,9;27;32;42;45;49,30,1,1,0,0,0,0,0,37,0.325758,8,7.3333,0.19697,0.166667,0.030303,5,5,0,4.3333,8,0.845376,0.046944,0.435065,0.127706,0.861399,0.835274,0,5,3;8;20;21;34;37,4;3;10;2;1;2,3,1,1,3,0,14.333,2.667,1,31,3,5
103000108,2014-12-30,103000107,SEARCH_1117,PRE_2023,1;4;6;9;11;32,7;30;32;44;48;49,45,1,1,0,0,0,0,0,43,0.280303,7,7.5,0.159091,0.121212,0.037879,5,4,0,4.5,7,0.877457,0.042737,0.419913,0.24026,0.876325,0.85053,0,5,5;27;29;34;38;49,1;2;11;1;0;3,5,0,0,5,1,13.5,3.833,1,37,2,3
104000001,2015-01-02,103000108,SEARCH_1117,PRE_2023,1;4;7;9;11;32,13;22;23;29;31;48,6,0,0,0,0,0,0,0,43,0.30303,11,7.3333,0.204545,0.181818,0.022727,7,6,0,4.3333,7,0.863257,0.046167,0.439394,0.25974,0.871927,0.841101,0,5,7;10;14;37;47;49,4;3;6;0;1;0,7,1,2,3,2,9.5,6.333,1,8,2,3
104000002,2015-01-06,104000001,SEARCH_1117,PRE_2023,4;7;9;11;23;32,11;16;29;30;37;43,13,1,1,0,0,0,0,0,41,0.348485,10,7.8333,0.212121,0.174242,0.037879,5,5,0,4.6667,7,0.857883,0.047797,0.454545,0.25974,0.866792,0.835901,0,4,4;11;30;32;36;47,7;1;2;4;0;1,4,0,1,4,1,9.833,6.833,1,8,2,2
104000003,2015-01-09,104000002,SEARCH_1117,PRE_2023,4;9;11;23;29;32,7;8;18;21;23;24,11,1,1,0,0,0,0,0,40,0.310606,9,7.5,0.174242,0.166667,0.007576,6,5,0,4.6667,7,0.863594,0.044236,0.415584,0.30303,0.869579,0.840587,0,3,5;13;14;18;43;44,2;2;3;0;6;0,5,0,0,2,2,9.0,6.833,1,1,2,3
104000004,2015-01-13,104000003,SEARCH_1117,PRE_2023,4;6;7;9;23;32,2;14;16;22;37;46,49,0,0,0,0,0,0,0,44,0.30303,7,7.5,0.212121,0.159091,0.05303,6,5,0,4.5,8,0.874304,0.044405,0.441558,0.233766,0.879498,0.856401,0,4,9;12;16;24;27;41,2;3;3;3;1;6,9,0,2,3,0,14.667,14.333,1,40,2,5
104000005,2015-01-16,104000004,SEARCH_1117,PRE_2023,4;6;7;11;23;32,2;17;28;32;38;46,49,1,1,0,0,0,0,0,44,0.265152,8,7.0,0.19697,0.174242,0.022727,6,4,0,4.3333,8,0.879582,0.041585,0.404762,0.25974,0.88042,0.846189,0,4,4;7;27;36;37;41,4;2;1;10;2;3,4,1,1,4,0,15.167,7.667,1,38,4,3
104000006,2015-01-20,104000005,SEARCH_1117,PRE_2023,2;3;4;6;23;32,9;24;28;35;45;47,48,0,0,0,0,0,0,0,44,0.257576,6,7.1667,0.212121,0.174242,0.037879,7,5,0,5.0,8,0.87726,0.042456,0.406926,0.266234,0.87982,0.846489,0,4,13;25;32;40;41;47,3;0;2;1;1;2,13,0,0,5,1,15.667,6.833,1,49,2,2
104000007,2015-01-23,104000006,SEARCH_1117,PRE_2023,1;4;6;9;11;23,8;16;20;38;39;42,29,0,0,0,0,0,0,0,41,0.318182,10,7.1667,0.181818,0.174242,0.007576,4,4,0,4.5,8,0.864343,0.044386,0.411255,0.227273,0.871434,0.848077,0,5,12;20;26;42;45;46,0;3;2;0;0;1,12,0,1,4,3,17.167,7.5,1,30,1,0
104000008,2015-01-27,104000007,SEARCH_1117,PRE_2023,3;4;5;6;9;16,4;9;15;21;27;45,6,2,1,1,0,0,0,0,41,0.272727,9,6.5,0.19697,0.181818,0.015152,6,9,0,4.5,8,0.87498,0.041163,0.391775,0.207792,0.886342,0.848543,0,5,2;6;12;26;37;43,6;6;4;0;3;1,2,0,1,3,1,20.0,14.0,1,5,2,4
104000009,2015-01-30,104000008,SEARCH_1117,PRE_2023,4;5;6;9;13;32,3;14;24;35;39;44,28,0,0,0,0,0,0,0,40,0.272727,8,7.1667,0.181818,0.151515,0.030303,5,5,0,4.6667,8,0.868826,0.041922,0.391775,0.201299,0.877397,0.834736,0,4,9;14;16;30;38;47,3;1;3;1;0;6,9,0,1,3,1,12.5,5.5,1,18,2,1
104000010,2015-02-03,104000009,SEARCH_1117,PRE_2023,5;6;9;11;23;32,5;13;15;16;18;30,8,1,1,0,0,0,0,0,41,0.257576,7,7.1667,0.19697,0.166667,0.030303,8,6,0,4.8333,8,0.871242,0.041538,0.398268,0.244589,0.885583,0.842411,0,4,3;7;10;39;43;46,6;4;0;6;1;0,3,1,2,3,2,14.167,8.833,1,19,2,3
104000011,2015-02-06,104000010,SEARCH_1117,PRE_2023,4;5;6;9;11;16,5;11;29;36;42;46,48,2,1,1,0,0,0,0,40,0.30303,9,6.1667,0.166667,0.143939,0.022727,4,6,0,3.6667,7,0.8828,0.039729,0.378788,0.188312,0.887097,0.843432,0,5,1;6;12;22;28;48,4;9;3;4;1;0,1,0,1,3,1,9.5,9.0,0,49,3,3
104000012,2015-02-10,104000011,SEARCH_1117,PRE_2023,6;9;11;16;23;32,14;15;26;29;35;44,9,0,0,0,0,0,0,0,44,0.325758,9,8.0,0.19697,0.159091,0.037879,6,4,0,5.0,8,0.873747,0.043777,0.419913,0.270563,0.87036,0.849791,0,3,21;25;27;28;35;39,2;1;1;2;2;1,21,0,0,6,0,10.667,5.333,1,1,2,2
104000013,2015-02-13,104000012,SEARCH_1117,PRE_2023,4;6;11;16;23;32,1;9;15;25;29;35,38,0,0,0,0,0,0,0,42,0.333333,9,6.6667,0.159091,0.143939,0.015152,4,5,0,4.0,8,0.876338,0.042091,0.396104,0.207792,0.887007,0.862087,0,3,11;12;18;27;29;33,1;1;4;4;5;2,11,0,2,3,0,11.667,8.667,1,48,3,2
104000014,2015-02-17,104000013,SEARCH_1117,PRE_2023,6;9;11;13;29;32,3;11;15;23;40;46,13,1,1,0,0,0,0,0,39,0.416667,11,7.0,0.143939,0.143939,0.0,4,5,1,4.5,8,0.860954,0.044958,0.387446,0.214286,0.868308,0.825112,0,3,6;10;11;29;40;48,0;4;4;6;5;0,6,0,2,3,2,10.167,7.667,1,4,2,3
104000015,2015-02-18,104000014,SEARCH_1117,PRE_2023,6;9;11;15;29;32,3;6;15;16;27;31,14,2,1,1,0,0,0,0,44,0.340909,9,7.1667,0.143939,0.136364,0.007576,5,3,0,4.3333,8,0.885173,0.041191,0.383117,0.244589,0.880077,0.852449,0,3,3;6;11;19;20;34,2;6;5;4;1;3,3,0,1,1,0,10.0,12.0,1,18,3,4
104000016,2015-02-19,104000015,SEARCH_1117,PRE_2023,4;9;11;12;15;16,7;25;27;31;40;49,11,0,0,0,0,0,0,0,41,0.287879,9,6.6667,0.19697,0.19697,0.0,7,7,1,4.1667,7,0.857616,0.044321,0.398268,0.227273,0.871357,0.843658,0,4,23;24;30;41;45;49,1;1;2;0;0;1,23,0,0,6,2,7.167,6.0,1,2,1,0
104000017,2015-02-20,104000016,SEARCH_1117,PRE_2023,11;12;15;16;27;32,5;9;10;28;29;45,41,0,0,0,0,0,0,0,42,0.25,6,7.0,0.166667,0.159091,0.007576,8,4,0,4.3333,7,0.883896,0.03838,0.354978,0.298701,0.879807,0.850573,0,2,7;8;17;19;35;45,2;4;2;0;8;1,7,2,2,2,1,8.167,10.0,1,28,2,2
104000018,2015-02-21,104000017,SEARCH_1117,PRE_2023,4;9;11;15;29;32,2;5;11;17;27;40,20,1,1,0,0,0,0,0,41,0.310606,8,7.5,0.19697,0.181818,0.015152,7,4,0,4.8333,8,0.859136,0.044649,0.404762,0.207792,0.87673,0.840933,0,3,3;11;23;24;28;49,1;3;7;2;2;0,3,0,1,4,1,5.333,5.833,1,46,2,3
104000019,2015-02-22,104000018,SEARCH_1117,PRE_2023,2;4;5;9;11;12,3;6;12;34;37;43,28,1,1,0,0,0,0,0,43,0.333333,8,6.0,0.159091,0.151515,0.007576,4,5,0,4.0,7,0.884229,0.041097,0.378788,0.270563,0.887974,0.862117,0,6,3;9;12;22;23;38,2;4;7;1;2;2,3,0,2,3,0,7.833,15.667,1,21,2,6
104000020,2015-02-23,104000019,SEARCH_1117,PRE_2023,3;4;9;11;13;15,14;20;21;32;38;43,23,0,0,0,0,0,0,0,43,0.310606,8,6.6667,0.174242,0.151515,0.022727,7,4,0,4.3333,8,0.871006,0.042644,0.38961,0.214286,0.871207,0.853307,0,4,10;15;28;29;30;33,1;1;5;7;1;1,10,0,1,4,0,5.5,10.333,1,45,2,2
104000021,2015-02-24,104000020,SEARCH_1117,PRE_2023,3;4;9;11;15;32,3;28;39;41;46;48,9,1,1,0,0,0,0,0,41,0.295455,8,6.8333,0.181818,0.174242,0.007576,9,8,0,4.3333,7,0.875999,0.040985,0.383117,0.253247,0.868005,0.843464,0,4,3;24;38;39;40;49,5;1;0;1;1;2,3,0,0,5,1,4.833,11.5,1,1,2,2
104000022,2015-02-27,104000021,SEARCH_1117,PRE_2023,3;4;9;11;15;28,2;6;27;34;38;43,45,0,0,0,0,0,0,0,40,0.30303,7,6.5,0.174242,0.151515,0.022727,7,4,0,4.1667,8,0.865912,0.042765,0.402597,0.24026,0.877208,0.857947,0,4,7;16;17;22;27;45,2;4;4;0;1;3,7,1,1,3,1,5.333,3.0,1,31,2,3
104000023,2015-03-03,104000022,SEARCH_1117,PRE_2023,2;3;4;6;11;15,4;6;11;41;43;46,21,3,1,1,1,0,0,0,40,0.310606,7,6.6667,0.189394,0.181818,0.007576,6,5,0,4.5,8,0.847688,0.046354,0.422078,0.175325,0.869796,0.838724,0,5,1;4;6;22;48;49,7;7;6;0;4;0,1,0,0,3,2,5.333,4.333,0,43,2,5
104000024,2015-03-06,104000023,SEARCH_1117,PRE_2023,3;4;9;11;13;27,6;21;22;35;37;44,29,0,0,0,0,0,0,0,43,0.356061,11,6.8333,0.166667,0.159091,0.007576,5,6,0,4.3333,7,0.872453,0.042868,0.391775,0.231602,0.863966,0.841633,0,4,8;12;13;22;32;34,4;1;6;5;2;1,8,1,2,3,0,4.667,8.833,1,19,2,1
104000025,2015-03-10,104000024,SEARCH_1117,PRE_2023,6;9;11;13;27;32,3;11;25;34;46;47,42,1,1,0,0,0,0,0,40,0.310606,9,7.8333,0.181818,0.159091,0.022727,7,4,0,4.8333,7,0.856418,0.04448,0.411255,0.231602,0.857,0.82938,0,3,1;8;31;36;38;46,3;9;0;2;1;3,1,1,1,4,1,5.667,6.5,0,24,3,3
104000026,2015-03-13,104000025,SEARCH_1117,PRE_2023,3;4;8;9;11;32,6;9;14;16;22;33,11,1,1,0,0,0,0,0,40,0.454545,11,7.1667,0.181818,0.143939,0.037879,4,7,0,4.5,8,0.845675,0.050692,0.437229,0.220779,0.850597,0.817176,0,5,4;8;19;20;26;32,4;6;1;2;1;6,4,1,1,2,0,6.5,10.333,1,2,2,2
104000027,2015-03-17,104000026,SEARCH_1117,PRE_2023,3;6;8;9;11;12,5;32;36;40;42;49,1,0,0,0,0,0,0,0,40,0.318182,7,6.3333,0.159091,0.151515,0.007576,5,6,0,4.0,8,0.862583,0.044152,0.406926,0.183983,0.873874,0.844673,0,6,11;23;25;26;31;39,1;5;1;2;1;2,11,0,1,5,0,5.667,11.333,1,12,3,2
104000028,2015-03-20,104000027,SEARCH_1117,PRE_2023,3;8;9;11;13;32,4;7;9;13;29;46,8,2,1,1,0,0,0,0,40,0.325758,10,7.1667,0.151515,0.143939,0.007576,6,8,0,4.3333,7,0.866047,0.043515,0.396104,0.170996,0.872469,0.851472,0,4,4;6;9;26;31;33,3;1;6;6;1;4,4,0,1,3,0,8.0,8.5,1,3,2,5
104000029,2015-03-24,104000028,SEARCH_1117,PRE_2023,3;4;8;9;10;11,3;4;6;9;17;24,28,3,1,1,1,0,0,0,39,0.363636,8,6.1667,0.159091,0.151515,0.007576,4,7,0,4.0,8,0.862329,0.044293,0.398268,0.158009,0.879551,0.845228,0,6,1;3;5;11;21;42,4;8;3;7;0;3,1,0,1,2,1,7.333,6.667,0,29,3,5
104000030,2015-03-27,104000029,SEARCH_1117,PRE_2023,3;6;8;9;11;32,12;13;15;18;24;36,39,0,0,0,0,0,0,0,38,0.507576,12,7.8333,0.181818,0.143939,0.037879,6,7,0,4.8333,8,0.835302,0.053691,0.452381,0.170996,0.862295,0.828001,0,5,11;13;15;37;40;43,3;0;4;3;0;1,11,0,1,3,2,5.667,8.667,1,47,2,3
104000031,2015-03-31,104000030,SEARCH_1117,PRE_2023,3;8;9;10;11;15,2;4;13;25;32;43,15,0,0,0,0,0,0,0,43,0.340909,8,7.0,0.189394,0.181818,0.007576,8,4,0,4.6667,8,0.868093,0.044518,0.415584,0.251082,0.885514,0.846088,0,5,10;13;15;18;21;47,2;2;2;0;5;2,10,0,1,2,1,8.167,5.0,1,6,2,1
104000032,2015-04-03,104000031,SEARCH_1117,PRE_2023,1;2;3;8;9;11,13;32;36;40;42;43,41,0,0,0,0,0,0,0,40,0.295455,9,6.1667,0.181818,0.166667,0.015152,4,5,0,4.0,8,0.859509,0.043777,0.404762,0.190476,0.884665,0.847867,0,6,8;9;18;25;37;47,5;7;2;0;1;4,8,1,2,3,1,9.667,2.5,1,48,2,5
104000033,2015-04-07,104000032,SEARCH_1117,PRE_2023,1;3;8;9;11;32,11;17;19;33;45;47,4,1,1,0,0,0,0,0,42,0.295455,7,6.5,0.166667,0.151515,0.015152,4,6,0,4.5,8,0.870724,0.042241,0.38961,0.207792,0.87637,0.833095,0,5,2;7;14;17;21;36,8;3;6;5;1;7,2,1,1,2,0,10.5,15.167,1,16,3,6
104000034,2015-04-10,104000033,SEARCH_1117,PRE_2023,1;3;8;9;10;11,10;11;17;20;42;44,13,2,1,1,0,0,0,0,39,0.310606,9,6.6667,0.204545,0.181818,0.022727,6,7,0,4.1667,7,0.850485,0.04626,0.435065,0.179654,0.871987,0.836844,0,6,1;6;8;24;25;29,6;9;1;5;1;2,1,1,1,3,0,12.667,7.5,0,9,2,5
104000035,2015-04-14,104000034,SEARCH_1117,PRE_2023,1;8;9;10;11;13,1;22;23;38;48;49,11,1,1,0,0,0,0,0,43,0.30303,9,5.8333,0.181818,0.151515,0.030303,6,8,0,4.1667,8,0.887907,0.039102,0.367965,0.220779,0.891876,0.841446,0,5,4;26;29;42;43;47,4;2;2;0;1;1,4,0,0,5,1,10.167,14.5,1,1,3,2
104000036,2015-04-17,104000035,SEARCH_1117,PRE_2023,1;8;9;10;11;12,26;32;33;36;45;47,39,0,0,0,0,0,0,0,41,0.280303,7,5.5,0.166667,0.166667,0.0,4,6,1,3.5,8,0.885509,0.038277,0.354978,0.17316,0.893709,0.838012,0,6,8;20;28;29;33;39,3;7;4;1;3;1,8,1,1,4,0,7.833,6.833,1,22,2,4
104000037,2015-04-21,104000036,SEARCH_1117,PRE_2023,3;5;8;9;10;11,1;3;11;22;29;33,30,2,1,1,0,0,0,0,42,0.363636,10,6.0,0.159091,0.143939,0.015152,4,8,0,3.8333,8,0.877411,0.042175,0.396104,0.17316,0.892065,0.85599,0,6,1;3;16;18;26;41,1;5;10;3;5;1,1,0,0,2,0,10.333,4.167,0,25,3,8
104000038,2015-04-24,104000037,SEARCH_1117,PRE_2023,3;8;9;10;11;32,13;25;31;35;41;46,49,0,0,0,0,0,0,0,43,0.325758,8,6.3333,0.143939,0.136364,0.007576,4,4,0,4.3333,7,0.891893,0.039608,0.376623,0.24026,0.893703,0.865224,0,5,17;18;31;40;45;48,2;0;3;0;2;3,17,0,0,4,2,8.0,12.333,1,42,2,1
104000039,2015-04-28,104000038,SEARCH_1117,PRE_2023,3;8;9;11;13;32,3;5;12;26;36;44,23,1,1,0,0,0,0,0,45,0.25,6,6.3333,0.166667,0.151515,0.015152,5,4,0,4.6667,8,0.891439,0.03897,0.374459,0.179654,0.896111,0.85735,0,4,5;13;24;31;33;37,5;1;4;1;2;1,5,0,0,4,0,8.333,5.667,1,29,2,1
104000040,2015-05-01,104000039,SEARCH_1117,PRE_2023,3;8;9;10;11;32,8;15;25;29;47;49,9,1,1,0,0,0,0,0,42,0.318182,8,7.5,0.189394,0.166667,0.022727,5,6,0,4.6667,7,0.857873,0.047582,0.45671,0.227273,0.878308,0.836831,0,5,4;10;14;33;40;41,7;4;1;3;1;2,4,0,1,3,0,9.667,9.5,1,3,2,2
104000041,2015-05-05,104000040,SEARCH_1117,PRE_2023,3;8;9;11;13;32,8;28;41;42;44;49,30,1,1,0,0,0,0,0,45,0.25,7,6.1667,0.181818,0.136364,0.045455,5,4,0,4.6667,8,0.901513,0.037059,0.365801,0.270563,0.897296,0.864132,0,4,4;20;21;29;43;45,5;2;1;2;5;1,4,0,0,4,0,4.5,5.667,1,25,3,4
104000042,2015-05-08,104000041,SEARCH_1117,PRE_2023,3;9;10;11;29;32,2;10;15;28;44;49,39,1,1,0,0,0,0,0,41,0.310606,9,7.1667,0.143939,0.113636,0.030303,6,4,0,4.1667,7,0.881135,0.041341,0.402597,0.218615,0.880561,0.851234,0,4,5;17;24;28;29;42,0;5;2;3;3;6,5,0,0,4,1,6.167,4.0,1,19,2,4
104000043,2015-05-12,104000042,SEARCH_1117,PRE_2023,2;3;9;11;15;32,1;13;23;29;31;33,17,0,0,0,0,0,0,0,43,0.325758,8,6.5,0.181818,0.159091,0.022727,7,4,0,4.3333,8,0.877405,0.041491,0.391775,0.248918,0.878033,0.840401,0,4,8;13;14;37;38;42,2;3;1;6;1;1,8,1,1,3,0,5.5,5.5,1,19,2,1
104000044,2015-05-15,104000043,SEARCH_1117,PRE_2023,3;9;11;15;29;32,3;6;18;27;29;32,40,3,1,1,1,0,0,0,40,0.25,6,7.1667,0.181818,0.143939,0.037879,6,5,0,4.3333,7,0.870585,0.040507,0.378788,0.162338,0.863203,0.825583,0,3,1;4;5;7;10;27,6;3;5;1;8;9,1,1,2,1,0,6.333,10.833,0,48,3,8
104000045,2015-05-19,104000044,SEARCH_1117,PRE_2023,3;9;10;11;29;32,15;16;29;39;42;46,14,1,1,0,0,0,0,0,42,0.393939,9,8.5,0.189394,0.113636,0.075758,5,3,0,5.0,7,0.859642,0.047984,0.458874,0.231602,0.861063,0.835966,0,4,5;8;12;27;32;38,3;1;9;3;3;2,5,1,2,3,0,5.0,9.667,1,10,2,5
104000046,2015-05-22,104000045,SEARCH_1117,PRE_2023,3;7;9;15;29;32,3;21;23;28;37;43,5,1,1,0,0,0,0,0,43,0.371212,11,8.1667,0.189394,0.143939,0.045455,8,4,0,4.8333,7,0.861038,0.046682,0.439394,0.225108,0.859558,0.832131,0,3,2;10;18;40;42;46,7;4;1;0;1;2,2,0,1,3,1,6.833,11.167,1,44,2,1
104000047,2015-05-26,104000046,SEARCH_1117,PRE_2023,3;10;11;15;29;32,2;10;11;20;26;45,30,2,1,1,0,0,0,0,42,0.409091,9,7.0,0.166667,0.159091,0.007576,4,6,0,4.1667,7,0.87722,0.043131,0.391775,0.214286,0.878878,0.851861,0,3,3;6;11;17;35;43,0;4;6;4;4;2,3,0,1,2,1,3.833,8.667,1,21,3,5
104000048,2015-05-29,104000047,SEARCH_1117,PRE_2023,2;3;7;11;15;29,2;5;11;28;32;34,24,2,1,1,0,0,0,0,42,0.356061,8,7.5,0.174242,0.143939,0.030303,8,4,0,4.5,8,0.864524,0.046635,0.437229,0.21645,0.862617,0.854331,0,4,2;5;9;19;21;29,5;1;10;2;8;5,2,0,1,2,0,5.0,6.667,1,18,4,11
104000049,2015-06-02,104000048,SEARCH_1117,PRE_2023,2;3;7;8;11;15,1;7;19;20;46;47,13,1,1,0,0,0,0,0,42,0.363636,9,7.6667,0.174242,0.174242,0.0,5,9,1,4.8333,7,0.845375,0.050627,0.458874,0.244589,0.846808,0.831998,0,5,4;11;19;24;38;43,2;6;3;0;5;1,4,0,1,3,1,6.333,9.667,1,26,3,3
104000050,2015-06-05,104000049,SEARCH_1117,PRE_2023,2;3;8;11;15;29,8;21;32;35;41;48,34,1,1,0,0,0,0,0,41,0.30303,8,7.1667,0.174242,0.136364,0.037879,8,3,0,4.5,7,0.876168,0.041594,0.400433,0.253247,0.866106,0.859349,0,4,5;11;19;35;39;48,5;2;8;0;2;2,5,0,1,3,1,4.5,8.5,1,16,3,2
104000051,2015-06-09,104000050,SEARCH_1117,PRE_2023,2;3;10;11;15;32,3;20;27;34;37;44,12,1,1,0,0,0,0,0,40,0.325758,9,7.1667,0.166667,0.166667,0.0,4,5,1,4.6667,8,0.865613,0.04344,0.396104,0.205628,0.860988,0.829182,0,4,2;23;27;28;34;44,8;1;0;2;1;4,2,0,0,5,1,3.667,5.167,1,7,2,2
104000052,2015-06-12,104000051,SEARCH_1117,PRE_2023,3;6;9;11;15;29,8;19;22;24;26;28,18,0,0,0,0,0,0,0,42,0.356061,8,6.6667,0.174242,0.143939,0.030303,8,5,0,4.5,8,0.88111,0.041079,0.383117,0.220779,0.880379,0.840264,0,4,13;26;33;34;35;39,1;4;2;2;1;2,13,0,0,5,0,8.333,8.5,1,17,2,2
104000053,2015-06-16,104000052,SEARCH_1117,PRE_2023,3;9;11;12;15;32,3;4;25;35;41;45,7,1,1,0,0,0,0,0,41,0.272727,7,5.8333,0.159091,0.136364,0.022727,5,5,0,4.1667,7,0.890904,0.036928,0.34632,0.203463,0.892669,0.851557,0,4,1;14;24;36;44;46,7;2;0;0;3;1,1,0,0,4,2,9.333,8.167,0,8,1,0
104000054,2015-06-19,104000053,SEARCH_1117,PRE_2023,3;11;12;18;20;28,3;5;11;18;25;38,15,3,1,1,1,0,0,0,44,0.325758,8,6.8333,0.151515,0.136364,0.015152,5,3,0,4.5,8,0.886926,0.040282,0.380952,0.207792,0.886155,0.856823,0,3,1;3;6;35;36;46,8;0;7;5;2;2,1,0,0,3,1,6.167,7.167,0,9,2,8
104000055,2015-06-23,104000054,SEARCH_1117,PRE_2023,3;9;11;12;15;29,2;13;33;35;43;45,5,0,0,0,0,0,0,0,39,0.378788,9,7.1667,0.143939,0.136364,0.007576,8,3,0,4.5,7,0.860663,0.045192,0.402597,0.183983,0.862398,0.837003,0,4,13;17;21;36;45;47,3;2;0;0;2;1,13,0,0,4,2,10.667,7.333,1,29,2,1
104000056,2015-06-26,104000055,SEARCH_1117,PRE_2023,2;3;11;12;15;32,5;6;12;28;29;41,7,1,1,0,0,0,0,0,40,0.280303,7,5.8333,0.159091,0.151515,0.007576,4,4,0,4.0,8,0.881657,0.039233,0.357143,0.134199,0.891286,0.85315,0,4,4;12;14;28;30;41,3;0;5;2;5;2,4,0,1,3,1,6.5,8.167,1,9,2,1
104000057,2015-06-30,104000056,SEARCH_1117,PRE_2023,2;3;5;10;11;15,18;19;32;35;46;48,47,0,0,0,0,0,0,0,44,0.348485,9,6.8333,0.151515,0.136364,0.015152,5,3,0,4.6667,8,0.8834,0.041051,0.383117,0.199134,0.890339,0.853463,0,5,13;18;20;36;38;46,0;3;4;2;5;3,13,0,0,3,1,5.167,5.333,1,27,2,3
104000058,2015-07-03,104000057,SEARCH_1117,PRE_2023,1;3;7;9;11;14,21;23;28;29;41;46,24,0,0,0,0,0,0,0,43,0.416667,10,5.5,0.159091,0.151515,0.007576,4,4,0,3.8333,8,0.873309,0.04359,0.367965,0.170996,0.8944,0.859605,0,5,14;16;18;31;33;38,3;1;4;6;4;3,14,0,0,3,0,14.5,4.5,1,46,4,7
104000059,2015-07-07,104000058,SEARCH_1117,PRE_2023,2;3;5;7;11;29,1;14;27;33;42;46,41,0,0,0,0,0,0,0,43,0.424242,10,6.3333,0.159091,0.151515,0.007576,5,4,0,4.5,8,0.876417,0.043346,0.378788,0.199134,0.887828,0.842185,0,5,7;8;23;27;29;41,3;4;2;1;1;6,7,2,2,4,0,4.667,11.667,1,40,2,1
104000060,2015-07-10,104000059,SEARCH_1117,PRE_2023,3;8;11;24;28;29,5;6;13;26;29;47,33,1,1,0,0,0,0,0,45,0.310606,7,6.3333,0.159091,0.143939,0.015152,4,5,0,4.3333,7,0.906203,0.036,0.337662,0.266234,0.897125,0.861453,0,3,4;10;16;21;39;42,3;2;1;4;8;1,4,0,1,3,0,5.333,5.667,1,28,3,6
104000061,2015-07-14,104000060,SEARCH_1117,PRE_2023,3;5;6;7;15;29,10;12;14;19;30;45,41,0,0,0,0,0,0,0,42,0.340909,8,6.3333,0.143939,0.143939,0.0,5,4,1,4.3333,7,0.878825,0.042025,0.380952,0.227273,0.880147,0.852405,0,4,12;21;30;31;37;44,2;1;0;1;7;3,12,0,1,5,1,6.333,13.667,1,40,2,1
104000062,2015-07-17,104000061,SEARCH_1117,PRE_2023,3;7;8;11;28;29,4;7;20;27;33;40,38,1,1,0,0,0,0,0,47,0.295455,7,6.6667,0.151515,0.151515,0.0,6,4,1,4.1667,6,0.907041,0.036787,0.359307,0.32684,0.890115,0.873126,0,4,2;24;31;36;45;48,0;5;2;2;1;3,2,0,0,5,1,7.5,11.5,1,43,3,2
104000063,2015-07-21,104000062,SEARCH_1117,PRE_2023,3;6;8;11;16;29,8;9;16;39;40;44,28,2,1,1,0,0,0,0,45,0.30303,7,6.0,0.143939,0.136364,0.007576,6,3,0,4.0,6,0.915105,0.035166,0.339827,0.244589,0.898898,0.87716,0,4,3;4;12;26;39;43,4;3;6;4;1;1,3,0,1,3,0,8.833,15.667,1,10,3,6
104000064,2015-07-24,104000063,SEARCH_1117,PRE_2023,3;6;11;16;17;24,10;12;25;33;39;42,29,0,0,0,0,0,0,0,43,0.454545,10,7.5,0.143939,0.143939,0.0,5,4,1,4.3333,6,0.86623,0.0476,0.417749,0.261905,0.869768,0.843392,0,3,17;18;21;25;34;40,1;2;1;2;4;1,17,0,0,4,0,11.167,4.0,1,9,2,1
104000065,2015-07-28,104000064,SEARCH_1117,PRE_2023,2;3;6;7;11;17,6;15;27;32;44;49,16,1,1,0,0,0,0,0,41,0.287879,7,5.8333,0.159091,0.159091,0.0,4,6,1,3.5,7,0.884086,0.039148,0.363636,0.209957,0.891083,0.853541,0,5,3;16;25;31;32;39,5;3;2;1;2;2,3,0,0,4,0,11.833,10.167,1,34,2,3
104000066,2015-07-31,104000065,SEARCH_1117,PRE_2023,2;3;6;17;29;32,13;16;18;30;32;40,29,1,1,0,0,0,0,0,40,0.424242,10,7.1667,0.136364,0.136364,0.0,3,4,1,4.5,8,0.858798,0.048088,0.424242,0.199134,0.873003,0.846182,0,3,5;9;10;24;38;44,0;3;3;3;7;1,5,0,2,3,1,10.5,4.5,1,3,2,3
104000067,2015-08-04,104000066,SEARCH_1117,PRE_2023,3;6;13;17;29;32,3;12;17;19;38;48,43,2,1,1,0,0,0,0,42,0.44697,10,6.6667,0.143939,0.136364,0.007576,4,3,0,4.1667,7,0.881242,0.043684,0.385281,0.205628,0.883943,0.855387,0,2,1;3;23;37;44;49,10;2;5;0;1;0,1,0,0,4,2,9.5,13.0,0,30,2,2
104000068,2015-08-07,104000067,SEARCH_1117,PRE_2023,3;6;7;11;21;32,25;26;27;28;36;37,38,0,0,0,0,0,0,0,43,0.363636,8,6.3333,0.136364,0.128788,0.007576,4,5,0,3.8333,8,0.889521,0.040423,0.372294,0.25974,0.884084,0.855354,0,4,13;23;28;35;41;47,1;0;2;2;6;2,13,0,0,5,1,6.0,11.833,1,42,2,3
104000069,2015-08-11,104000068,SEARCH_1117,PRE_2023,2;3;6;7;14;32,1;2;35;43;45;46,14,1,1,0,0,0,0,0,44,0.318182,7,6.1667,0.136364,0.128788,0.007576,3,4,0,4.0,8,0.89112,0.039889,0.376623,0.233766,0.882543,0.848789,0,4,5;12;20;26;33;38,2;3;1;2;1;6,5,0,1,3,0,6.333,11.333,1,4,2,3
104000070,2015-08-14,104000069,SEARCH_1117,PRE_2023,3;5;6;11;28;32,5;13;14;23;24;42,35,1,1,0,0,0,0,0,44,0.30303,7,6.1667,0.143939,0.136364,0.007576,6,3,0,3.8333,6,0.902902,0.037003,0.354978,0.316017,0.889427,0.856695,0,4,3;8;10;11;20;33,5;4;5;3;5;1,3,1,3,1,0,6.667,9.833,1,40,3,8
104000071,2015-08-18,104000070,SEARCH_1117,PRE_2023,3;6;7;13;21;46,8;20;29;30;42;49,21,0,0,0,0,0,0,0,42,0.272727,6,6.6667,0.143939,0.136364,0.007576,10,3,0,4.5,8,0.894642,0.0363,0.335498,0.24026,0.873357,0.844257,1,3,15;18;26;33;42;46,2;1;0;3;4;1,15,0,0,4,1,5.833,6.667,1,5,2,1
104000072,2015-08-21,104000071,SEARCH_1117,PRE_2023,3;4;6;7;13;29,10;15;20;21;27;36,45,0,0,0,0,0,0,0,40,0.287879,7,6.1667,0.151515,0.143939,0.007576,7,6,0,4.1667,7,0.886718,0.038577,0.361472,0.24026,0.881233,0.841983,0,4,11;14;24;36;39;41,2;0;1;4;3;1,11,0,1,4,1,5.833,6.333,1,33,2,1
104000073,2015-08-25,104000072,SEARCH_1117,PRE_2023,3;7;9;13;31;32,13;15;22;26;45;47,49,1,1,0,0,0,0,0,43,0.257576,6,6.3333,0.159091,0.151515,0.007576,7,5,0,3.8333,7,0.893068,0.037799,0.361472,0.199134,0.887731,0.846552,0,3,2;16;19;35;40;47,8;2;3;0;1;3,2,0,0,3,1,11.167,7.833,1,43,2,3
104000074,2015-08-28,104000073,SEARCH_1117,PRE_2023,3;7;13;15;29;31,8;11;12;15;40;46,16,1,1,0,0,0,0,0,37,0.454545,11,7.5,0.166667,0.143939,0.022727,7,5,0,4.8333,8,0.828078,0.05252,0.454545,0.138528,0.857789,0.816675,0,2,4;19;23;27;40;48,2;2;0;6;0;3,4,0,0,4,2,9.167,7.333,1,13,1,0
104000075,2015-09-01,104000074,SEARCH_1117,PRE_2023,3;7;8;13;15;31,9;18;19;20;40;48,3,0,0,0,0,0,0,0,42,0.30303,8,6.6667,0.174242,0.143939,0.030303,8,6,0,3.8333,8,0.877293,0.041369,0.391775,0.177489,0.882178,0.847486,0,3,7;16;20;34;44;49,3;3;0;6;3;0,7,1,1,3,2,9.5,6.833,1,2,2,3
104000076,2015-09-04,104000075,SEARCH_1117,PRE_2023,7;13;15;20;31;32,19;20;44;46;47;49,9,1,1,0,0,0,0,0,41,0.363636,10,7.1667,0.159091,0.143939,0.015152,5,5,0,4.3333,8,0.869243,0.0427,0.38961,0.201299,0.880201,0.844731,0,1,6;17;29;31;37;41,3;5;1;4;1;1,6,0,0,4,0,10.5,3.833,1,16,3,2
104000077,2015-09-08,104000076,SEARCH_1117,PRE_2023,3;7;13;15;19;20,8;28;31;32;36;43,9,0,0,0,0,0,0,0,42,0.287879,9,6.6667,0.219697,0.143939,0.075758,6,7,0,4.5,8,0.869728,0.042531,0.411255,0.207792,0.878878,0.833084,0,2,7;8;10;21;46;47,3;0;7;5;0;2,7,2,3,3,2,5.667,11.667,1,29,1,0
104000078,2015-09-11,104000077,SEARCH_1117,PRE_2023,3;7;8;13;19;20,5;10;18;29;41;44,30,0,0,0,0,0,0,0,41,0.318182,8,6.1667,0.174242,0.166667,0.007576,5,7,0,4.3333,8,0.875655,0.040507,0.37013,0.238095,0.872622,0.832056,0,3,8;11;23;33;39;42,1;0;4;5;2;1,8,1,2,4,1,6.167,7.667,1,24,2,1
104000079,2015-09-15,104000078,SEARCH_1117,PRE_2023,3;7;8;13;18;20,2;13;30;31;34;44,39,1,1,0,0,0,0,0,40,0.280303,7,6.1667,0.174242,0.159091,0.015152,6,7,0,4.3333,8,0.87514,0.039102,0.352814,0.145022,0.885028,0.834785,0,3,3;11;19;21;24;46,2;5;3;0;7;6,3,0,1,3,1,6.833,9.167,1,27,2,6
104000080,2015-09-18,104000079,SEARCH_1117,PRE_2023,4;7;8;13;20;44,6;16;17;36;37;41,28,0,0,0,0,0,0,0,37,0.363636,9,7.6667,0.166667,0.159091,0.007576,10,7,0,4.8333,9,0.844521,0.047413,0.422078,0.201299,0.84906,0.809209,1,3,8;11;23;46;47;48,4;6;5;0;0;0,8,1,2,4,3,7.5,9.833,1,12,3,7
104000081,2015-09-22,104000080,SEARCH_1117,PRE_2023,3;4;7;13;20;29,6;10;39;44;46;47,30,0,0,0,0,0,0,0,42,0.356061,8,6.6667,0.174242,0.151515,0.022727,4,4,0,3.8333,7,0.869067,0.043712,0.409091,0.218615,0.873649,0.841191,0,3,9;10;17;24;38;39,3;3;2;8;6;1,9,0,2,3,0,10.333,5.5,1,46,2,6
104000082,2015-09-25,104000081,SEARCH_1117,PRE_2023,4;7;13;20;29;44,9;13;21;25;38;39,2,1,1,0,0,0,0,0,41,0.265152,11,7.5,0.19697,0.159091,0.037879,6,4,0,4.6667,8,0.872749,0.04151,0.393939,0.201299,0.862182,0.83224,1,2,3;13;20;22;24;35,3;7;2;1;4;3,3,0,0,3,0,9.0,8.333,1,9,2,6
104000083,2015-09-29,104000082,SEARCH_1117,PRE_2023,4;7;13;20;29;44,1;3;25;31;35;44,15,1,1,0,0,0,0,0,43,0.310606,9,7.5,0.181818,0.166667,0.015152,6,5,0,4.6667,8,0.868125,0.043402,0.406926,0.251082,0.854099,0.823078,1,2,2;9;12;23;32;45,3;3;0;1;2;11,2,0,2,3,1,9.5,8.5,1,26,3,4
104000084,2015-10-02,104000083,SEARCH_1117,PRE_2023,3;4;7;13;14;44,11;15;36;41;44;45,35,1,1,0,0,0,0,0,39,0.295455,7,7.1667,0.174242,0.174242,0.0,6,6,1,4.1667,8,0.863552,0.043224,0.402597,0.272727,0.85695,0.828737,1,3,5;23;26;37;40;47,2;0;0;2;10;1,5,0,0,5,2,10.333,6.667,1,33,2,2
104000085,2015-10-06,104000084,SEARCH_1117,PRE_2023,3;4;7;13;14;44,3;8;10;28;38;47,13,1,1,0,0,0,0,0,41,0.333333,10,7.3333,0.159091,0.143939,0.015152,6,4,0,4.3333,8,0.865355,0.043721,0.41342,0.220779,0.869386,0.856318,1,3,5;7;15;25;35;39,5;2;4;2;1;2,5,1,1,3,0,11.167,4.833,1,1,2,4
104000086,2015-10-09,104000085,SEARCH_1117,PRE_2023,3;4;7;8;10;44,2;8;22;27;35;43,24,1,1,0,0,0,0,0,41,0.30303,7,6.8333,0.19697,0.166667,0.030303,6,6,0,4.5,8,0.873061,0.042559,0.411255,0.242424,0.871239,0.839867,1,5,5;23;30;32;33;35,1;5;2;1;1;1,5,0,0,5,0,8.833,7.833,1,14,1,0
104000087,2015-10-13,104000086,SEARCH_1117,PRE_2023,3;4;7;8;10;44,24;29;31;32;44;49,39,1,1,0,0,0,0,0,42,0.333333,10,7.0,0.174242,0.136364,0.037879,4,3,0,4.5,8,0.878164,0.041735,0.400433,0.218615,0.872575,0.836305,1,5,5;14;22;36;40;42,5;4;1;2;10;1,5,0,0,4,0,9.667,9.0,1,48,2,5
104000088,2015-10-16,104000087,SEARCH_1117,PRE_2023,3;4;7;8;29;44,20;25;29;31;40;44,21,2,1,1,0,0,0,0,41,0.272727,6,7.3333,0.212121,0.204545,0.007576,6,7,0,4.3333,8,0.866133,0.042915,0.404762,0.218615,0.867248,0.842682,1,4,3;4;15;26;29;48,2;2;10;4;0;10,3,0,0,3,1,9.833,5.5,1,30,3,11
104000089,2015-10-20,104000088,SEARCH_1117,PRE_2023,3;4;7;8;29;44,12;17;32;37;38;39,27,0,0,0,0,0,0,0,40,0.310606,7,8.5,0.219697,0.128788,0.090909,11,5,0,5.3333,8,0.847126,0.047825,0.454545,0.199134,0.849004,0.814427,1,4,10;12;19;47;48;49,2;5;4;0;0;0,10,0,2,3,3,10.5,7.667,1,30,1,0
104000090,2015-10-23,104000089,SEARCH_1117,PRE_2023,4;7;8;29;32;44,1;16;41;43;46;47,25,0,0,0,0,0,0,0,40,0.310606,7,8.3333,0.181818,0.136364,0.045455,10,4,0,5.1667,8,0.86321,0.044377,0.422078,0.281385,0.852338,0.823747,1,3,14;15;17;25;33;35,1;4;1;3;8;2,14,0,0,3,0,10.833,6.833,1,16,3,6
104000091,2015-10-27,104000090,SEARCH_1117,PRE_2023,4;7;8;28;29;44,7;8;10;17;34;36,43,2,1,1,0,0,0,0,42,0.30303,7,6.5,0.166667,0.151515,0.015152,5,9,0,4.5,8,0.885783,0.039205,0.37013,0.274892,0.875113,0.842628,1,3,2;6;27;29;34;39,7;5;1;2;2;1,2,0,0,4,0,12.5,10.167,1,18,2,2
104000092,2015-10-30,104000091,SEARCH_1117,PRE_2023,4;7;8;9;10;44,3;6;8;15;20;30,40,1,1,0,0,0,0,0,46,0.295455,7,6.3333,0.166667,0.159091,0.007576,6,5,0,4.6667,8,0.911603,0.03644,0.363636,0.341991,0.895294,0.856217,1,5,3;20;25;31;36;48,1;1;5;1;2;0,3,0,0,4,1,7.833,7.333,1,15,2,2
104000093,2015-11-03,104000092,SEARCH_1117,PRE_2023,3;4;8;14;29;44,8;16;22;28;45;48,13,1,1,0,0,0,0,0,44,0.310606,7,6.3333,0.143939,0.136364,0.007576,5,6,0,4.5,8,0.902906,0.03704,0.354978,0.292208,0.891623,0.849597,1,3,2;20;25;29;37;49,7;3;3;2;2;0,2,0,0,4,1,11.0,7.667,1,32,2,1
104000094,2015-11-06,104000093,SEARCH_1117,PRE_2023,3;4;7;8;14;44,8;24;27;30;45;49,42,1,1,0,0,0,0,0,45,0.310606,8,6.1667,0.136364,0.128788,0.007576,5,3,0,4.1667,8,0.895602,0.038774,0.367965,0.231602,0.894072,0.863674,1,4,1;29;37;38;42;48,8;3;1;0;2;2,1,0,0,5,1,11.333,4.333,0,27,2,2
104000095,2015-11-10,104000094,SEARCH_1117,PRE_2023,4;7;8;14;20;44,7;10;11;27;28;45,21,1,1,0,0,0,0,0,41,0.371212,9,6.3333,0.143939,0.143939,0.0,4,6,1,4.5,9,0.893662,0.039542,0.37013,0.329004,0.883334,0.844382,1,3,6;7;13;31;34;42,4;1;0;3;6;7,6,1,1,3,1,12.167,3.833,1,35,3,5
104000096,2015-11-13,104000095,SEARCH_1117,PRE_2023,4;7;8;10;20;44,1;11;16;18;31;33,19,0,0,0,0,0,0,0,40,0.431818,10,8.0,0.174242,0.151515,0.022727,5,6,0,5.1667,9,0.839354,0.05148,0.454545,0.255411,0.832098,0.792845,1,4,15;18;22;23;25;26,1;2;2;2;1;4,15,0,0,4,0,8.333,11.333,1,35,2,3
104000097,2015-11-17,104000096,SEARCH_1117,PRE_2023,4;8;10;14;20;44,2;7;26;31;44;47,36,1,1,0,0,0,0,0,40,0.454545,10,7.3333,0.166667,0.159091,0.007576,6,6,0,4.3333,8,0.847434,0.049306,0.419913,0.186147,0.848009,0.817142,1,3,4;10;22;25;36;37,1;1;1;6;9;1,4,0,1,4,0,13.5,9.0,1,30,2,4
104000098,2015-11-20,104000097,SEARCH_1117,PRE_2023,4;8;14;20;31;44,4;9;10;39;40;42,8,1,1,0,0,0,0,0,40,0.356061,8,7.8333,0.159091,0.151515,0.007576,7,6,0,4.8333,9,0.866039,0.044892,0.419913,0.209957,0.861532,0.824457,1,2,2;9;15;26;31;48,7;3;1;1;0;5,2,0,1,3,1,12.667,16.833,1,1,3,5
104000099,2015-11-24,104000098,SEARCH_1117,PRE_2023,4;8;10;14;20;44,1;9;13;28;29;48,45,0,0,0,0,0,0,0,41,0.356061,8,7.5,0.174242,0.166667,0.007576,6,5,0,4.8333,8,0.86783,0.04418,0.422078,0.316017,0.866476,0.808411,1,3,7;12;16;22;27;41,2;5;2;2;2;1,7,1,2,3,0,7.5,7.0,1,9,2,1
104000100,2015-11-27,104000099,SEARCH_1117,PRE_2023,1;8;10;14;28;44,4;5;23;25;40;41,11,0,0,0,0,0,0,0,40,0.378788,9,7.3333,0.159091,0.151515,0.007576,7,4,0,4.6667,9,0.86528,0.043702,0.398268,0.212121,0.865257,0.830475,1,3,8;11;13;32;34;38,3;2;7;1;1;2,8,1,2,3,0,7.167,13.0,1,42,2,5
104000101,2015-12-01,104000100,SEARCH_1117,PRE_2023,4;8;10;14;28;44,6;13;15;19;37;41,22,0,0,0,0,0,0,0,42,0.371212,9,7.3333,0.174242,0.143939,0.030303,7,6,0,4.5,8,0.861262,0.046794,0.424242,0.238095,0.869849,0.831364,1,3,16;19;32;34;41;43,0;2;1;3;1;1,16,0,0,4,1,8.0,9.667,1,20,2,1
104000102,2015-12-04,104000101,SEARCH_1117,PRE_2023,3;8;13;14;28;44,16;21;34;37;41;47,29,0,0,0,0,0,0,0,41,0.378788,9,7.3333,0.174242,0.166667,0.007576,9,5,0,4.6667,9,0.872369,0.043037,0.38961,0.281385,0.877382,0.845765,1,2,8;10;20;24;38;39,2;7;3;2;7;2,8,1,2,3,0,9.833,7.333,1,17,2,6
104000103,2015-12-08,104000102,SEARCH_1117,PRE_2023,8;14;16;22;41;44,8;15;32;36;40;43,3,1,1,0,0,0,0,0,42,0.295455,7,7.3333,0.174242,0.136364,0.037879,7,5,0,4.8333,8,0.88769,0.039148,0.376623,0.238095,0.874191,0.832068,1,1,1;19;25;27;29;48,7;1;2;0;3;2,1,0,0,4,1,10.0,8.833,0,23,2,2
104000104,2015-12-11,104000103,SEARCH_1117,PRE_2023,8;13;14;40;41;44,1;4;25;29;42;43,11,0,0,0,0,0,0,0,40,0.44697,10,8.1667,0.159091,0.143939,0.015152,8,4,0,5.5,9,0.862648,0.045998,0.391775,0.201299,0.86195,0.811143,1,1,8;27;29;32;41;46,0;3;0;1;1;1,8,1,1,5,2,8.0,4.167,1,17,2,1
104000105,2015-12-15,104000104,SEARCH_1117,PRE_2023,1;3;8;13;14;44,4;11;18;22;23;31,19,0,0,0,0,0,0,0,44,0.272727,7,5.8333,0.143939,0.136364,0.007576,7,7,0,4.1667,9,0.904767,0.035944,0.344156,0.231602,0.899678,0.857935,1,3,12;13;19;20;32;42,3;1;2;4;3;1,12,0,1,2,0,10.5,7.333,1,33,2,4
104000106,2015-12-18,104000105,SEARCH_1117,PRE_2023,1;3;4;8;10;14,5;6;11;15;18;25,31,0,0,0,0,0,0,0,40,0.424242,11,6.6667,0.181818,0.143939,0.037879,4,7,0,3.8333,8,0.858382,0.046298,0.411255,0.220779,0.858764,0.826405,0,5,21;23;24;25;30;35,1;1;1;2;2;1,21,0,0,6,0,10.667,3.0,1,7,2,3
104000107,2015-12-22,104000106,SEARCH_1117,PRE_2023,2;3;8;10;14;15,8;12;13;29;37;49,43,1,1,0,0,0,0,0,39,0.363636,9,6.5,0.143939,0.143939,0.0,4,7,1,3.8333,7,0.871695,0.042522,0.387446,0.155844,0.88355,0.8561,0,4,1;11;19;21;39;47,9;3;2;3;0;1,1,0,1,3,1,12.667,8.167,0,33,2,4
104000108,2015-12-25,104000107,SEARCH_1117,PRE_2023,4;8;10;13;14;15,3;7;11;12;16;30,13,0,0,0,0,0,0,0,40,0.424242,10,7.1667,0.189394,0.189394,0.0,6,9,1,4.5,7,0.837222,0.050308,0.417749,0.199134,0.859384,0.822431,0,3,9;17;27;31;38;42,5;0;3;1;1;2,9,0,1,4,1,9.167,8.333,1,2,2,2
104000109,2015-12-29,104000108,SEARCH_1117,PRE_2023,8;10;11;13;14;15,1;8;13;30;32;42,11,2,1,1,0,0,0,0,46,0.280303,9,6.8333,0.166667,0.143939,0.022727,5,7,0,4.1667,8,0.887745,0.040254,0.38961,0.268398,0.870919,0.855619,0,3,1;3;14;29;38;39,2;5;9;1;1;1,1,0,0,3,0,9.667,3.5,0,6,3,6
105000001,2016-01-01,104000109,SEARCH_1117,PRE_2023,1;8;10;13;14;21,16;19;24;29;41;43,32,0,0,0,0,0,0,0,42,0.409091,10,7.0,0.159091,0.121212,0.037879,5,4,0,4.5,8,0.861326,0.047694,0.443723,0.164502,0.880461,0.83947,0,3,9;15;16;19;33;38,3;2;4;4;2;1,9,0,1,2,0,10.5,7.333,1,21,2,1
105000002,2016-01-05,105000001,SEARCH_1117,PRE_2023,1;8;10;14;16;21,1;3;7;15;25;33,21,1,1,0,0,0,0,0,42,0.265152,7,5.8333,0.166667,0.128788,0.037879,5,4,0,4.0,7,0.899036,0.036403,0.352814,0.264069,0.898038,0.855069,0,3,4;15;20;22;23;37,4;2;2;5;1;4,4,0,0,3,0,11.333,5.5,1,6,3,4
105000003,2016-01-08,105000002,SEARCH_1117,PRE_2023,1;2;8;14;15;21,3;10;13;28;44;48,1,0,0,0,0,0,0,0,39,0.25,6,5.1667,0.136364,0.128788,0.007576,3,4,0,3.3333,7,0.8918,0.036103,0.335498,0.218615,0.893842,0.842149,0,3,7;11;21;35;46;49,2;1;4;0;6;0,7,1,2,4,2,12.0,9.833,1,4,2,2
105000004,2016-01-12,105000003,SEARCH_1117,PRE_2023,1;3;8;10;13;14,5;15;18;39;40;44,37,0,0,0,0,0,0,0,43,0.25,7,5.5,0.151515,0.136364,0.015152,5,6,0,4.1667,7,0.903582,0.035513,0.341991,0.231602,0.89849,0.839241,0,4,7;11;15;28;43;44,0;6;1;1;3;6,7,1,2,3,1,8.667,7.0,1,13,2,5
105000005,2016-01-15,105000004,SEARCH_1117,PRE_2023,8;13;14;15;21;44,6;11;16;17;27;42,35,0,0,0,0,0,0,0,41,0.257576,7,7.0,0.143939,0.128788,0.015152,7,3,0,4.6667,8,0.88599,0.037902,0.352814,0.155844,0.882324,0.844294,1,1,15;24;27;38;39;45,1;1;1;3;0;2,15,0,0,5,1,10.833,10.833,1,11,1,0
105000006,2016-01-19,105000005,SEARCH_1117,PRE_2023,8;13;14;15;21;40,4;9;14;23;44;46,41,1,1,0,0,0,0,0,41,0.234848,6,6.5,0.159091,0.151515,0.007576,8,8,0,3.8333,8,0.895645,0.036103,0.335498,0.212121,0.879566,0.852548,0,1,1;7;14;15;17;32,2;3;6;3;8;3,1,1,1,1,0,11.833,18.0,0,28,2,5
105000007,2016-01-22,105000006,SEARCH_1117,PRE_2023,8;11;13;14;15;21,10;15;17;20;43;46,37,1,1,0,0,0,0,0,40,0.219697,6,5.8333,0.159091,0.159091,0.0,5,9,1,4.3333,7,0.894576,0.035194,0.318182,0.266234,0.876698,0.820238,0,2,2;13;30;32;40;42,0;8;1;3;1;3,2,0,0,4,1,5.167,6.667,1,12,2,1
105000008,2016-01-26,105000007,SEARCH_1117,PRE_2023,2;8;10;15;21;37,11;13;17;35;39;46,2,0,0,0,0,0,0,0,39,0.272727,7,6.3333,0.136364,0.136364,0.0,3,5,1,4.1667,7,0.871784,0.040948,0.374459,0.207792,0.873743,0.829871,0,3,7;9;11;21;27;37,5;6;2;8;1;4,7,1,3,3,0,9.167,7.5,1,6,3,5
105000009,2016-01-29,105000008,SEARCH_1117,PRE_2023,8;10;11;13;15;21,16;35;38;44;45;48,27,0,0,0,0,0,0,0,38,0.393939,9,8.0,0.174242,0.174242,0.0,5,4,1,5.0,7,0.832696,0.051779,0.452381,0.233766,0.84132,0.824072,0,3,8;19;20;24;26;37,2;2;7;10;3;1,8,1,1,3,0,5.167,11.0,1,44,2,6
105000010,2016-02-02,105000009,SEARCH_1117,PRE_2023,2;8;10;11;13;15,15;21;23;26;43;48,34,1,1,0,0,0,0,0,42,0.295455,7,7.6667,0.189394,0.189394,0.0,7,10,1,4.3333,7,0.847736,0.047835,0.439394,0.207792,0.851071,0.838979,0,4,5;8;9;20;23;49,9;5;1;6;2;0,5,1,2,2,1,7.0,8.333,1,15,2,5
105000011,2016-02-05,105000010,SEARCH_1117,PRE_2023,2;8;10;11;15;44,4;5;26;30;38;41,28,0,0,0,0,0,0,0,43,0.30303,7,8.5,0.204545,0.204545,0.0,5,7,1,4.8333,8,0.857165,0.047553,0.448052,0.270563,0.848787,0.833363,1,4,9;36;42;44;45;49,0;0;5;1;0;1,9,0,1,5,3,7.333,6.0,1,40,2,1
105000012,2016-02-07,105000011,SEARCH_1117,PRE_2023,2;8;10;11;15;44,4;11;21;25;35;37,43,1,1,0,0,0,0,0,40,0.30303,10,7.8333,0.174242,0.136364,0.037879,5,3,0,4.5,8,0.868142,0.04299,0.41342,0.220779,0.862154,0.841038,1,4,1;19;22;32;38;42,2;10;0;1;1;2,1,0,0,4,1,8.333,5.667,0,15,2,2
105000013,2016-02-08,105000012,SEARCH_1117,PRE_2023,2;4;8;10;11;15,8;12;13;16;27;32,24,1,1,0,0,0,0,0,43,0.310606,10,7.5,0.19697,0.181818,0.015152,6,5,0,4.5,7,0.863834,0.045801,0.4329,0.25974,0.85724,0.846205,0,5,4;9;10;26;43;46,7;4;5;2;0;1,4,0,2,3,1,8.167,9.5,1,15,2,5
105000014,2016-02-09,105000013,SEARCH_1117,PRE_2023,2;8;11;13;15;44,9;24;25;31;37;45,12,0,0,0,0,0,0,0,42,0.30303,9,8.3333,0.174242,0.151515,0.022727,10,9,0,5.0,8,0.866266,0.044377,0.424242,0.294372,0.840194,0.835033,1,3,11;18;26;28;32;35,2;5;2;1;2;1,11,0,1,4,0,6.5,8.0,1,30,3,2
105000015,2016-02-10,105000014,SEARCH_1117,PRE_2023,2;8;11;13;15;44,18;19;22;32;44;47,9,1,1,0,0,0,0,0,39,0.333333,10,8.3333,0.19697,0.181818,0.015152,11,4,0,5.0,8,0.844638,0.047347,0.4329,0.246753,0.843774,0.822189,1,3,6;10;25;26;32;41,0;2;5;2;11;3,6,0,1,4,1,7.5,12.333,1,19,2,4
105000016,2016-02-11,105000015,SEARCH_1117,PRE_2023,1;2;8;14;15;16,3;13;29;30;34;48,28,0,0,0,0,0,0,0,45,0.287879,7,6.1667,0.181818,0.174242,0.007576,6,4,0,3.6667,7,0.889245,0.039936,0.374459,0.201299,0.882611,0.86295,0,3,9;13;26;30;47;49,1;5;2;0;7;0,9,0,1,4,2,10.667,10.833,1,42,2,1
105000017,2016-02-12,105000016,SEARCH_1117,PRE_2023,2;4;8;13;15;44,6;10;11;22;32;45,4,0,0,0,0,0,0,0,37,0.348485,10,7.6667,0.174242,0.151515,0.022727,4,6,0,4.8333,8,0.85077,0.046045,0.426407,0.175325,0.867403,0.829186,1,3,9;17;21;29;31;41,2;4;2;0;2;2,9,0,1,4,1,8.0,5.667,1,6,2,1
105000018,2016-02-13,105000017,SEARCH_1117,PRE_2023,2;8;11;13;32;44,4;6;18;29;35;48,20,0,0,0,0,0,0,0,37,0.318182,10,8.1667,0.181818,0.159091,0.022727,7,6,0,5.3333,8,0.844153,0.046879,0.430736,0.145022,0.858365,0.806858,1,3,12;14;16;24;31;45,2;3;2;4;0;4,12,0,1,3,1,7.0,3.333,1,11,2,3
105000019,2016-02-14,105000018,SEARCH_1117,PRE_2023,2;4;8;11;13;44,1;3;16;20;21;26,22,0,0,0,0,0,0,0,39,0.30303,7,6.8333,0.181818,0.159091,0.022727,8,5,0,4.3333,8,0.861188,0.042906,0.398268,0.125541,0.87802,0.843474,1,4,8;11;18;20;24;41,3;1;4;5;0;4,8,1,2,2,1,7.833,8.833,1,42,2,5
105000020,2016-02-16,105000019,SEARCH_1117,PRE_2023,2;4;8;11;13;16,11;23;29;33;34;40,6,1,1,0,0,0,0,0,39,0.272727,8,6.8333,0.181818,0.166667,0.015152,4,6,0,3.6667,6,0.856112,0.044199,0.402597,0.134199,0.870938,0.849341,0,4,1;14;15;17;45;47,8;3;3;5;0;0,1,0,0,2,2,8.167,8.833,0,29,2,1
105000021,2016-02-19,105000020,SEARCH_1117,PRE_2023,2;4;5;8;11;13,11;20;23;30;39;44,49,1,1,0,0,0,0,0,42,0.363636,11,6.8333,0.159091,0.151515,0.007576,7,7,0,4.5,8,0.860185,0.046082,0.415584,0.190476,0.878186,0.854376,0,5,1;12;20;34;41;47,11;2;1;1;0;6,1,0,1,3,1,10.0,4.667,0,29,2,7
105000022,2016-02-23,105000021,SEARCH_1117,PRE_2023,2;8;11;13;16;44,10;14;19;20;43;45,22,0,0,0,0,0,0,0,41,0.416667,11,8.1667,0.174242,0.136364,0.037879,8,4,0,4.8333,8,0.850181,0.049718,0.45671,0.279221,0.86301,0.849624,1,3,7;10;14;19;27;33,3;4;4;2;2;2,7,1,2,2,0,9.0,7.667,1,45,2,6
105000023,2016-02-26,105000022,SEARCH_1117,PRE_2023,2;5;8;11;16;33,3;9;17;21;41;46,27,0,0,0,0,0,0,0,43,0.363636,9,6.6667,0.151515,0.143939,0.007576,4,5,0,4.0,8,0.868311,0.045295,0.409091,0.238095,0.881998,0.854331,0,4,22;24;30;36;39;46,2;1;2;0;1;1,22,0,0,6,1,11.0,9.833,1,19,2,1
105000024,2016-03-01,105000023,SEARCH_1117,PRE_2023,2;3;5;8;11;44,7;14;17;22;23;34,12,0,0,0,0,0,0,0,39,0.363636,10,7.0,0.151515,0.143939,0.007576,8,8,0,4.1667,8,0.849949,0.047254,0.417749,0.183983,0.865533,0.828651,1,5,14;21;28;35;37;42,2;3;2;0;1;1,14,0,0,5,1,11.167,6.5,1,40,1,0
105000025,2016-03-04,105000024,SEARCH_1117,PRE_2023,2;3;5;8;11;15,5;7;12;17;22;29,4,1,1,0,0,0,0,0,38,0.333333,9,6.5,0.159091,0.128788,0.030303,4,4,0,4.0,7,0.855494,0.044658,0.417749,0.15368,0.878389,0.840571,0,5,6;15;17;21;26;41,4;2;0;2;3;5,6,0,0,3,1,14.0,5.667,1,39,2,3
105000026,2016-03-08,105000025,SEARCH_1117,PRE_2023,2;3;5;8;11;17,3;27;30;35;39;41,32,1,1,0,0,0,0,0,42,0.340909,9,6.3333,0.166667,0.128788,0.037879,4,8,0,3.6667,8,0.870341,0.04329,0.406926,0.220779,0.87215,0.850654,0,5,5;27;37;38;39;46,5;0;1;2;1;1,5,0,0,5,1,10.167,6.167,1,35,2,1
105000027,2016-03-11,105000026,SEARCH_1117,PRE_2023,2;3;8;11;14;29,9;16;30;34;36;49,31,0,0,0,0,0,0,0,41,0.363636,9,7.3333,0.143939,0.136364,0.007576,4,3,0,4.3333,7,0.857226,0.04776,0.435065,0.201299,0.865059,0.831425,0,4,9;11;19;29;31;47,1;4;3;0;7;5,9,0,2,3,1,10.833,13.0,1,37,2,5
105000028,2016-03-15,105000027,SEARCH_1117,PRE_2023,2;3;11;16;17;29,6;14;30;42;47;48,18,0,0,0,0,0,0,0,42,0.310606,7,7.3333,0.159091,0.143939,0.015152,6,5,0,4.5,7,0.856404,0.046588,0.430736,0.238095,0.863331,0.850699,0,3,8;11;17;23;37;42,2;3;11;2;1;1,8,1,2,3,0,9.333,10.167,1,22,3,3
105000029,2016-03-18,105000028,SEARCH_1117,PRE_2023,1;2;3;11;24;30,1;3;4;18;25;47,13,2,1,1,0,0,0,0,45,0.356061,10,7.1667,0.136364,0.128788,0.007576,3,4,0,3.8333,7,0.884111,0.043093,0.398268,0.220779,0.882986,0.873094,0,4,2;6;8;18;23;40,3;7;3;3;2;2,2,1,1,2,0,13.0,8.5,1,29,2,5
105000030,2016-03-22,105000029,SEARCH_1117,PRE_2023,1;2;3;11;16;24,7;11;16;20;30;33,6,2,1,1,0,0,0,0,39,0.363636,9,6.5,0.151515,0.151515,0.0,5,9,1,3.8333,8,0.855142,0.045679,0.409091,0.158009,0.873065,0.852042,0,4,3;5;7;13;29;41,0;8;6;1;9;5,3,1,1,2,1,12.0,6.167,1,40,3,8
105000031,2016-03-25,105000030,SEARCH_1117,PRE_2023,1;2;3;11;13;16,7;11;22;37;40;41,20,1,1,0,0,0,0,0,40,0.333333,10,6.5,0.143939,0.143939,0.0,6,5,1,4.1667,8,0.868987,0.042831,0.391775,0.233766,0.875703,0.84348,0,4,1;10;32;36;47;48,3;10;1;1;0;0,1,0,1,4,2,10.667,6.833,0,18,2,2
105000032,2016-03-29,105000031,SEARCH_1117,PRE_2023,2;3;4;7;11;20,1;17;18;34;46;47,25,0,0,0,0,0,0,0,40,0.318182,7,6.8333,0.166667,0.136364,0.030303,5,5,0,4.6667,8,0.862085,0.044892,0.424242,0.194805,0.872939,0.843368,0,5,22;23;29;33;47;48,1;2;2;0;0;3,22,0,0,6,2,9.0,5.0,1,45,2,2
105000033,2016-04-01,105000032,SEARCH_1117,PRE_2023,1;2;3;7;11;16,8;12;16;29;37;39,40,1,1,0,0,0,0,0,42,0.333333,8,6.0,0.143939,0.136364,0.007576,6,5,0,3.5,7,0.884815,0.040657,0.385281,0.209957,0.894014,0.860486,0,5,6;10;15;28;35;47,4;2;6;3;0;1,6,0,1,3,1,9.5,8.0,1,48,1,0
105000034,2016-04-05,105000033,SEARCH_1117,PRE_2023,1;2;3;7;11;16,14;23;26;32;38;43,3,0,0,0,0,0,0,0,43,0.333333,10,6.8333,0.181818,0.143939,0.037879,5,4,0,4.5,8,0.875508,0.043571,0.415584,0.218615,0.879738,0.853106,0,5,15;16;18;23;28;33,2;3;1;2;4;1,15,0,0,3,0,10.0,13.833,1,6,2,2
105000035,2016-04-08,105000034,SEARCH_1117,PRE_2023,2;4;5;11;24;30,2;7;13;30;36;45,43,2,1,1,0,0,0,0,42,0.287879,8,6.5,0.151515,0.151515,0.0,5,6,1,3.8333,8,0.886661,0.039214,0.363636,0.209957,0.882562,0.864497,0,4,2;5;14;19;20;37,6;3;2;10;3;1,2,0,0,1,0,15.5,16.0,1,23,2,8
105000036,2016-04-12,105000035,SEARCH_1117,PRE_2023,2;3;6;7;11;16,11;14;19;39;45;49,23,1,1,0,0,0,0,0,41,0.272727,9,6.5,0.159091,0.159091,0.0,8,8,1,4.5,7,0.877466,0.040207,0.374459,0.207792,0.880027,0.849394,0,5,1;18;24;30;36;47,9;2;2;0;1;5,1,0,0,4,1,4.167,5.667,0,25,2,3
105000037,2016-04-15,105000036,SEARCH_1117,PRE_2023,4;9;10;11;16;24,9;13;17;28;45;47,3,1,1,0,0,0,0,0,44,0.333333,9,6.0,0.159091,0.159091,0.0,5,6,1,3.6667,8,0.883581,0.040526,0.359307,0.199134,0.883257,0.868368,0,4,3;7;9;25;28;37,5;6;2;8;3;2,3,1,2,3,0,10.167,9.5,1,8,3,6
105000038,2016-04-19,105000037,SEARCH_1117,PRE_2023,2;4;7;11;13;16,12;21;39;41;46;47,14,0,0,0,0,0,0,0,38,0.242424,6,6.1667,0.166667,0.166667,0.0,7,5,1,3.8333,7,0.873524,0.039505,0.361472,0.201299,0.882088,0.853282,0,4,19;35;39;46;48;49,0;3;0;0;0;3,19,0,0,5,4,3.833,6.0,1,12,1,0
105000039,2016-04-22,105000038,SEARCH_1117,PRE_2023,2;4;5;11;13;24,12;19;23;33;46;48,29,0,0,0,0,0,0,0,45,0.272727,7,5.3333,0.136364,0.136364,0.0,3,3,1,3.5,6,0.914302,0.034182,0.32684,0.212121,0.905532,0.883846,0,4,15;22;33;34;45;47,3;0;1;5;3;1,15,0,0,5,1,9.667,5.0,1,25,2,3
105000040,2016-04-26,105000039,SEARCH_1117,PRE_2023,2;11;13;16;24;27,6;12;21;25;34;43,28,0,0,0,0,0,0,0,42,0.272727,7,6.0,0.143939,0.136364,0.007576,6,3,0,3.8333,7,0.904877,0.034904,0.331169,0.194805,0.896201,0.872465,0,2,7;34;35;45;46;48,1;3;0;0;0;1,7,1,1,5,3,9.833,6.667,1,21,1,0
105000041,2016-04-29,105000040,SEARCH_1117,PRE_2023,11;12;13;16;24;27,8;14;27;31;36;40,3,1,1,0,0,0,0,0,41,0.265152,6,5.3333,0.151515,0.143939,0.007576,5,7,0,3.5,8,0.913691,0.032636,0.300866,0.233766,0.897749,0.857946,0,2,5;13;24;31;34;43,1;0;5;6;3;3,5,0,0,4,1,10.0,11.833,1,10,3,5
105000042,2016-05-03,105000041,SEARCH_1117,PRE_2023,1;2;11;13;16;24,1;7;17;40;41;43,33,1,1,0,0,0,0,0,42,0.280303,7,5.5,0.136364,0.136364,0.0,3,3,1,3.6667,6,0.909776,0.034117,0.309524,0.162338,0.897309,0.873045,0,3,5;15;23;24;34;44,3;1;0;3;5;5,5,0,0,4,1,10.833,4.833,1,47,2,5
105000043,2016-05-06,105000042,SEARCH_1117,PRE_2023,2;3;11;16;17;38,1;26;37;39;42;48,41,0,0,0,0,0,0,0,40,0.265152,6,6.1667,0.159091,0.143939,0.015152,6,6,0,3.8333,7,0.888032,0.037771,0.354978,0.218615,0.889828,0.858382,0,3,8;15;22;34;46;49,3;0;2;1;3;0,8,1,1,4,2,8.167,7.333,1,19,2,1
105000044,2016-05-10,105000043,SEARCH_1117,PRE_2023,1;2;11;16;17;24,3;4;8;22;36;38,7,0,0,0,0,0,0,0,41,0.371212,9,6.5,0.143939,0.136364,0.007576,6,4,0,4.5,8,0.87385,0.042559,0.380952,0.179654,0.885398,0.843627,0,3,7;12;17;26;27;46,4;2;2;0;1;5,7,1,2,3,1,10.167,9.833,1,11,3,3
105000045,2016-05-13,105000044,SEARCH_1117,PRE_2023,1;2;3;5;11;17,3;10;22;31;35;38,37,1,1,0,0,0,0,0,40,0.265152,7,6.1667,0.166667,0.159091,0.007576,4,4,0,4.5,8,0.874209,0.040798,0.378788,0.145022,0.887152,0.848181,0,5,1;10;13;16;24;43,7;4;0;3;3;3,1,0,1,2,1,7.5,8.167,0,11,2,4
105000046,2016-05-17,105000045,SEARCH_1117,PRE_2023,2;3;5;7;11;16,2;3;20;23;34;42,40,2,1,1,0,0,0,0,44,0.325758,8,5.6667,0.128788,0.128788,0.0,3,6,1,3.5,6,0.895853,0.03912,0.37013,0.205628,0.891158,0.867455,0,5,1;4;12;29;38;49,4;8;4;1;0;1,1,0,1,3,1,10.0,7.333,0,22,2,2
105000047,2016-05-20,105000046,SEARCH_1117,PRE_2023,2;3;5;11;16;17,5;10;25;30;40;43,26,1,1,0,0,0,0,0,45,0.310606,8,6.6667,0.143939,0.143939,0.0,7,7,1,4.3333,7,0.892429,0.040535,0.393939,0.274892,0.894245,0.870685,0,4,3;15;19;20;22;47,6;2;0;4;3;2,3,0,0,2,1,9.0,8.833,1,44,2,1
105000048,2016-05-24,105000047,SEARCH_1117,PRE_2023,3;5;11;16;24;30,6;8;13;21;33;39,45,0,0,0,0,0,0,0,43,0.356061,8,6.6667,0.174242,0.151515,0.022727,8,5,0,4.6667,8,0.889616,0.039673,0.372294,0.233766,0.893179,0.845986,0,3,15;16;24;32;43;47,2;1;2;0;1;4,15,0,0,4,1,10.833,7.5,1,39,2,1
105000049,2016-05-27,105000048,SEARCH_1117,PRE_2023,2;3;11;15;16;24,2;9;13;16;24;39,41,3,1,1,1,0,0,0,43,0.393939,9,6.5,0.159091,0.143939,0.015152,7,6,0,4.0,7,0.890901,0.041004,0.387446,0.313853,0.888606,0.846991,0,3,2;5;6;14;23;26,4;1;2;7;7;6,2,0,0,2,0,18.167,11.333,1,22,3,10
105000050,2016-05-31,105000049,SEARCH_1117,PRE_2023,2;3;11;13;30;39,1;2;5;32;45;46,43,1,1,0,0,0,0,0,43,0.295455,8,7.1667,0.136364,0.121212,0.015152,8,3,0,5.3333,8,0.905553,0.037134,0.365801,0.305195,0.889985,0.845693,0,3,2;7;10;16;40;41,2;6;3;3;2;2,2,1,2,2,0,4.0,8.5,1,27,2,3
105000051,2016-06-03,105000050,SEARCH_1117,PRE_2023,1;3;11;15;17;27,3;10;27;33;41;44,7,2,1,1,0,0,0,0,42,0.272727,7,6.0,0.143939,0.121212,0.022727,5,3,0,4.1667,8,0.90356,0.036131,0.352814,0.244589,0.891466,0.837072,0,3,1;6;21;22;26;33,7;1;5;2;3;5,1,0,0,4,0,13.5,10.167,0,16,2,3
105000052,2016-06-07,105000051,SEARCH_1117,PRE_2023,2;3;11;15;17;39,5;8;23;31;39;44,19,1,1,0,0,0,0,0,41,0.371212,9,6.5,0.121212,0.113636,0.007576,7,5,0,4.5,8,0.887314,0.040666,0.374459,0.248918,0.889041,0.847916,0,3,6;23;25;29;40;45,1;1;0;4;7;3,6,0,0,5,1,12.333,3.833,1,16,2,2
105000053,2016-06-10,105000052,SEARCH_1117,PRE_2023,2;3;5;11;15;17,4;13;15;22;23;48,3,1,1,0,0,0,0,0,44,0.280303,7,6.1667,0.174242,0.143939,0.030303,4,5,0,4.1667,8,0.889117,0.040226,0.38961,0.292208,0.889524,0.840893,0,4,3;10;22;24;43;44,1;1;7;2;7;1,3,0,1,4,0,12.833,12.5,1,2,2,3
105000054,2016-06-14,105000053,SEARCH_1117,PRE_2023,3;5;11;15;23;39,12;13;16;33;35;37,18,0,0,0,0,0,0,0,42,0.431818,11,7.6667,0.151515,0.143939,0.007576,4,6,0,5.1667,8,0.871497,0.045145,0.400433,0.183983,0.858265,0.816259,0,3,13;19;28;29;45;47,2;3;1;0;0;1,13,0,0,4,2,4.5,7.167,1,16,1,0
105000055,2016-06-17,105000054,SEARCH_1117,PRE_2023,3;11;13;16;18;23,7;10;17;20;21;31,49,0,0,0,0,0,0,0,39,0.340909,11,7.3333,0.174242,0.166667,0.007576,6,4,0,5.0,8,0.868932,0.042109,0.391775,0.242424,0.867579,0.824106,0,2,16;21;22;24;42;43,2;0;3;2;0;3,16,0,0,5,2,8.333,8.167,1,32,2,2
105000056,2016-06-21,105000055,SEARCH_1117,PRE_2023,2;3;13;15;17;39,2;27;34;35;36;49,26,1,1,0,0,0,0,0,41,0.386364,10,7.5,0.143939,0.136364,0.007576,10,6,0,4.6667,8,0.870809,0.042943,0.376623,0.222944,0.858621,0.825164,0,2,3;27;31;38;45;46,4;0;2;1;0;5,3,0,0,5,2,3.5,9.167,1,37,2,2
105000057,2016-06-24,105000056,SEARCH_1117,PRE_2023,2;3;13;15;18;39,14;17;27;28;39;41,18,1,1,0,0,0,0,0,41,0.325758,10,7.1667,0.174242,0.151515,0.022727,10,5,0,4.3333,8,0.873017,0.041632,0.396104,0.194805,0.872843,0.857905,0,2,6;7;10;19;26;48,2;5;4;5;10;0,6,1,2,2,1,7.333,8.333,1,4,2,6
105000058,2016-06-28,105000057,SEARCH_1117,PRE_2023,13;15;17;18;23;27,7;8;25;39;45;46,38,0,0,0,0,0,0,0,43,0.333333,9,6.5,0.151515,0.151515,0.0,7,5,1,4.3333,8,0.893037,0.037921,0.341991,0.257576,0.884344,0.867617,0,0,8;14;29;31;39;47,1;2;0;9;2;1,8,1,1,4,1,7.0,6.167,1,41,2,2
105000059,2016-07-01,105000058,SEARCH_1117,PRE_2023,3;7;15;18;23;39,8;20;24;34;41;43,32,0,0,0,0,0,0,0,41,0.242424,6,6.6667,0.19697,0.181818,0.015152,10,4,0,4.1667,8,0.882446,0.038755,0.357143,0.253247,0.882193,0.856815,0,2,9;10;25;30;36;41,4;1;6;2;1;1,9,0,2,4,0,8.167,5.333,1,24,1,0
105000060,2016-07-05,105000059,SEARCH_1117,PRE_2023,1;3;8;18;23;39,6;9;15;17;40;47,24,0,0,0,0,0,0,0,43,0.242424,8,6.3333,0.181818,0.174242,0.007576,4,5,0,4.0,8,0.89237,0.038211,0.365801,0.21645,0.886357,0.850455,0,3,8;19;23;27;36;48,1;2;4;2;0;3,8,1,1,4,1,9.5,11.333,1,11,3,2
105000061,2016-07-08,105000060,SEARCH_1117,PRE_2023,3;8;13;17;18;39,9;10;13;19;23;35,38,1,1,0,0,0,0,0,41,0.287879,7,7.3333,0.19697,0.19697,0.0,6,5,1,4.8333,8,0.864934,0.043449,0.398268,0.287879,0.859015,0.819018,0,2,6;12;18;27;29;42,1;0;6;4;2;1,6,0,1,3,1,8.667,8.167,1,40,2,2
105000062,2016-07-12,105000061,SEARCH_1117,PRE_2023,3;8;13;15;17;23,25;31;34;42;43;46,5,0,0,0,0,0,0,0,41,0.348485,10,7.5,0.204545,0.19697,0.007576,9,10,0,5.0,8,0.861867,0.045314,0.424242,0.279221,0.851287,0.808766,0,2,12;16;24;27;33;41,1;1;6;5;1;1,12,0,1,4,0,3.333,6.167,1,13,2,1
105000063,2016-07-15,105000062,SEARCH_1117,PRE_2023,3;8;13;15;17;39,24;25;29;33;35;38,49,0,0,0,0,0,0,0,39,0.340909,10,7.6667,0.212121,0.159091,0.05303,10,8,0,5.0,7,0.845356,0.046766,0.430736,0.166667,0.853412,0.818063,0,2,10;14;15;20;23;47,4;2;5;0;4;4,10,0,1,2,1,4.833,10.667,1,28,2,7
105000064,2016-07-19,105000063,SEARCH_1117,PRE_2023,1;3;13;17;23;39,7;13;33;40;45;46,39,1,1,0,0,0,0,0,43,0.318182,9,6.5,0.166667,0.159091,0.007576,9,7,0,4.5,8,0.878013,0.040695,0.367965,0.214286,0.882598,0.848285,0,2,3;23;25;27;35;43,1;5;1;3;4;1,3,0,0,5,0,7.167,3.667,1,6,3,2
105000065,2016-07-22,105000064,SEARCH_1117,PRE_2023,3;7;13;15;17;39,2;10;17;27;33;49,15,1,1,0,0,0,0,0,42,0.295455,7,6.8333,0.181818,0.174242,0.007576,7,8,0,4.5,8,0.871188,0.042128,0.387446,0.207792,0.878194,0.830913,0,2,6;8;23;33;44;45,1;0;7;0;7;4,6,1,1,4,2,5.5,6.0,1,3,2,2
105000066,2016-07-26,105000065,SEARCH_1117,PRE_2023,3;8;13;15;17;18,9;15;19;22;35;41,37,1,1,0,0,0,0,0,43,0.227273,8,6.5,0.181818,0.159091,0.022727,5,4,0,4.1667,7,0.889608,0.037827,0.361472,0.261905,0.89384,0.846337,0,2,4;18;19;31;38;45,2;6;0;2;4;2,4,0,0,3,1,10.833,6.5,1,48,3,2
105000067,2016-07-29,105000066,SEARCH_1117,PRE_2023,7;15;17;18;23;33,9;15;27;28;30;41,13,1,1,0,0,0,0,0,39,0.219697,8,6.6667,0.19697,0.181818,0.015152,6,4,0,4.6667,8,0.87984,0.038586,0.357143,0.207792,0.889734,0.827641,0,1,5;10;20;28;33;34,3;6;1;4;2;3,5,0,1,3,0,8.167,5.833,1,8,2,4
105000068,2016-08-02,105000067,SEARCH_1117,PRE_2023,9;11;17;18;27;33,4;15;20;22;28;29,1,0,0,0,0,0,0,0,41,0.287879,7,7.0,0.159091,0.151515,0.007576,7,4,0,4.6667,8,0.882916,0.038708,0.354978,0.233766,0.878625,0.823,0,2,11;18;19;20;21;48,3;2;3;3;3;0,11,0,1,2,1,12.667,5.5,1,15,2,2
105000069,2016-08-05,105000068,SEARCH_1117,PRE_2023,3;4;9;17;18;23,1;2;22;27;35;40,33,0,0,0,0,0,0,0,44,0.295455,9,6.1667,0.151515,0.143939,0.007576,5,5,0,4.1667,8,0.891083,0.038708,0.367965,0.242424,0.892275,0.853581,0,3,9;17;25;33;34;42,3;1;2;3;3;1,9,0,1,4,0,11.667,5.667,1,8,2,3
105000070,2016-08-09,105000069,SEARCH_1117,PRE_2023,7;9;17;18;22;23,15;17;30;35;37;45,41,1,1,0,0,0,0,0,45,0.19697,7,5.5,0.166667,0.166667,0.0,5,4,1,4.3333,8,0.918898,0.032833,0.309524,0.292208,0.902343,0.851603,0,2,6;10;26;27;31;33,4;5;2;3;1;4,6,0,1,4,0,10.333,5.5,1,20,2,4
105000071,2016-08-12,105000070,SEARCH_1117,PRE_2023,7;11;15;17;18;22,8;20;33;35;42;43,10,0,0,0,0,0,0,0,38,0.265152,7,6.8333,0.143939,0.143939,0.0,4,5,1,4.8333,8,0.870941,0.040048,0.37013,0.242424,0.876845,0.818264,0,2,21;22;28;31;35;40,0;2;1;4;1;1,21,0,0,6,1,14.167,6.667,1,41,2,2
105000072,2016-08-16,105000071,SEARCH_1117,PRE_2023,7;8;11;17;18;35,5;14;15;20;27;29,35,0,0,0,0,0,0,0,44,0.333333,9,6.3333,0.136364,0.128788,0.007576,3,3,0,3.8333,7,0.89758,0.038221,0.359307,0.274892,0.889663,0.866437,0,3,14;17;28;31;34;38,2;2;2;4;2;1,14,0,0,4,0,14.667,7.5,1,3,2,3
105000073,2016-08-19,105000072,SEARCH_1117,PRE_2023,1;11;17;18;32;35,5;19;26;44;46;48,36,0,0,0,0,0,0,0,44,0.287879,7,6.3333,0.136364,0.136364,0.0,3,5,1,4.3333,8,0.904618,0.035719,0.333333,0.231602,0.892009,0.860388,0,2,8;11;23;38;41;49,3;1;5;6;2;0,8,1,2,4,1,18.333,14.667,1,48,2,6
105000074,2016-08-23,105000073,SEARCH_1117,PRE_2023,7;11;17;18;22;35,25;26;37;38;44;48,31,0,0,0,0,0,0,0,39,0.356061,9,7.6667,0.174242,0.151515,0.022727,10,5,0,4.5,8,0.872959,0.041894,0.38961,0.25974,0.868822,0.850991,0,2,12;25;43;47;48;49,0;5;0;0;4;0,12,0,1,5,4,17.0,4.833,1,45,2,3
105000075,2016-08-26,105000074,SEARCH_1117,PRE_2023,6;11;17;27;33;35,9;28;34;41;42;49,6,0,0,0,0,0,0,0,42,0.227273,7,6.8333,0.189394,0.181818,0.007576,5,4,0,4.6667,7,0.883441,0.039177,0.365801,0.201299,0.885881,0.855576,0,2,12;19;34;37;38;47,3;1;0;3;2;4,12,0,1,4,1,11.667,8.333,1,6,2,2
105000076,2016-08-30,105000075,SEARCH_1117,PRE_2023,3;4;6;11;27;33,1;11;18;27;36;46,26,2,1,1,0,0,0,0,44,0.227273,5,5.8333,0.189394,0.189394,0.0,7,7,1,3.8333,7,0.897989,0.037209,0.359307,0.246753,0.889657,0.86159,0,4,2;5;9;25;36;43,1;7;7;6;1;1,2,0,1,3,0,16.333,19.667,1,47,2,7
105000077,2016-09-02,105000076,SEARCH_1117,PRE_2023,4;6;11;15;27;33,9;11;20;21;45;46,42,1,1,0,0,0,0,0,40,0.242424,7,6.1667,0.189394,0.151515,0.037879,5,7,0,4.3333,8,0.882912,0.038043,0.361472,0.220779,0.884449,0.837277,0,3,1;18;21;22;29;33,1;7;2;3;2;6,1,0,0,4,0,6.5,6.333,0,31,2,2
105000078,2016-09-06,105000077,SEARCH_1117,PRE_2023,3;4;6;15;27;35,4;7;20;23;28;45,35,1,1,0,0,0,0,0,40,0.30303,7,6.0,0.174242,0.174242,0.0,4,5,1,4.3333,7,0.874346,0.039861,0.357143,0.17316,0.877693,0.825312,0,3,1;14;20;24;27;28,7;2;4;3;1;3,1,0,0,3,0,11.667,7.667,0,5,2,5
105000079,2016-09-09,105000078,SEARCH_1117,PRE_2023,6;8;9;16;18;20,1;12;35;36;41;44,21,0,0,0,0,0,0,0,44,0.325758,10,5.5,0.136364,0.136364,0.0,3,6,1,3.3333,6,0.902949,0.036703,0.337662,0.309524,0.891533,0.859518,0,3,15;21;23;27;30;43,2;2;2;1;2;3,15,0,0,5,0,9.667,8.0,1,33,2,1
105000080,2016-09-13,105000079,SEARCH_1117,PRE_2023,3;6;16;20;32;35,3;16;22;33;40;41,39,2,1,1,0,0,0,0,45,0.265152,6,7.0,0.151515,0.136364,0.015152,5,6,0,4.3333,8,0.902213,0.03705,0.354978,0.24026,0.886569,0.862196,0,2,1;6;11;16;34;44,6;5;2;3;1;7,1,0,1,2,0,18.0,14.5,0,19,2,8
105000081,2016-09-16,105000080,SEARCH_1117,PRE_2023,6;11;17;32;33;35,17;23;30;31;34;49,36,1,1,0,0,0,0,0,40,0.25,6,6.5,0.143939,0.136364,0.007576,8,7,0,4.5,8,0.891493,0.036459,0.335498,0.24026,0.888248,0.839073,0,2,5;21;26;31;40;47,5;3;2;2;0;2,5,0,0,5,1,11.667,9.333,1,48,3,4
105000082,2016-09-20,105000081,SEARCH_1117,PRE_2023,6;17;20;27;35;41,4;7;17;22;44;45,32,1,1,0,0,0,0,0,45,0.272727,7,6.6667,0.151515,0.143939,0.007576,4,9,0,4.3333,8,0.912045,0.034951,0.339827,0.296537,0.882967,0.858119,0,1,1;13;26;30;37;40,2;1;7;1;3;3,1,0,0,4,0,6.333,3.0,0,7,2,3
105000083,2016-09-23,105000082,SEARCH_1117,PRE_2023,6;11;17;32;35;41,1;2;29;31;33;43,40,0,0,0,0,0,0,0,39,0.310606,8,7.1667,0.151515,0.143939,0.007576,4,9,0,4.6667,7,0.869199,0.040948,0.376623,0.257576,0.862926,0.821495,0,2,8;24;30;40;43;45,0;3;0;0;3;1,8,1,1,5,3,11.667,7.667,1,37,2,1
105000084,2016-09-27,105000083,SEARCH_1117,PRE_2023,1;6;17;33;35;41,14;15;16;35;46;48,2,1,1,0,0,0,0,0,40,0.227273,5,6.5,0.181818,0.159091,0.022727,7,5,0,4.1667,8,0.886351,0.037527,0.350649,0.266234,0.867789,0.837423,0,2,3;21;27;31;35;49,1;2;2;8;3;0,3,0,0,5,1,6.167,8.333,1,17,2,3
105000085,2016-09-30,105000084,SEARCH_1117,PRE_2023,6;18;20;33;35;41,4;10;31;38;40;48,5,0,0,0,0,0,0,0,38,0.295455,10,6.6667,0.166667,0.159091,0.007576,4,9,0,4.1667,8,0.874692,0.039654,0.365801,0.233766,0.856562,0.831071,0,1,15;22;32;37;46;49,2;2;0;1;0;2,15,0,0,5,2,8.167,7.0,1,31,2,2
105000086,2016-10-04,105000085,SEARCH_1117,PRE_2023,6;17;18;32;33;35,11;23;30;35;40;44,7,1,1,0,0,0,0,0,40,0.234848,8,6.8333,0.151515,0.143939,0.007576,5,5,0,4.1667,7,0.888308,0.036478,0.333333,0.209957,0.880244,0.859484,0,1,2;13;23;26;40;49,3;2;1;8;0;3,2,0,0,4,1,13.5,4.333,1,18,3,2
105000087,2016-10-07,105000086,SEARCH_1117,PRE_2023,6;11;31;32;33;35,10;16;30;33;37;42,43,1,1,0,0,0,0,0,40,0.295455,9,6.6667,0.174242,0.136364,0.037879,9,3,0,4.3333,8,0.883158,0.038567,0.359307,0.248918,0.877006,0.851558,0,2,5;26;28;30;36;45,0;1;3;6;1;1,5,0,0,5,1,12.0,5.833,1,32,2,2
105000088,2016-10-11,105000087,SEARCH_1117,PRE_2023,6;23;33;35;40;41,2;8;13;14;37;39,38,0,0,0,0,0,0,0,42,0.280303,8,7.0,0.159091,0.143939,0.015152,8,8,0,3.8333,8,0.889649,0.038108,0.357143,0.25974,0.869133,0.860983,0,1,19;21;37;40;44;49,0;2;3;1;0;2,19,0,0,5,2,7.167,13.5,1,41,3,3
105000089,2016-10-14,105000088,SEARCH_1117,PRE_2023,6;18;27;32;33;35,10;23;29;30;44;47,7,0,0,0,0,0,0,0,45,0.310606,11,7.3333,0.159091,0.151515,0.007576,5,8,0,4.1667,8,0.888434,0.040695,0.38961,0.372294,0.858215,0.858354,0,1,15;17;18;29;33;43,2;2;1;1;6;5,15,0,0,3,0,16.5,7.5,1,24,2,2
105000090,2016-10-18,105000089,SEARCH_1117,PRE_2023,6;10;27;32;33;35,14;15;16;24;44;47,21,0,0,0,0,0,0,0,40,0.325758,9,8.0,0.189394,0.159091,0.030303,10,5,0,4.1667,8,0.870493,0.041847,0.385281,0.207792,0.863854,0.844762,0,2,16;18;20;24;33;37,1;1;3;3;4;4,16,0,0,3,0,15.333,6.667,1,28,2,5
105000091,2016-10-21,105000090,SEARCH_1117,PRE_2023,6;10;15;23;32;35,2;8;21;32;33;37,15,1,1,0,0,0,0,0,42,0.280303,7,7.3333,0.174242,0.136364,0.037879,8,5,0,4.1667,8,0.879894,0.04016,0.376623,0.225108,0.870501,0.844578,0,2,4;7;21;28;40;43,0;2;1;10;5;1,4,1,1,4,1,13.667,11.333,1,3,2,3
105000092,2016-10-25,105000091,SEARCH_1117,PRE_2023,2;6;10;15;33;35,5;15;25;27;33;34,43,2,1,1,0,0,0,0,41,0.378788,9,7.1667,0.181818,0.143939,0.037879,7,10,0,4.1667,7,0.863478,0.044499,0.406926,0.201299,0.865271,0.841532,0,3,5;6;10;23;37;40,3;6;1;1;7;1,5,0,1,3,0,7.5,11.167,1,18,2,6
105000093,2016-10-28,105000092,SEARCH_1117,PRE_2023,1;2;6;15;19;33,1;10;13;33;37;38,40,2,1,1,0,0,0,0,43,0.30303,9,6.8333,0.151515,0.151515,0.0,7,5,1,3.8333,7,0.873137,0.041172,0.376623,0.192641,0.872163,0.860925,0,3,4;5;7;22;29;37,4;5;1;9;2;1,4,1,1,3,0,11.167,5.0,1,32,3,7
105000094,2016-11-01,105000093,SEARCH_1117,PRE_2023,2;6;10;11;15;33,10;11;15;20;31;49,44,3,1,1,1,0,0,0,40,0.348485,9,7.1667,0.181818,0.174242,0.007576,6,7,0,4.3333,7,0.856175,0.045389,0.419913,0.222944,0.862428,0.84515,0,4,1;5;6;32;40;47,9;6;6;2;0;1,1,0,0,3,1,8.167,8.167,0,17,2,6
105000095,2016-11-04,105000094,SEARCH_1117,PRE_2023,2;3;6;10;15;18,2;3;17;28;38;49,21,2,1,1,0,0,0,0,40,0.386364,10,6.6667,0.174242,0.174242,0.0,6,8,1,4.1667,8,0.859009,0.045473,0.409091,0.205628,0.861221,0.842007,0,4,4;5;38;40;43;48,5;4;0;1;0;1,4,0,0,4,2,12.5,8.667,1,44,2,1
105000096,2016-11-08,105000095,SEARCH_1117,PRE_2023,2;6;10;12;15;33,3;6;11;17;22;49,44,1,1,0,0,0,0,0,40,0.340909,8,7.8333,0.174242,0.151515,0.022727,5,7,0,4.5,7,0.846765,0.048903,0.45671,0.253247,0.846592,0.835593,0,4,2;9;25;31;32;40,3;7;2;1;2;1,2,0,1,4,0,10.167,9.167,1,16,3,3
105000097,2016-11-11,105000096,SEARCH_1117,PRE_2023,2;10;12;15;17;18,2;7;8;22;28;32,20,1,1,0,0,0,0,0,41,0.25,7,6.0,0.151515,0.143939,0.007576,5,6,0,4.0,7,0.89969,0.03525,0.329004,0.222944,0.88822,0.855692,0,3,2;13;18;19;20;45,5;2;3;2;0;5,2,0,0,1,1,8.0,5.333,1,24,2,2
105000098,2016-11-15,105000097,SEARCH_1117,PRE_2023,2;9;10;12;15;18,7;8;25;33;41;43,6,0,0,0,0,0,0,0,42,0.340909,8,6.3333,0.174242,0.143939,0.030303,4,6,0,4.1667,7,0.883697,0.040432,0.385281,0.242424,0.890909,0.86064,0,4,7;15;20;26;38;46,2;2;0;6;1;3,7,1,1,3,1,11.833,7.667,1,18,2,2
105000099,2016-11-18,105000098,SEARCH_1117,PRE_2023,2;6;7;8;12;15,6;18;24;25;26;34,19,1,1,0,0,0,0,0,41,0.265152,6,5.8333,0.181818,0.181818,0.0,7,6,1,4.1667,8,0.869687,0.040685,0.363636,0.24026,0.884736,0.838871,0,5,1;7;20;34;40;46,6;6;0;1;6;1,1,1,1,3,1,5.333,11.333,0,10,3,6
105000100,2016-11-22,105000099,SEARCH_1117,PRE_2023,2;5;6;8;12;18,1;21;24;25;34;44,19,0,0,0,0,0,0,0,44,0.340909,8,5.3333,0.151515,0.136364,0.015152,5,6,0,3.8333,7,0.903207,0.036918,0.339827,0.244589,0.909125,0.873611,0,5,22;24;26;27;30;45,0;3;3;2;2;3,22,0,0,6,1,6.0,4.833,1,7,1,0
105000101,2016-11-25,105000100,SEARCH_1117,PRE_2023,2;10;12;15;19;33,1;3;22;28;37;42,10,0,0,0,0,0,0,0,44,0.265152,6,5.6667,0.151515,0.143939,0.007576,6,4,0,3.6667,6,0.903733,0.035166,0.32684,0.225108,0.900575,0.846823,0,3,8;11;26;32;41;42,3;3;1;1;1;3,8,1,2,4,0,11.833,6.0,1,4,2,3
105000102,2016-11-29,105000101,SEARCH_1117,PRE_2023,1;12;15;17;19;33,3;21;26;28;38;40,42,0,0,0,0,0,0,0,45,0.212121,6,5.6667,0.151515,0.136364,0.015152,6,3,0,3.5,6,0.915083,0.033508,0.311688,0.218615,0.903546,0.875858,0,2,24;28;31;33;38;43,1;1;3;1;1;1,24,0,0,6,0,11.833,5.0,1,30,2,1
105000103,2016-12-02,105000102,SEARCH_1117,PRE_2023,3;5;8;12;15;19,5;25;26;34;40;49,47,1,1,0,0,0,0,0,43,0.234848,6,5.5,0.159091,0.136364,0.022727,5,6,0,3.3333,7,0.910623,0.033601,0.316017,0.246753,0.899726,0.861498,0,4,3;16;23;36;42;47,4;3;2;4;0;2,3,0,0,4,1,13.333,4.333,1,37,2,2
105000104,2016-12-06,105000103,SEARCH_1117,PRE_2023,5;9;11;12;15;19,27;30;32;41;44;46,42,0,0,0,0,0,0,0,41,0.242424,6,5.3333,0.151515,0.151515,0.0,5,5,1,3.6667,6,0.891168,0.036178,0.322511,0.175325,0.895842,0.860701,0,4,14;21;37;38;46;47,0;0;5;2;4;2,14,0,0,5,2,17.0,10.667,1,24,3,1
105000105,2016-12-09,105000104,SEARCH_1117,PRE_2023,8;9;12;15;19;33,12;28;38;42;44;49,2,1,1,0,0,0,0,0,45,0.189394,6,5.1667,0.143939,0.143939,0.0,6,4,1,3.5,6,0.925562,0.03109,0.279221,0.274892,0.910423,0.87681,0,3,1;25;32;33;36;41,6;3;1;1;2;3,1,0,0,5,0,18.5,6.5,0,29,3,2
105000106,2016-12-13,105000105,SEARCH_1117,PRE_2023,6;9;12;15;28;33,19;29;33;36;39;49,6,1,1,0,0,0,0,0,44,0.219697,7,6.0,0.159091,0.143939,0.015152,6,6,0,3.8333,7,0.907989,0.034829,0.341991,0.266234,0.903053,0.874167,0,3,6;7;21;30;35;38,6;2;6;5;3;5,6,1,1,4,0,9.667,17.333,1,5,3,6
105000107,2016-12-16,105000106,SEARCH_1117,PRE_2023,6;9;15;25;28;32,11;19;25;34;36;42,8,1,1,0,0,0,0,0,43,0.227273,6,5.8333,0.174242,0.166667,0.007576,4,7,0,3.8333,8,0.898765,0.035756,0.32684,0.264069,0.893643,0.857585,0,2,2;13;20;28;29;38,1;3;6;2;3;2,2,0,0,3,0,10.0,3.833,1,8,2,2
105000108,2016-12-20,105000107,SEARCH_1117,PRE_2023,4;11;15;25;28;34,1;29;35;36;44;46,6,0,0,0,0,0,0,0,43,0.25,7,5.6667,0.166667,0.159091,0.007576,7,4,0,4.5,8,0.891267,0.037031,0.329004,0.183983,0.898615,0.848248,0,2,12;17;26;33;36;42,1;1;4;1;7;1,12,0,1,4,0,7.167,6.5,1,7,2,4
105000109,2016-12-23,105000108,SEARCH_1117,PRE_2023,6;12;15;25;33;44,8;23;28;38;41;42,30,0,0,0,0,0,0,0,41,0.25,6,6.6667,0.151515,0.151515,0.0,4,5,1,4.3333,8,0.881212,0.038558,0.352814,0.160173,0.881292,0.852577,1,2,16;21;29;34;36;49,1;3;3;0;1;1,16,0,0,5,1,5.833,7.667,1,48,2,1
105000110,2016-12-27,105000109,SEARCH_1117,PRE_2023,6;15;28;32;33;44,10;25;26;29;31;40,2,0,0,0,0,0,0,0,43,0.219697,6,6.0,0.151515,0.136364,0.015152,5,3,0,4.3333,9,0.913078,0.033086,0.300866,0.181818,0.900037,0.863357,1,1,9;37;38;44;47;48,0;4;0;0;2;1,9,0,1,5,3,6.667,8.5,1,29,1,0
105000111,2016-12-30,105000110,SEARCH_1117,PRE_2023,1;6;9;25;28;44,6;7;35;37;38;47,12,1,1,0,0,0,0,0,42,0.242424,7,5.8333,0.166667,0.166667,0.0,4,6,1,4.5,9,0.905024,0.034773,0.331169,0.274892,0.893919,0.847493,1,3,6;8;23;29;30;36,4;1;7;3;2;4,6,1,1,4,0,9.167,10.167,1,9,2,6
106000001,2017-01-03,105000111,SEARCH_1117,PRE_2023,6;25;28;33;35;44,18;22;41;42;47;49,45,0,0,0,0,0,0,0,40,0.242424,6,6.6667,0.151515,0.143939,0.007576,8,5,0,4.6667,9,0.895177,0.035475,0.324675,0.231602,0.886694,0.849164,1,1,10;24;26;35;40;45,5;0;3;2;4;1,10,0,1,5,1,2.833,6.167,1,28,3,3
106000002,2017-01-06,106000001,SEARCH_1117,PRE_2023,12;28;33;35;38;44,12;14;32;35;40;43,17,2,1,1,0,0,0,0,42,0.212121,6,6.1667,0.159091,0.151515,0.007576,5,5,0,4.3333,9,0.901507,0.034866,0.320346,0.238095,0.891582,0.831769,1,1,1;5;14;18;23;25,6;2;5;6;2;6,1,0,0,2,0,4.667,10.0,0,45,3,5
106000003,2017-01-10,106000002,SEARCH_1117,PRE_2023,4;6;12;28;35;44,4;13;14;37;39;46,31,1,1,0,0,0,0,0,44,0.219697,7,5.6667,0.166667,0.159091,0.007576,4,5,0,4.1667,9,0.913984,0.03348,0.318182,0.225108,0.896184,0.855602,1,3,3;8;12;24;38;40,4;5;1;3;4;2,3,1,2,3,0,7.5,11.333,1,32,3,7
106000004,2017-01-13,106000003,SEARCH_1117,PRE_2023,9;15;28;33;35;44,14;19;21;25;27;38,22,0,0,0,0,0,0,0,40,0.204545,7,5.8333,0.151515,0.143939,0.007576,4,4,0,4.3333,9,0.900234,0.033807,0.300866,0.201299,0.890757,0.84191,1,1,15;18;28;36;43;45,1;2;0;2;0;3,15,0,0,4,2,13.833,7.0,1,37,2,1
106000005,2017-01-17,106000004,SEARCH_1117,PRE_2023,9;15;22;28;35;44,4;12;17;28;34;40,7,1,1,0,0,0,0,0,43,0.227273,6,5.8333,0.143939,0.128788,0.015152,6,3,0,4.3333,8,0.912704,0.032936,0.309524,0.199134,0.906814,0.867598,1,1,4;8;10;35;40;44,0;4;1;6;1;4,4,1,2,3,1,13.833,7.333,1,45,2,1
106000006,2017-01-20,106000005,SEARCH_1117,PRE_2023,9;25;28;37;38;44,1;5;16;18;31;41,13,0,0,0,0,0,0,0,45,0.287879,8,6.3333,0.143939,0.136364,0.007576,6,3,0,4.5,9,0.912389,0.035279,0.339827,0.274892,0.899159,0.864884,1,1,19;22;23;25;28;32,1;1;2;3;2;3,19,0,0,5,0,9.5,11.167,1,10,1,0
106000007,2017-01-24,106000006,SEARCH_1117,PRE_2023,1;9;25;28;37;40,1;9;17;31;33;48,49,2,1,1,0,0,0,0,44,0.257576,6,6.0,0.159091,0.136364,0.022727,8,5,0,3.8333,7,0.909071,0.035391,0.339827,0.225108,0.902241,0.862858,0,2,1;2;29;42;44;46,6;7;0;1;3;1,1,0,0,4,1,8.833,15.0,0,43,2,4
106000008,2017-01-27,106000007,SEARCH_1117,PRE_2023,1;6;9;33;40;44,1;5;7;31;35;49,42,1,1,0,0,0,0,0,39,0.401515,9,6.0,0.136364,0.128788,0.007576,6,3,0,4.0,8,0.880091,0.04017,0.329004,0.136364,0.891707,0.852202,1,3,1;10;23;38;41;42,9;0;0;3;5;2,1,0,1,4,2,4.167,4.167,0,28,2,7
106000009,2017-01-28,106000008,SEARCH_1117,PRE_2023,1;2;6;33;37;44,1;19;20;25;30;32,2,1,1,0,0,0,0,0,44,0.386364,9,5.5,0.121212,0.113636,0.007576,4,5,0,3.8333,8,0.912187,0.036712,0.333333,0.25974,0.898572,0.85947,1,3,1;18;25;36;47;48,9;0;2;2;0;2,1,0,0,4,2,8.833,10.0,0,5,2,2
106000010,2017-01-29,106000009,SEARCH_1117,PRE_2023,1;6;9;25;33;44,3;8;9;12;14;22,46,1,1,0,0,0,0,0,40,0.416667,10,6.5,0.159091,0.151515,0.007576,4,5,0,4.3333,8,0.866358,0.044227,0.385281,0.209957,0.873717,0.833876,1,3,6;12;27;32;39;44,3;1;4;0;1;1,6,0,1,4,1,5.167,9.0,1,33,1,0
106000011,2017-01-30,106000010,SEARCH_1117,PRE_2023,1;6;13;25;38;44,10;19;26;29;43;45,20,0,0,0,0,0,0,0,43,0.280303,7,6.0,0.136364,0.128788,0.007576,5,5,0,4.3333,9,0.905912,0.035428,0.341991,0.272727,0.889393,0.85104,1,2,13;19;35;38;48;49,1;1;0;0;5;9,13,0,0,4,2,7.333,14.5,1,46,2,5
106000012,2017-01-31,106000011,SEARCH_1117,PRE_2023,1;6;13;15;25;44,4;11;16;28;33;46,17,0,0,0,0,0,0,0,45,0.378788,9,6.8333,0.174242,0.136364,0.037879,5,3,0,4.3333,8,0.898033,0.040057,0.380952,0.222944,0.892234,0.861276,1,2,9;16;19;28;31;40,1;2;1;5;3;2,9,0,1,3,0,11.833,8.333,1,48,2,2
106000013,2017-02-01,106000012,SEARCH_1117,PRE_2023,1;6;13;25;28;44,4;9;11;32;43;47,44,0,0,0,0,0,0,0,44,0.295455,7,6.8333,0.181818,0.166667,0.015152,8,4,0,4.8333,9,0.888342,0.039083,0.372294,0.246753,0.887577,0.850028,1,2,7;21;22;25;30;43,4;2;2;1;1;5,7,1,1,5,0,8.0,3.833,1,6,2,2
106000014,2017-02-03,106000013,SEARCH_1117,PRE_2023,1;2;4;6;25;28,2;11;25;29;30;33,20,2,1,1,0,0,0,0,41,0.318182,7,5.3333,0.166667,0.136364,0.030303,6,6,0,3.6667,7,0.89737,0.03674,0.34632,0.166667,0.902367,0.860828,0,4,3;4;11;15;34;48,4;3;6;2;0;5,3,0,1,2,1,9.167,7.333,1,46,3,7
106000015,2017-02-07,106000014,SEARCH_1117,PRE_2023,1;2;6;11;13;25,6;18;19;23;32;49,21,1,1,0,0,0,0,0,42,0.280303,8,5.3333,0.136364,0.128788,0.007576,4,6,0,3.5,7,0.89788,0.036965,0.34632,0.214286,0.892648,0.860759,0,4,2;16;17;30;42;46,6;3;0;3;1;1,2,0,0,3,1,6.0,9.0,1,26,2,2
106000016,2017-02-10,106000015,SEARCH_1117,PRE_2023,1;5;6;13;17;24,7;11;12;15;24;26,6,1,1,0,0,0,0,0,37,0.310606,7,5.6667,0.159091,0.151515,0.007576,5,5,0,3.6667,6,0.861055,0.041416,0.359307,0.114719,0.884369,0.823693,0,3,4;8;9;25;39;44,1;4;0;4;7;0,4,1,2,3,2,10.833,13.5,1,3,3,4
106000017,2017-02-14,106000016,SEARCH_1117,PRE_2023,1;11;13;20;25;28,10;11;21;23;28;37,24,2,1,1,0,0,0,0,39,0.401515,9,6.3333,0.143939,0.136364,0.007576,4,9,0,4.1667,8,0.867374,0.043365,0.387446,0.246753,0.874361,0.826979,0,2,2;5;8;29;35;41,0;7;1;4;6;2,2,1,1,3,1,6.5,6.833,1,46,2,4
106000018,2017-02-17,106000017,SEARCH_1117,PRE_2023,1;11;13;25;27;28,6;16;21;23;46;49,39,0,0,0,0,0,0,0,42,0.356061,8,6.6667,0.136364,0.128788,0.007576,5,3,0,4.3333,8,0.878845,0.042606,0.378788,0.227273,0.886708,0.848491,0,2,19;24;28;33;37;49,2;2;1;2;0;5,19,0,0,5,1,7.333,3.333,1,13,2,2
106000019,2017-02-21,106000018,SEARCH_1117,PRE_2023,1;9;11;13;20;27,8;10;15;32;39;48,43,0,0,0,0,0,0,0,43,0.295455,7,6.0,0.151515,0.143939,0.007576,5,5,0,3.8333,7,0.890334,0.038305,0.361472,0.266234,0.883004,0.834065,0,3,12;16;24;25;33;36,1;2;3;2;3;3,12,0,1,4,0,9.833,7.667,1,13,2,2
106000020,2017-02-24,106000019,SEARCH_1117,PRE_2023,1;8;9;10;11;13,12;16;35;38;41;47,1,0,0,0,0,0,0,0,42,0.30303,10,6.6667,0.166667,0.136364,0.030303,4,6,0,3.8333,7,0.870572,0.043028,0.409091,0.242424,0.860123,0.840084,0,5,23;24;31;39;40;44,0;1;2;2;1;1,23,0,0,6,1,6.667,9.167,1,2,2,2
106000021,2017-02-28,106000020,SEARCH_1117,PRE_2023,1;9;10;11;13;25,6;14;15;19;30;43,31,0,0,0,0,0,0,0,41,0.25,6,5.1667,0.143939,0.128788,0.015152,5,5,0,3.6667,7,0.905824,0.034182,0.32684,0.225108,0.895545,0.85804,0,4,24;27;36;39;46;49,1;1;2;0;0;2,24,0,0,6,2,8.5,6.167,1,33,2,1
106000022,2017-03-03,106000021,SEARCH_1117,PRE_2023,1;9;10;11;13;37,2;16;20;37;43;48,10,1,1,0,0,0,0,0,43,0.204545,5,5.0,0.159091,0.143939,0.015152,4,5,0,3.5,8,0.915576,0.032899,0.316017,0.231602,0.901638,0.877189,0,4,6;12;15;25;38;49,2;2;4;4;2;0,6,0,1,3,1,9.0,5.333,1,3,2,2
106000023,2017-03-07,106000022,SEARCH_1117,PRE_2023,9;10;11;13;20;25,6;12;22;31;41;44,2,0,0,0,0,0,0,0,45,0.25,7,5.5,0.159091,0.136364,0.022727,5,3,0,3.6667,7,0.906165,0.034904,0.324675,0.220779,0.901284,0.872625,0,3,17;21;23;26;43;46,0;2;1;2;2;5,17,0,0,5,1,8.333,10.333,1,9,3,3
106000024,2017-03-10,106000023,SEARCH_1117,PRE_2023,3;6;10;11;13;25,11;12;21;35;41;48,1,1,1,0,0,0,0,0,45,0.204545,6,4.8333,0.166667,0.151515,0.015152,5,4,0,3.5,8,0.918404,0.032533,0.30303,0.209957,0.911694,0.873655,0,4,1;10;24;39;45;47,6;4;0;1;3;1,1,0,1,4,1,9.667,3.5,0,8,3,3
106000025,2017-03-14,106000024,SEARCH_1117,PRE_2023,3;9;11;12;13;16,15;17;20;32;33;39,21,0,0,0,0,0,0,0,43,0.386364,9,5.6667,0.151515,0.143939,0.007576,5,4,0,3.8333,8,0.892267,0.040189,0.37013,0.264069,0.895527,0.857741,0,4,8;20;26;27;30;43,1;2;4;1;3;2,8,1,1,4,0,9.0,8.0,1,24,1,0
106000026,2017-03-17,106000025,SEARCH_1117,PRE_2023,4;7;11;13;15;25,4;17;25;36;40;44,8,2,1,1,0,0,0,0,47,0.265152,7,5.6667,0.143939,0.136364,0.007576,4,4,0,3.6667,8,0.912137,0.035354,0.339827,0.316017,0.906732,0.869044,0,3,3;4;13;25;33;43,5;1;7;6;1;3,3,0,0,3,0,10.167,13.167,1,46,2,4
106000027,2017-03-21,106000026,SEARCH_1117,PRE_2023,1;5;11;25;28;32,8;16;27;32;43;44,7,1,1,0,0,0,0,0,40,0.325758,9,6.6667,0.181818,0.174242,0.007576,5,5,0,4.6667,7,0.867534,0.042765,0.38961,0.207792,0.871442,0.828873,0,3,4;9;13;20;23;30,4;2;5;7;1;3,4,0,1,2,0,8.833,7.333,1,26,2,4
106000028,2017-03-24,106000027,SEARCH_1117,PRE_2023,5;9;11;13;25;32,24;36;39;41;45;49,22,0,0,0,0,0,0,0,38,0.30303,8,6.0,0.159091,0.143939,0.015152,4,5,0,4.0,7,0.873388,0.039355,0.354978,0.170996,0.884888,0.849904,0,3,23;26;27;33;34;35,1;1;2;4;5;5,23,0,0,6,0,11.167,8.0,1,44,3,3
106000029,2017-03-28,106000028,SEARCH_1117,PRE_2023,5;10;11;13;25;32,21;22;32;37;42;44,38,1,1,0,0,0,0,0,40,0.310606,8,5.8333,0.166667,0.159091,0.007576,6,4,0,3.3333,6,0.884176,0.038418,0.350649,0.127706,0.887583,0.845561,0,3,6;14;21;33;44;45,0;0;6;1;4;6,6,0,0,4,2,11.167,8.333,1,37,2,4
106000030,2017-03-31,106000029,SEARCH_1117,PRE_2023,1;5;9;11;13;32,17;18;22;24;25;38,39,0,0,0,0,0,0,0,42,0.242424,9,6.0,0.159091,0.151515,0.007576,5,5,0,4.1667,8,0.893084,0.03704,0.344156,0.205628,0.885986,0.826397,0,4,8;14;15;22;23;35,2;5;3;1;4;3,8,1,1,3,0,15.667,6.0,1,48,2,2
106000031,2017-04-04,106000030,SEARCH_1117,PRE_2023,5;9;11;13;25;32,5;17;33;34;43;44,4,1,1,0,0,0,0,0,44,0.265152,10,6.1667,0.136364,0.136364,0.0,5,4,1,4.1667,8,0.915258,0.033573,0.320346,0.32684,0.895557,0.842145,0,3,2;11;12;19;28;34,6;3;2;4;1;7,2,0,2,2,0,13.167,10.333,1,15,2,6
106000032,2017-04-07,106000031,SEARCH_1117,PRE_2023,1;2;5;11;25;32,19;23;31;32;37;49,26,1,1,0,0,0,0,0,40,0.242424,7,5.8333,0.174242,0.151515,0.022727,4,5,0,4.0,8,0.885583,0.037481,0.348485,0.160173,0.892435,0.845844,0,4,2;17;20;22;28;44,0;3;3;9;2;6,2,0,0,3,1,7.833,7.333,1,31,3,7
106000033,2017-04-11,106000032,SEARCH_1117,PRE_2023,1;3;9;11;25;32,9;22;31;36;40;47,8,1,1,0,0,0,0,0,43,0.242424,8,5.6667,0.159091,0.143939,0.015152,5,6,0,4.0,7,0.89927,0.035934,0.341991,0.183983,0.897187,0.832048,0,4,6;21;26;34;38;40,5;2;3;1;1;2,6,0,0,5,0,13.333,8.167,1,44,3,2
106000034,2017-04-14,106000033,SEARCH_1117,PRE_2023,1;5;13;22;25;32,2;3;4;23;29;42,14,0,0,0,0,0,0,0,41,0.272727,6,6.3333,0.151515,0.128788,0.022727,4,3,0,4.3333,8,0.893611,0.036759,0.348485,0.183983,0.891038,0.843523,0,2,7;10;18;19;26;45,3;3;2;0;4;2,7,1,2,2,1,11.0,11.833,1,36,3,3
106000035,2017-04-18,106000034,SEARCH_1117,PRE_2023,1;2;13;22;25;32,14;21;25;35;36;39,18,1,1,0,0,0,0,0,40,0.265152,9,6.1667,0.166667,0.166667,0.0,7,9,1,4.1667,8,0.883372,0.038689,0.363636,0.203463,0.881189,0.825273,0,2,2;27;39;43;46;48,2;0;7;1;0;0,2,0,0,5,3,11.5,7.5,1,42,1,0
106000036,2017-04-21,106000035,SEARCH_1117,PRE_2023,1;13;17;25;32;44,5;15;22;23;28;39,25,0,0,0,0,0,0,0,40,0.265152,8,6.3333,0.166667,0.159091,0.007576,4,7,0,4.6667,9,0.895118,0.035728,0.333333,0.192641,0.892515,0.827073,1,1,9;24;25;41;44;47,2;0;4;0;3;0,9,0,1,5,3,12.5,6.833,1,1,1,0
106000037,2017-04-25,106000036,SEARCH_1117,PRE_2023,2;3;7;16;25;32,16;17;30;32;35;41,26,2,1,1,0,0,0,0,43,0.295455,9,5.5,0.151515,0.143939,0.007576,4,6,0,3.5,8,0.89076,0.038689,0.354978,0.231602,0.888482,0.853938,0,3,1;4;8;26;41;47,5;1;1;9;0;7,1,1,1,3,1,7.333,8.0,0,11,2,9
106000038,2017-04-28,106000037,SEARCH_1117,PRE_2023,7;13;17;22;25;32,1;3;19;31;32;42,43,1,1,0,0,0,0,0,42,0.272727,10,6.6667,0.159091,0.143939,0.015152,4,8,0,4.1667,8,0.889231,0.038333,0.365801,0.179654,0.88113,0.83572,0,1,1;8;27;29;31;43,3;0;1;1;10;1,1,1,1,4,1,10.667,8.167,0,18,1,0
106000039,2017-05-02,106000038,SEARCH_1117,PRE_2023,7;13;17;19;25;32,14;23;24;27;36;39,13,0,0,0,0,0,0,0,45,0.257576,10,6.3333,0.151515,0.143939,0.007576,5,7,0,3.8333,7,0.906757,0.035382,0.335498,0.24026,0.892206,0.868173,0,1,19;23;24;28;35;44,1;3;2;4;2;1,19,0,0,5,0,11.167,5.833,1,5,3,2
106000040,2017-05-05,106000039,SEARCH_1117,PRE_2023,2;7;13;17;22;32,1;9;18;19;34;49,11,0,0,0,0,0,0,0,44,0.287879,11,6.5,0.143939,0.143939,0.0,6,4,1,4.1667,8,0.891447,0.038268,0.361472,0.21645,0.890124,0.856785,0,2,7;17;21;25;27;32,1;2;3;4;2;5,7,1,1,4,0,12.667,6.333,1,29,3,5
106000041,2017-05-09,106000040,SEARCH_1117,PRE_2023,2;3;7;19;23;32,16;17;20;21;32;40,15,1,1,0,0,0,0,0,45,0.333333,8,6.5,0.174242,0.136364,0.037879,5,3,0,4.0,8,0.885165,0.041866,0.409091,0.251082,0.875417,0.863058,0,3,2;12;21;34;42;43,2;1;5;1;10;1,2,0,1,4,0,6.833,6.833,1,37,2,3
106000042,2017-05-12,106000041,SEARCH_1117,PRE_2023,2;3;7;16;19;32,2;9;18;22;25;35,14,1,1,0,0,0,0,0,38,0.272727,11,6.6667,0.204545,0.143939,0.060606,6,5,0,4.0,8,0.867954,0.041538,0.396104,0.192641,0.869815,0.84034,0,3,3;11;31;39;41;47,5;0;0;1;4;0,3,0,1,4,3,7.0,5.0,1,18,1,0
106000043,2017-05-16,106000042,SEARCH_1117,PRE_2023,2;7;16;19;23;32,5;6;7;14;29;46,24,1,1,0,0,0,0,0,41,0.295455,10,5.8333,0.143939,0.143939,0.0,5,4,1,3.5,7,0.88999,0.037677,0.34632,0.248918,0.883846,0.858851,0,2,3;16;20;29;35;38,2;2;6;1;2;2,3,0,0,3,0,6.5,15.333,1,39,3,3
106000044,2017-05-19,106000043,SEARCH_1117,PRE_2023,3;10;12;13;19;32,15;16;21;23;28;46,14,0,0,0,0,0,0,0,45,0.272727,7,5.8333,0.143939,0.136364,0.007576,6,8,0,3.5,8,0.909403,0.034613,0.316017,0.298701,0.883563,0.88191,0,3,13;19;25;33;39;49,2;1;2;5;1;0,13,0,0,4,1,16.5,4.667,1,9,2,3
106000045,2017-05-23,106000044,SEARCH_1117,PRE_2023,3;10;16;19;23;32,2;10;15;22;26;32,42,2,1,1,0,0,0,0,42,0.340909,10,7.3333,0.166667,0.166667,0.0,4,6,1,4.6667,8,0.87002,0.042484,0.378788,0.188312,0.858788,0.851292,0,2,4;5;10;11;13;33,3;5;4;1;6;10,4,0,2,1,0,7.333,11.0,1,25,2,9
106000046,2017-05-26,106000045,SEARCH_1117,PRE_2023,3;8;15;16;19;22,8;14;16;19;21;35,20,3,1,1,1,0,0,0,42,0.219697,5,5.8333,0.19697,0.166667,0.030303,5,9,0,3.8333,7,0.891749,0.037162,0.350649,0.261905,0.881147,0.863132,0,2,2;5;6;14;26;33,6;2;5;5;3;2,2,0,0,2,0,6.167,6.0,1,18,3,7
106000047,2017-05-30,106000046,SEARCH_1117,PRE_2023,3;13;14;16;19;32,7;14;19;30;31;39,40,2,1,1,0,0,0,0,39,0.333333,10,7.8333,0.19697,0.159091,0.037879,7,6,0,4.6667,8,0.857755,0.045408,0.426407,0.203463,0.851599,0.820366,0,1,2;5;12;25;29;38,3;8;7;2;1;1,2,0,1,3,0,9.667,5.5,1,49,2,6
106000048,2017-06-02,106000047,SEARCH_1117,PRE_2023,3;13;14;16;19;32,3;7;8;23;30;31,32,1,1,0,0,0,0,0,40,0.340909,9,8.5,0.181818,0.151515,0.030303,6,5,0,5.0,8,0.847611,0.049821,0.467532,0.235931,0.849465,0.83772,0,1,2;8;15;21;26;34,7;3;1;3;1;3,2,1,1,3,0,10.333,3.167,1,5,3,6
106000049,2017-06-06,106000048,SEARCH_1117,PRE_2023,3;13;14;16;19;31,14;16;25;32;36;48,12,2,1,1,0,0,0,0,40,0.295455,7,6.8333,0.181818,0.181818,0.0,7,8,1,4.0,7,0.867251,0.042203,0.391775,0.17316,0.876919,0.855019,0,1,1;3;7;35;44;47,7;7;0;8;0;3,1,1,1,3,2,9.167,8.5,0,17,3,7
106000050,2017-06-09,106000049,SEARCH_1117,PRE_2023,1;13;14;16;19;32,24;26;31;32;37;46,1,1,1,0,0,0,0,0,38,0.416667,10,8.6667,0.181818,0.166667,0.015152,4,5,0,5.0,8,0.839778,0.05133,0.467532,0.255411,0.837248,0.822222,0,1,4;9;10;32;46;48,2;3;4;11;0;0,4,0,2,3,2,10.5,7.167,1,6,2,3
106000051,2017-06-13,106000050,SEARCH_1117,PRE_2023,3;11;13;14;16;19,2;4;17;22;36;43,40,0,0,0,0,0,0,0,41,0.356061,8,6.5,0.174242,0.174242,0.0,5,10,1,4.0,8,0.870459,0.043824,0.402597,0.28355,0.857446,0.852922,0,2,9;12;13;32;42;45,0;2;4;4;0;1,9,0,2,3,2,14.333,10.167,1,26,2,1
106000052,2017-06-16,106000051,SEARCH_1117,PRE_2023,13;14;16;17;19;32,1;15;21;26;36;45,10,0,0,0,0,0,0,0,40,0.439394,10,8.3333,0.181818,0.174242,0.007576,7,4,0,4.6667,7,0.834946,0.052848,0.450216,0.19697,0.836111,0.814625,0,0,14;15;17;34;36;45,2;1;5;0;2;6,14,0,0,3,1,10.5,8.667,1,27,2,1
106000053,2017-06-20,106000052,SEARCH_1117,PRE_2023,13;14;16;19;21;32,1;12;29;30;33;44,19,0,0,0,0,0,0,0,42,0.378788,9,8.1667,0.159091,0.143939,0.015152,6,4,0,4.6667,6,0.865532,0.046148,0.422078,0.235931,0.842623,0.82317,0,0,11;13;19;34;35;46,2;3;2;0;2;3,11,0,1,3,1,11.333,14.833,1,6,3,3
106000054,2017-06-23,106000053,SEARCH_1117,PRE_2023,13;14;16;19;21;32,2;8;12;34;41;42,7,0,0,0,0,0,0,0,39,0.363636,10,8.1667,0.174242,0.166667,0.007576,9,5,0,5.1667,7,0.856452,0.045754,0.417749,0.242424,0.841491,0.806081,0,0,10;13;14;30;31;37,2;1;1;4;1;6,10,0,1,3,0,12.333,9.5,1,40,2,5
106000055,2017-06-27,106000054,SEARCH_1117,PRE_2023,2;3;13;16;19;32,11;33;34;46;47;49,38,0,0,0,0,0,0,0,41,0.280303,8,6.8333,0.174242,0.159091,0.015152,4,5,0,4.5,8,0.871139,0.041444,0.385281,0.212121,0.880692,0.849834,0,2,10;22;33;35;40;49,4;1;1;0;6;3,10,0,1,5,1,13.167,12.667,1,9,3,2
106000056,2017-06-30,106000055,SEARCH_1117,PRE_2023,2;3;13;16;19;32,8;12;22;30;32;36,6,1,1,0,0,0,0,0,42,0.234848,7,6.5,0.181818,0.174242,0.007576,4,6,0,4.3333,8,0.876946,0.040254,0.374459,0.19697,0.876526,0.860143,0,2,2;9;22;31;32;44,0;1;5;2;10;4,2,0,1,4,1,14.167,3.667,1,17,2,8
106000057,2017-07-04,106000056,SEARCH_1117,PRE_2023,3;8;13;16;19;22,4;21;27;28;30;35,42,0,0,0,0,0,0,0,39,0.257576,7,6.1667,0.181818,0.181818,0.0,4,9,1,4.1667,8,0.864464,0.041116,0.376623,0.194805,0.872026,0.833602,0,2,10;11;13;28;33;45,1;4;5;0;4;1,10,0,2,3,1,13.833,9.0,1,26,2,2
106000058,2017-07-07,106000057,SEARCH_1117,PRE_2023,3;13;16;21;22;32,18;30;40;42;44;49,8,0,0,0,0,0,0,0,42,0.30303,10,7.1667,0.174242,0.143939,0.030303,6,7,0,4.3333,7,0.872261,0.041688,0.391775,0.264069,0.869459,0.858465,0,1,13;15;19;21;22;39,3;6;5;2;2;2,13,0,0,3,0,13.167,7.667,1,8,3,3
106000059,2017-07-11,106000058,SEARCH_1117,PRE_2023,5;13;16;21;30;32,6;16;19;23;33;39,7,1,1,0,0,0,0,0,40,0.257576,8,7.8333,0.19697,0.174242,0.022727,7,6,0,4.5,7,0.87061,0.04106,0.387446,0.235931,0.862677,0.856641,0,1,2;8;16;26;43;48,2;7;6;0;2;0,2,1,1,3,2,14.667,10.833,1,32,2,4
106000060,2017-07-14,106000059,SEARCH_1117,PRE_2023,5;12;13;16;22;32,16;18;19;25;26;32,22,2,1,1,0,0,0,0,39,0.30303,8,6.6667,0.174242,0.174242,0.0,4,6,1,4.1667,8,0.876548,0.040085,0.372294,0.203463,0.871071,0.854542,0,2,1;4;7;42;43;44,8;0;6;0;0;10,1,1,1,3,3,14.5,4.5,0,3,3,8
106000061,2017-07-18,106000060,SEARCH_1117,PRE_2023,3;5;13;16;19;32,13;14;21;29;42;48,11,1,1,0,0,0,0,0,44,0.363636,9,7.5,0.174242,0.143939,0.030303,4,6,0,4.5,7,0.880998,0.044152,0.422078,0.309524,0.863228,0.837104,0,2,5;7;16;27;46;49,6;1;6;0;3;0,5,1,1,3,2,15.333,16.167,1,45,2,1
106000062,2017-07-21,106000061,SEARCH_1117,PRE_2023,3;5;16;19;21;32,2;12;24;32;42;47,29,1,1,0,0,0,0,0,37,0.340909,8,8.3333,0.219697,0.166667,0.05303,5,6,0,5.1667,8,0.827729,0.05162,0.471861,0.194805,0.831144,0.792931,0,2,5;12;15;16;35;42,2;2;0;11;5;1,5,0,1,2,1,6.667,6.0,1,30,2,7
106000063,2017-07-25,106000062,SEARCH_1117,PRE_2023,3;12;16;19;21;32,2;11;23;30;33;42,7,0,0,0,0,0,0,0,41,0.371212,10,7.6667,0.212121,0.19697,0.015152,10,5,0,5.0,8,0.850255,0.047001,0.428571,0.218615,0.858175,0.82226,0,2,9;11;13;16;19;21,2;3;5;6;2;5,9,0,2,1,0,4.167,3.833,1,20,2,7
106000064,2017-07-28,106000063,SEARCH_1117,PRE_2023,2;5;16;21;30;32,11;13;18;22;38;39,3,0,0,0,0,0,0,0,39,0.378788,10,8.1667,0.189394,0.181818,0.007576,9,4,0,5.1667,7,0.844633,0.047694,0.419913,0.19697,0.846725,0.820814,0,2,11;15;20;21;31;43,2;3;0;2;7;1,11,0,1,3,1,5.333,9.167,1,7,2,6
106000065,2017-08-01,106000064,SEARCH_1117,PRE_2023,3;5;9;16;21;32,2;12;21;30;42;47,31,1,1,0,0,0,0,0,42,0.295455,9,7.0,0.181818,0.166667,0.015152,4,5,0,4.1667,7,0.875998,0.041126,0.378788,0.190476,0.863856,0.848167,0,3,1;12;14;17;21;38,1;3;9;4;4;2,1,0,1,2,0,12.333,2.667,0,24,4,5
106000066,2017-08-04,106000065,SEARCH_1117,PRE_2023,2;3;5;16;21;22,15;16;26;27;39;45,37,1,1,0,0,0,0,0,40,0.325758,10,6.6667,0.181818,0.174242,0.007576,4,6,0,4.1667,7,0.856532,0.044611,0.402597,0.181818,0.853713,0.835604,0,3,2;22;25;30;31;45,1;8;1;0;2;5,2,0,0,5,1,8.5,8.5,1,36,3,2
106000067,2017-08-08,106000066,SEARCH_1117,PRE_2023,2;3;5;9;16;21,6;9;23;27;34;46,20,1,1,0,0,0,0,0,43,0.378788,11,6.8333,0.181818,0.166667,0.015152,4,8,0,3.8333,7,0.865315,0.045426,0.417749,0.307359,0.852685,0.849792,0,4,4;12;15;34;37;38,2;7;4;1;1;1,4,0,1,3,0,12.167,10.333,1,29,1,0
106000068,2017-08-11,106000067,SEARCH_1117,PRE_2023,2;3;5;16;21;23,2;8;9;18;27;37,33,1,1,0,0,0,0,0,42,0.386364,10,7.1667,0.212121,0.151515,0.060606,5,5,0,4.5,7,0.856394,0.047179,0.441558,0.246753,0.851764,0.840252,0,3,6;19;24;29;40;43,5;0;2;1;2;2,6,0,0,4,1,9.0,6.5,1,26,3,2
106000069,2017-08-15,106000068,SEARCH_1117,PRE_2023,2;3;5;7;16;30,13;16;27;28;33;42,11,1,1,0,0,0,0,0,43,0.393939,10,7.1667,0.143939,0.128788,0.015152,7,6,0,4.1667,7,0.863114,0.04775,0.435065,0.231602,0.864202,0.853349,0,4,2;11;15;19;23;26,4;9;3;2;2;5,2,0,1,2,0,12.667,5.167,1,25,2,6
106000070,2017-08-18,106000069,SEARCH_1117,PRE_2023,2;3;5;16;27;32,7;10;12;35;38;47,23,0,0,0,0,0,0,0,42,0.378788,11,7.6667,0.159091,0.151515,0.007576,8,6,0,4.6667,8,0.850146,0.04924,0.435065,0.225108,0.844696,0.828189,0,3,7;8;16;38;40;48,5;6;2;0;1;1,7,2,2,3,1,10.167,12.667,1,28,3,6
106000071,2017-08-22,106000070,SEARCH_1117,PRE_2023,2;3;5;16;30;32,4;10;13;36;44;45,5,0,0,0,0,0,0,0,42,0.401515,10,7.8333,0.159091,0.151515,0.007576,8,7,0,4.6667,7,0.850916,0.050177,0.441558,0.261905,0.850473,0.827757,0,3,9;12;19;20;27;28,3;4;2;2;2;3,9,0,2,2,0,11.833,8.333,1,4,3,5
106000072,2017-08-25,106000071,SEARCH_1117,PRE_2023,2;3;5;16;21;32,1;4;19;24;28;31,49,0,0,0,0,0,0,0,39,0.378788,9,7.8333,0.189394,0.181818,0.007576,7,4,0,4.6667,7,0.834517,0.051648,0.450216,0.17316,0.851566,0.816901,0,3,7;13;22;23;24;34,4;2;1;2;2;2,7,1,1,4,0,12.833,11.167,1,38,3,3
106000073,2017-08-29,106000072,SEARCH_1117,PRE_2023,3;5;16;21;22;32,5;18;25;31;48;49,44,1,1,0,0,0,0,0,39,0.340909,10,7.0,0.19697,0.151515,0.045455,6,7,0,4.6667,7,0.852737,0.045801,0.424242,0.218615,0.854692,0.815873,0,2,2;29;38;39;44;47,7;2;0;0;2;2,2,0,0,5,2,14.5,12.667,1,28,2,3
106000074,2017-09-01,106000073,SEARCH_1117,PRE_2023,2;3;10;16;21;32,5;11;14;16;36;40,46,1,1,0,0,0,0,0,37,0.356061,10,6.1667,0.174242,0.166667,0.007576,6,7,0,4.0,8,0.851309,0.045108,0.396104,0.177489,0.865092,0.82561,0,3,1;10;12;15;20;21,2;4;2;10;7;3,1,0,2,1,0,10.167,8.0,0,49,2,10
106000075,2017-09-05,106000074,SEARCH_1117,PRE_2023,2;3;16;20;32;36,13;17;23;27;33;41,2,0,0,0,0,0,0,0,39,0.333333,9,7.1667,0.151515,0.143939,0.007576,6,4,0,4.1667,8,0.862078,0.043149,0.391775,0.205628,0.86191,0.834651,0,2,10;13;24;26;43;46,2;4;0;4;0;4,10,0,1,4,2,13.833,11.5,1,5,2,3
106000076,2017-09-08,106000075,SEARCH_1117,PRE_2023,2;3;6;13;16;32,8;13;15;19;29;42,25,1,1,0,0,0,0,0,38,0.310606,9,6.5,0.189394,0.181818,0.007576,5,7,0,4.0,7,0.841394,0.046392,0.411255,0.140693,0.851909,0.814198,0,3,6;9;11;14;19;28,1;5;4;3;3;9,6,0,2,1,0,10.333,7.5,1,20,3,6
106000077,2017-09-12,106000076,SEARCH_1117,PRE_2023,2;3;6;16;32;36,7;23;29;36;45;49,14,1,1,0,0,0,0,0,40,0.272727,6,7.1667,0.151515,0.151515,0.0,10,9,1,4.3333,8,0.864161,0.042559,0.38961,0.268398,0.854274,0.820772,0,3,6;12;19;28;34;40,2;5;2;10;1;1,6,0,1,3,0,11.5,3.833,1,15,2,7
106000078,2017-09-15,106000077,SEARCH_1117,PRE_2023,2;3;16;20;23;36,3;8;11;16;33;37,35,2,1,1,0,0,0,0,37,0.265152,9,7.0,0.19697,0.181818,0.015152,7,7,0,4.3333,7,0.845732,0.044621,0.393939,0.155844,0.848614,0.803224,0,2,2;5;16;26;32;33,6;1;1;6;5;1,2,0,0,3,0,13.833,8.833,1,46,2,2
106000079,2017-09-19,106000078,SEARCH_1117,PRE_2023,8;10;13;16;20;32,2;12;15;18;37;40,39,0,0,0,0,0,0,0,37,0.340909,11,7.0,0.181818,0.174242,0.007576,5,6,0,4.8333,8,0.832769,0.048472,0.419913,0.175325,0.847597,0.793503,0,2,11;13;21;22;26;33,3;2;3;2;2;1,11,0,1,4,0,11.333,5.833,1,49,2,3
106000080,2017-09-22,106000079,SEARCH_1117,PRE_2023,2;6;10;16;20;23,18;35;39;43;47;49,44,0,0,0,0,0,0,0,42,0.363636,10,6.6667,0.181818,0.143939,0.037879,4,4,0,4.1667,8,0.868976,0.044049,0.411255,0.218615,0.863329,0.834207,0,3,12;22;28;30;35;42,1;2;1;8;2;1,12,0,1,5,0,11.167,11.167,1,20,3,4
106000081,2017-09-26,106000080,SEARCH_1117,PRE_2023,2;6;10;16;18;23,10;11;14;19;22;38,42,1,1,0,0,0,0,0,42,0.393939,10,7.3333,0.212121,0.204545,0.007576,6,7,0,4.3333,8,0.841472,0.05148,0.45671,0.227273,0.8624,0.835808,0,3,1;12;16;24;25;46,10;0;1;2;2;4,1,0,1,3,1,5.667,8.833,0,14,2,5
106000082,2017-09-29,106000081,SEARCH_1117,PRE_2023,2;6;11;16;19;23,3;14;16;21;33;36,20,1,1,0,0,0,0,0,41,0.242424,6,6.3333,0.189394,0.181818,0.007576,7,4,0,4.3333,8,0.867891,0.041294,0.367965,0.142857,0.882382,0.844121,0,3,3;16;17;23;40;42,0;3;6;4;1;4,3,0,0,3,1,4.833,5.833,1,8,3,5
106000083,2017-10-03,106000082,SEARCH_1117,PRE_2023,2;6;10;14;16;20,15;18;25;30;33;44,38,0,0,0,0,0,0,0,44,0.325758,10,6.5,0.159091,0.128788,0.030303,4,7,0,4.5,8,0.887582,0.04017,0.385281,0.251082,0.875098,0.826423,0,3,9;17;19;21;35;39,1;4;3;1;5;6,9,0,1,3,0,11.0,8.0,1,34,2,5
106000084,2017-10-06,106000083,SEARCH_1117,PRE_2023,2;4;6;14;16;20,4;28;32;37;41;45,47,1,1,0,0,0,0,0,41,0.287879,7,6.1667,0.189394,0.166667,0.022727,6,5,0,3.8333,7,0.860931,0.043187,0.391775,0.162338,0.882766,0.833053,0,3,5;18;26;29;31;34,5;1;3;1;5;2,5,0,0,4,0,13.5,11.167,1,39,2,2
106000085,2017-10-10,106000084,SEARCH_1117,PRE_2023,1;6;14;16;18;20,6;28;29;30;31;39,33,1,1,0,0,0,0,0,43,0.318182,8,6.0,0.136364,0.128788,0.007576,6,3,0,4.0,8,0.890472,0.039561,0.37013,0.274892,0.884543,0.849053,0,2,3;8;31;42;46;48,6;3;1;5;0;0,3,1,1,4,2,13.833,7.667,1,18,2,1
106000086,2017-10-13,106000085,SEARCH_1117,PRE_2023,1;3;5;16;18;20,5;8;23;34;44;46,16,1,1,0,0,0,0,0,44,0.280303,7,5.5,0.159091,0.128788,0.030303,4,4,0,3.6667,8,0.902995,0.035513,0.335498,0.199134,0.903463,0.870308,0,3,6;11;13;26;28;40,4;3;6;2;4;2,6,0,1,3,0,13.667,11.667,1,1,3,3
106000087,2017-10-17,106000086,SEARCH_1117,PRE_2023,1;5;8;16;18;20,1;3;6;11;19;27,5,1,1,0,0,0,0,0,40,0.318182,7,6.3333,0.181818,0.174242,0.007576,5,4,0,4.3333,8,0.867071,0.042184,0.38961,0.175325,0.889073,0.845593,0,3,1;15;21;22;41;46,7;2;0;2;3;0,1,0,0,4,2,12.0,7.667,0,5,2,2
106000088,2017-10-20,106000087,SEARCH_1117,PRE_2023,11;16;17;18;19;20,3;8;18;19;26;42,17,2,1,1,0,0,0,0,43,0.287879,10,7.1667,0.159091,0.136364,0.022727,4,3,0,4.6667,8,0.879319,0.041313,0.396104,0.225108,0.876453,0.84183,0,1,1;5;17;18;21;24,2;1;7;10;4;4,1,0,0,2,0,12.167,7.167,0,3,3,8
106000089,2017-10-24,106000088,SEARCH_1117,PRE_2023,2;13;16;17;18;19,2;3;5;14;16;29,32,2,1,1,0,0,0,0,41,0.318182,7,7.3333,0.189394,0.181818,0.007576,8,7,0,4.8333,7,0.860844,0.04522,0.411255,0.192641,0.870492,0.834666,0,1,1;4;8;9;31;47,7;4;1;6;6;0,1,1,2,2,1,7.667,5.333,0,49,3,11
106000090,2017-10-27,106000089,SEARCH_1117,PRE_2023,2;3;16;17;18;20,2;11;17;22;38;40,41,2,1,1,0,0,0,0,43,0.363636,9,6.1667,0.166667,0.143939,0.022727,6,5,0,4.0,7,0.881455,0.041032,0.37013,0.222944,0.889099,0.851098,0,2,1;2;12;17;33;44,9;2;6;0;4;1,1,0,1,2,1,11.5,8.0,0,23,2,4
106000091,2017-10-31,106000090,SEARCH_1117,PRE_2023,2;7;8;9;16;20,4;25;31;36;39;46,2,0,0,0,0,0,0,0,42,0.348485,8,6.8333,0.159091,0.159091,0.0,4,5,1,4.3333,7,0.866864,0.044265,0.402597,0.220779,0.86587,0.842776,0,4,21;25;33;37;42;46,1;0;1;2;2;1,21,0,0,6,1,15.5,6.833,1,1,2,1
106000092,2017-11-03,106000091,SEARCH_1117,PRE_2023,2;4;9;14;16;20,8;20;23;33;36;43,2,1,1,0,0,0,0,0,45,0.272727,6,5.8333,0.143939,0.136364,0.007576,6,5,0,3.8333,7,0.901008,0.037012,0.350649,0.212121,0.891854,0.862394,0,3,4;9;15;33;34;43,5;6;2;2;1;5,4,0,1,3,0,14.0,13.833,1,1,2,4
106000093,2017-11-07,106000092,SEARCH_1117,PRE_2023,2;8;9;16;17;30,5;6;12;22;30;48,41,1,1,0,0,0,0,0,46,0.431818,11,7.3333,0.128788,0.121212,0.007576,6,5,0,4.3333,7,0.874476,0.048378,0.448052,0.320346,0.858007,0.837709,0,3,6;13;25;32;33;35,1;1;3;2;6;5,6,0,0,4,0,7.333,9.167,1,23,2,4
106000094,2017-11-10,106000093,SEARCH_1117,PRE_2023,1;2;8;9;16;30,10;15;24;26;29;35,12,0,0,0,0,0,0,0,44,0.325758,9,6.3333,0.151515,0.136364,0.015152,4,5,0,4.3333,8,0.887293,0.040385,0.380952,0.24026,0.874236,0.854541,0,4,8;9;15;17;31;46,4;3;7;0;1;4,8,1,2,2,1,7.5,11.833,1,36,3,4
106000095,2017-11-14,106000094,SEARCH_1117,PRE_2023,1;2;7;8;9;16,5;15;24;25;44;47,45,0,0,0,0,0,0,0,40,0.280303,8,6.1667,0.181818,0.159091,0.022727,7,5,0,4.0,8,0.871971,0.041828,0.398268,0.201299,0.878035,0.853213,0,5,9;23;29;30;34;45,1;5;2;0;1;4,9,0,1,5,1,11.167,5.333,1,28,2,3
106000096,2017-11-17,106000095,SEARCH_1117,PRE_2023,1;7;8;9;16;30,2;14;19;28;39;46,45,0,0,0,0,0,0,0,42,0.363636,9,6.6667,0.143939,0.143939,0.0,4,5,1,4.1667,8,0.861068,0.046007,0.422078,0.162338,0.877978,0.856099,0,4,8;16;19;29;39;47,3;3;4;0;3;1,8,1,1,3,1,11.667,7.0,1,35,2,2
106000097,2017-11-21,106000096,SEARCH_1117,PRE_2023,1;2;3;8;9;17,4;23;25;28;39;43,41,0,0,0,0,0,0,0,40,0.409091,10,6.1667,0.159091,0.159091,0.0,5,7,1,4.1667,8,0.855853,0.046504,0.393939,0.166667,0.879277,0.841824,0,5,20;27;29;37;38;41,0;2;1;1;3;4,20,0,0,5,1,10.0,3.333,1,24,1,0
106000098,2017-11-24,106000097,SEARCH_1117,PRE_2023,1;2;4;7;8;9,4;8;10;14;41;45,38,2,1,1,0,0,0,0,43,0.242424,6,5.6667,0.174242,0.166667,0.007576,4,5,0,4.0,8,0.889644,0.03883,0.37013,0.227273,0.888199,0.850913,0,6,5;6;14;27;39;40,4;6;3;1;3;1,5,0,0,3,0,11.833,6.833,1,48,2,4
106000099,2017-11-28,106000098,SEARCH_1117,PRE_2023,1;2;4;7;8;9,9;14;17;19;46;47,29,1,1,0,0,0,0,0,44,0.386364,9,6.5,0.19697,0.166667,0.030303,7,6,0,4.3333,8,0.864432,0.046167,0.415584,0.199134,0.881593,0.8461,0,6,3;9;10;24;43;44,7;4;6;1;1;1,3,0,2,3,0,11.667,8.5,1,40,2,6
106000100,2017-12-01,106000099,SEARCH_1117,PRE_2023,1;2;7;8;9;17,2;3;5;28;42;48,9,1,1,0,0,0,0,0,42,0.356061,9,6.8333,0.136364,0.121212,0.015152,6,3,0,4.3333,8,0.870505,0.045005,0.422078,0.177489,0.891363,0.855028,0,5,4;16;19;27;30;39,5;1;2;2;4;3,4,0,0,3,0,7.333,7.0,1,3,2,4
106000101,2017-12-05,106000100,SEARCH_1117,PRE_2023,1;2;7;8;20;33,1;12;13;37;41;43,49,1,1,0,0,0,0,0,42,0.409091,9,6.8333,0.151515,0.143939,0.007576,5,4,0,4.3333,8,0.87146,0.046363,0.424242,0.194805,0.893484,0.8514,0,4,2;10;15;32;37;49,7;1;4;4;0;1,2,0,1,3,1,10.0,11.833,1,36,2,4
106000102,2017-12-08,106000101,SEARCH_1117,PRE_2023,2;7;9;12;14;33,1;5;8;10;34;35,46,0,0,0,0,0,0,0,42,0.393939,9,6.3333,0.159091,0.151515,0.007576,6,4,0,4.3333,8,0.868873,0.044817,0.393939,0.199134,0.882789,0.83708,0,4,7;8;14;31;44;47,2;4;6;0;3;0,7,2,2,3,2,7.333,5.833,1,40,2,1
106000103,2017-12-12,106000102,SEARCH_1117,PRE_2023,2;5;7;8;12;18,16;19;28;37;38;41,10,0,0,0,0,0,0,0,43,0.484848,11,7.1667,0.151515,0.143939,0.007576,4,6,0,4.6667,8,0.855381,0.051376,0.437229,0.229437,0.868016,0.828724,0,5,16;23;30;31;36;47,4;3;3;1;1;0,16,0,0,5,1,8.0,6.333,1,13,3,3
106000104,2017-12-15,106000103,SEARCH_1117,PRE_2023,2;7;8;16;19;42,17;19;24;27;31;37,8,1,1,0,0,0,0,0,44,0.363636,8,6.8333,0.151515,0.113636,0.037879,7,4,0,5.1667,8,0.89823,0.039533,0.380952,0.300866,0.890216,0.840803,0,3,4;7;13;30;40;47,4;8;2;1;0;2,4,1,1,3,1,6.5,7.667,1,3,2,1
106000105,2017-12-19,106000104,SEARCH_1117,PRE_2023,7;8;16;17;18;19,3;14;18;31;41;42,2,1,1,0,0,0,0,0,40,0.257576,6,6.5,0.151515,0.143939,0.007576,6,5,0,4.6667,8,0.887572,0.037705,0.350649,0.248918,0.888692,0.843405,0,2,4;22;26;27;37;41,0;1;7;1;3;4,4,0,0,5,1,8.667,6.0,1,14,2,3
106000106,2017-12-22,106000105,SEARCH_1117,PRE_2023,7;8;16;18;19;20,12;18;20;21;31;37,24,2,1,1,0,0,0,0,40,0.242424,6,6.3333,0.159091,0.151515,0.007576,6,7,0,4.5,8,0.892213,0.036319,0.337662,0.30303,0.892468,0.830821,0,2,3;6;10;18;22;29,2;7;6;4;2;4,3,0,1,2,0,8.833,7.833,1,44,2,5
106000107,2017-12-26,106000106,SEARCH_1117,PRE_2023,7;9;14;16;18;19,7;8;10;20;24;27,19,1,1,0,0,0,0,0,44,0.280303,9,6.6667,0.143939,0.143939,0.0,4,4,1,4.5,8,0.898992,0.038324,0.374459,0.292208,0.884196,0.831452,0,2,2;11;31;35;37;46,6;1;0;4;1;2,2,0,1,4,1,8.0,7.833,1,1,2,5
106000108,2017-12-29,106000107,SEARCH_1117,PRE_2023,2;7;14;18;19;32,11;12;15;20;27;47,36,0,0,0,0,0,0,0,44,0.227273,8,6.3333,0.151515,0.128788,0.022727,6,4,0,4.5,8,0.909761,0.034491,0.331169,0.248918,0.892217,0.850091,0,2,10;19;22;23;25;37,3;1;3;2;2;3,10,0,1,4,0,7.0,7.333,1,42,2,3
107000001,2018-01-02,106000108,SEARCH_1117,PRE_2023,2;9;14;18;19;32,2;6;12;18;36;46,47,2,1,1,0,0,0,0,43,0.234848,6,6.6667,0.159091,0.151515,0.007576,6,5,0,4.6667,8,0.901803,0.036,0.348485,0.298701,0.881631,0.837337,0,2,3;4;9;20;23;27,6;3;2;8;2;5,3,0,1,2,0,9.333,9.333,1,36,4,9
107000002,2018-01-05,107000001,SEARCH_1117,PRE_2023,2;7;12;18;19;32,4;13;17;29;31;44,14,0,0,0,0,0,0,0,43,0.333333,8,6.5,0.159091,0.151515,0.007576,6,4,0,4.6667,7,0.897923,0.038108,0.361472,0.281385,0.886486,0.84551,0,3,22;24;25;36;43;47,1;2;0;1;2;3,22,0,0,6,1,6.333,10.333,1,8,2,1
107000003,2018-01-09,107000002,SEARCH_1117,PRE_2023,2;9;12;14;18;32,2;10;22;23;24;37,42,1,1,0,0,0,0,0,47,0.227273,5,5.6667,0.143939,0.136364,0.007576,6,3,0,4.0,7,0.932671,0.031362,0.307359,0.277056,0.906999,0.871047,0,3,1;9;17;29;46;49,5;1;3;2;0;4,1,0,1,3,1,8.5,7.833,0,14,2,1
107000004,2018-01-12,107000003,SEARCH_1117,PRE_2023,1;2;9;12;18;37,1;7;14;22;40;45,29,1,1,0,0,0,0,0,40,0.386364,9,6.6667,0.151515,0.151515,0.0,8,5,1,4.3333,7,0.874849,0.042653,0.380952,0.235931,0.878003,0.839928,0,4,3;9;14;36;38;44,4;2;0;1;6;1,3,0,1,3,1,5.167,9.833,1,48,2,2
107000005,2018-01-16,107000004,SEARCH_1117,PRE_2023,2;8;9;18;26;37,8;26;29;32;36;39,23,2,1,1,0,0,0,0,45,0.227273,5,5.8333,0.143939,0.136364,0.007576,5,3,0,3.8333,7,0.915864,0.033948,0.322511,0.248918,0.898934,0.873615,0,3,4;6;10;43;45;49,6;5;1;6;0;1,4,0,1,3,1,7.833,12.833,1,42,2,4
107000006,2018-01-19,107000005,SEARCH_1117,PRE_2023,2;8;9;19;21;37,2;13;16;22;26;48,39,1,1,0,0,0,0,0,44,0.356061,9,7.0,0.166667,0.121212,0.045455,5,4,0,4.5,7,0.899573,0.039561,0.393939,0.337662,0.885428,0.863214,0,3,3;12;19;20;43;47,5;1;2;0;3;5,3,0,1,2,1,6.667,5.833,1,44,2,1
107000007,2018-01-23,107000006,SEARCH_1117,PRE_2023,2;7;8;9;18;21,2;12;26;28;33;34,44,1,1,0,0,0,0,0,43,0.44697,10,5.8333,0.128788,0.128788,0.0,5,7,1,4.0,7,0.887958,0.042494,0.367965,0.233766,0.889672,0.858428,0,4,1;15;30;34;37;48,10;2;1;0;2;3,1,0,0,4,1,6.167,9.333,0,27,2,4
107000008,2018-01-26,107000007,SEARCH_1117,PRE_2023,2;8;9;18;21;37,7;23;32;34;43;47,24,0,0,0,0,0,0,0,43,0.454545,10,7.0,0.143939,0.128788,0.015152,7,3,0,4.6667,7,0.879126,0.044714,0.398268,0.248918,0.877058,0.836621,0,3,7;11;18;23;33;48,3;1;5;0;4;4,7,1,2,3,1,7.167,6.0,1,47,2,6
107000009,2018-01-30,107000008,SEARCH_1117,PRE_2023,2;5;8;9;21;37,7;8;15;23;31;36,30,1,1,0,0,0,0,0,45,0.348485,8,5.3333,0.128788,0.128788,0.0,3,3,1,3.5,8,0.917776,0.035475,0.331169,0.30303,0.898313,0.882027,0,4,3;7;23;38;43;48,3;5;1;2;2;0,3,1,1,4,1,9.333,4.333,1,10,2,3
107000010,2018-02-02,107000009,SEARCH_1117,PRE_2023,2;7;8;9;18;21,1;2;10;11;26;43,40,1,1,0,0,0,0,0,48,0.30303,7,5.3333,0.128788,0.128788,0.0,3,4,1,3.6667,8,0.930459,0.033779,0.32684,0.305195,0.907056,0.885289,0,4,1;12;23;24;27;36,1;7;1;3;2;2,1,0,1,4,0,7.5,5.167,0,22,2,2
107000011,2018-02-06,107000010,SEARCH_1117,PRE_2023,2;6;8;9;10;23,6;10;24;27;41;43,49,2,1,1,0,0,0,0,44,0.439394,10,6.5,0.143939,0.136364,0.007576,5,3,0,4.1667,8,0.871661,0.045942,0.409091,0.231602,0.874468,0.859934,0,5,3;4;19;35;36;44,5;7;1;1;1;2,3,0,0,3,0,6.0,7.5,1,20,2,2
107000012,2018-02-09,107000011,SEARCH_1117,PRE_2023,2;8;9;10;19;21,12;17;20;21;30;45,9,1,1,0,0,0,0,0,41,0.416667,10,7.1667,0.136364,0.136364,0.0,5,9,1,4.6667,8,0.866058,0.046551,0.417749,0.274892,0.86433,0.844742,0,4,6;9;17;20;24;35,2;2;2;5;5;2,6,0,1,2,0,9.5,12.667,1,4,3,4
107000013,2018-02-13,107000012,SEARCH_1117,PRE_2023,2;8;9;10;12;21,4;10;19;26;35;45,38,1,1,0,0,0,0,0,40,0.424242,10,6.8333,0.166667,0.128788,0.037879,5,5,0,4.5,8,0.85615,0.04775,0.437229,0.244589,0.863383,0.824887,0,5,2;9;16;26;35;41,0;8;6;3;4;1,2,0,1,3,1,5.5,8.833,1,20,2,7
107000014,2018-02-15,107000013,SEARCH_1117,PRE_2023,2;8;9;10;12;14,7;21;22;37;41;48,15,0,0,0,0,0,0,0,41,0.378788,9,7.3333,0.151515,0.151515,0.0,7,6,1,4.8333,7,0.860106,0.045604,0.409091,0.203463,0.854851,0.805386,0,5,11;26;27;37;40;49,1;3;2;1;1;0,11,0,1,5,1,7.5,6.167,1,25,2,2
107000015,2018-02-16,107000014,SEARCH_1117,PRE_2023,2;7;8;9;10;14,4;7;23;24;27;41,17,1,1,0,0,0,0,0,39,0.393939,9,6.6667,0.174242,0.151515,0.022727,7,5,0,4.3333,7,0.870316,0.043112,0.400433,0.225108,0.865717,0.832662,0,5,3;36;40;43;44;45,0;5;0;0;0;2,3,0,0,5,4,8.167,3.0,1,18,1,0
107000016,2018-02-17,107000015,SEARCH_1117,PRE_2023,2;4;8;9;10;25,3;5;17;32;33;47,36,0,0,0,0,0,0,0,42,0.386364,9,5.8333,0.159091,0.151515,0.007576,4,4,0,3.8333,8,0.879561,0.041744,0.372294,0.235931,0.87152,0.835216,0,5,9;12;16;27;35;46,3;2;1;4;0;2,9,0,2,3,1,11.5,11.667,1,47,2,2
107000017,2018-02-18,107000016,SEARCH_1117,PRE_2023,2;8;9;10;23;25,7;8;20;28;34;46,10,1,1,0,0,0,0,0,41,0.280303,8,6.3333,0.166667,0.136364,0.030303,6,3,0,4.0,7,0.879971,0.040123,0.385281,0.190476,0.871627,0.837665,0,4,3;7;32;41;43;46,3;6;0;2;0;1,3,1,1,4,2,12.5,8.333,1,1,2,1
107000018,2018-02-19,107000017,SEARCH_1117,PRE_2023,1;2;7;8;9;10,7;9;19;22;36;49,29,2,1,1,0,0,0,0,38,0.295455,10,6.8333,0.136364,0.121212,0.015152,3,5,0,4.5,8,0.855789,0.04552,0.4329,0.203463,0.866646,0.831659,0,6,2;3;7;19;23;47,8;6;5;2;0;9,2,1,1,2,1,8.333,15.333,1,43,2,10
107000019,2018-02-20,107000018,SEARCH_1117,PRE_2023,2;7;8;9;10;13,12;33;34;38;40;46,7,0,0,0,0,0,0,0,40,0.522727,13,7.3333,0.174242,0.136364,0.037879,5,3,0,4.6667,8,0.847979,0.053007,0.454545,0.183983,0.858584,0.822504,0,5,8;15;20;25;47;48,2;0;2;6;4;0,8,1,1,3,2,5.333,8.833,1,1,2,3
107000020,2018-02-23,107000019,SEARCH_1117,PRE_2023,2;7;8;12;13;25,3;7;15;16;18;41,42,1,1,0,0,0,0,0,43,0.265152,7,6.3333,0.174242,0.151515,0.022727,7,6,0,4.5,8,0.898033,0.03763,0.363636,0.281385,0.889513,0.843147,0,4,4;12;13;24;35;44,0;5;1;2;4;5,4,0,1,3,1,10.167,9.167,1,8,3,5
107000021,2018-02-27,107000020,SEARCH_1117,PRE_2023,2;7;9;10;13;25,1;3;18;23;28;44,10,0,0,0,0,0,0,0,41,0.30303,8,6.6667,0.166667,0.143939,0.022727,7,5,0,4.6667,8,0.878185,0.040863,0.378788,0.253247,0.882483,0.826313,0,4,10;13;24;36;44;47,3;3;0;1;0;3,10,0,1,4,2,11.667,7.0,1,3,2,1
107000022,2018-03-02,107000021,SEARCH_1117,PRE_2023,2;3;7;9;10;13,1;12;17;25;31;48,21,0,0,0,0,0,0,0,42,0.280303,7,5.3333,0.159091,0.159091,0.0,5,6,1,4.1667,8,0.893579,0.037387,0.348485,0.214286,0.899352,0.850389,0,5,8;14;36;38;44;49,3;0;1;4;1;0,8,1,1,4,2,7.333,10.667,1,12,2,1
107000023,2018-03-06,107000022,SEARCH_1117,PRE_2023,2;3;7;10;13;40,9;11;13;17;38;42,29,1,1,0,0,0,0,0,42,0.318182,8,6.6667,0.166667,0.159091,0.007576,6,4,0,4.8333,8,0.871583,0.043168,0.398268,0.244589,0.87884,0.817169,0,4,5;8;12;15;18;27,4;2;5;2;2;8,5,1,2,1,0,8.167,11.0,1,38,3,6
107000024,2018-03-09,107000023,SEARCH_1117,PRE_2023,2;3;7;9;12;21,12;15;18;27;30;38,19,1,1,0,0,0,0,0,41,0.333333,8,6.6667,0.159091,0.136364,0.022727,6,6,0,4.3333,8,0.881134,0.042006,0.400433,0.209957,0.89116,0.855244,0,5,5;15;28;30;33;39,7;1;2;1;2;3,5,0,0,4,0,5.667,5.167,1,42,2,2
107000025,2018-03-13,107000024,SEARCH_1117,PRE_2023,2;7;8;12;15;41,14;20;22;27;28;38,19,0,0,0,0,0,0,0,41,0.318182,8,7.1667,0.136364,0.128788,0.007576,4,3,0,5.0,8,0.886835,0.040516,0.383117,0.21645,0.883647,0.838346,0,4,14;15;17;18;45;46,3;0;0;4;4;3,14,0,0,2,2,5.833,7.0,1,44,1,0
107000026,2018-03-16,107000025,SEARCH_1117,PRE_2023,2;6;7;8;9;12,3;14;16;17;43;46,4,0,0,0,0,0,0,0,44,0.295455,8,5.8333,0.151515,0.136364,0.015152,5,7,0,4.3333,7,0.901036,0.037321,0.359307,0.231602,0.894657,0.833805,0,6,18;23;26;27;28;36,1;3;1;2;3;2,18,0,0,5,0,8.5,6.167,1,32,1,0
107000027,2018-03-20,107000026,SEARCH_1117,PRE_2023,2;3;8;9;12;32,8;9;23;30;37;41,31,2,1,1,0,0,0,0,42,0.318182,8,6.1667,0.136364,0.128788,0.007576,3,4,0,4.1667,8,0.888656,0.040348,0.385281,0.177489,0.895875,0.847054,0,5,4;6;8;24;29;46,6;3;0;3;3;2,4,1,1,3,1,7.667,7.167,1,28,2,2
107000028,2018-03-23,107000027,SEARCH_1117,PRE_2023,2;3;7;8;12;21,4;9;13;32;34;41,42,0,0,0,0,0,0,0,43,0.265152,7,5.8333,0.166667,0.159091,0.007576,5,4,0,4.0,7,0.894881,0.037556,0.363636,0.190476,0.902927,0.876502,0,5,9;16;18;30;38;42,1;2;1;4;1;4,9,0,1,3,0,7.833,6.833,1,21,2,2
107000029,2018-03-27,107000028,SEARCH_1117,PRE_2023,2;3;6;7;12;21,13;15;24;30;38;40,44,0,0,0,0,0,0,0,42,0.287879,7,6.0,0.174242,0.166667,0.007576,6,6,0,4.1667,8,0.879533,0.040423,0.372294,0.212121,0.896353,0.866773,0,5,7;15;26;31;34;46,2;1;2;0;3;6,7,1,1,4,1,11.5,6.0,1,17,2,2
107000030,2018-03-30,107000029,SEARCH_1117,PRE_2023,2;6;7;8;12;41,1;5;13;43;44;47,25,0,0,0,0,0,0,0,44,0.25,6,6.6667,0.151515,0.143939,0.007576,10,5,0,4.3333,7,0.904016,0.036431,0.352814,0.21645,0.888844,0.863332,0,5,10;11;13;18;24;34,2;3;3;1;5;5,10,0,2,2,0,10.0,8.333,1,48,3,3
107000031,2018-04-03,107000030,SEARCH_1117,PRE_2023,2;6;7;11;12;41,1;7;22;32;34;36,8,1,1,0,0,0,0,0,45,0.30303,7,6.3333,0.136364,0.136364,0.0,8,3,1,4.0,7,0.913159,0.035419,0.350649,0.324675,0.903975,0.887149,0,5,3;7;24;45;47;48,3;6;0;2;0;1,3,1,1,4,2,11.667,6.167,1,20,2,1
107000032,2018-04-06,107000031,SEARCH_1117,PRE_2023,1;2;6;7;12;22,7;25;31;34;47;49,26,1,1,0,0,0,0,0,41,0.348485,9,6.0,0.143939,0.143939,0.0,6,6,1,4.6667,8,0.886835,0.039608,0.365801,0.235931,0.894121,0.860945,0,5,1;12;18;35;36;38,9;4;3;2;3;5,1,0,1,3,0,9.0,6.333,0,37,3,5
107000033,2018-04-10,107000032,SEARCH_1117,PRE_2023,1;6;7;11;12;41,7;27;32;34;41;47,9,2,1,1,0,0,0,0,41,0.409091,10,6.8333,0.136364,0.128788,0.007576,8,6,0,5.0,8,0.868909,0.044555,0.398268,0.207792,0.881524,0.827808,0,5,1;6;11;27;33;48,10;1;0;6;8;4,1,0,1,3,1,8.167,3.0,0,30,3,10
107000034,2018-04-13,107000033,SEARCH_1117,PRE_2023,1;6;7;12;34;41,1;12;25;28;40;46,39,2,1,1,0,0,0,0,43,0.393939,9,7.0,0.159091,0.151515,0.007576,4,4,0,4.8333,8,0.884962,0.041781,0.380952,0.24026,0.881863,0.844127,0,4,3;6;16;29;42;48,4;6;0;1;3;3,3,0,0,3,1,6.5,6.167,1,21,2,4
107000035,2018-04-17,107000034,SEARCH_1117,PRE_2023,1;6;7;11;12;34,7;16;31;38;40;41,39,1,1,0,0,0,0,0,40,0.401515,10,7.5,0.174242,0.174242,0.0,9,10,1,4.8333,8,0.848212,0.050411,0.439394,0.255411,0.843989,0.787165,0,5,1;7;34;42;48;49,10;0;1;0;0;10,1,1,1,4,3,7.0,3.833,0,24,2,9
107000036,2018-04-20,107000035,SEARCH_1117,PRE_2023,1;3;6;7;12;29,10;14;32;33;35;46,43,0,0,0,0,0,0,0,42,0.363636,9,6.6667,0.151515,0.151515,0.0,7,8,1,4.0,7,0.872236,0.04403,0.400433,0.235931,0.868771,0.838914,0,5,15;16;17;20;22;32,3;1;2;3;2;4,15,0,0,2,0,11.833,13.0,1,30,3,1
107000037,2018-04-24,107000036,SEARCH_1117,PRE_2023,1;6;7;11;12;28,9;10;19;21;35;36,49,0,0,0,0,0,0,0,42,0.393939,10,7.0,0.151515,0.151515,0.0,7,8,1,4.3333,7,0.866316,0.045426,0.406926,0.344156,0.85837,0.820196,0,5,12;17;31;35;39;48,1;2;1;4;2;0,12,0,1,4,1,8.5,9.833,1,28,2,3
107000038,2018-04-27,107000037,SEARCH_1117,PRE_2023,1;6;7;10;11;12,4;25;26;27;30;48,11,0,0,0,0,0,0,0,43,0.30303,7,6.0,0.159091,0.151515,0.007576,5,6,0,4.1667,8,0.886882,0.03942,0.367965,0.19697,0.887069,0.836964,0,6,11;17;32;33;41;49,3;1;1;4;3;0,11,0,1,4,1,9.0,11.5,1,5,2,3
107000039,2018-05-01,107000038,SEARCH_1117,PRE_2023,1;6;7;10;11;12,8;29;33;34;46;49,19,0,0,0,0,0,0,0,41,0.325758,8,5.8333,0.159091,0.143939,0.015152,5,6,0,4.0,8,0.882331,0.039617,0.363636,0.248918,0.876904,0.835925,0,6,7;15;19;36;43;48,0;6;4;6;0;4,7,1,1,3,2,10.0,10.833,1,28,2,4
107000040,2018-05-04,107000039,SEARCH_1117,PRE_2023,1;6;7;10;11;34,10;22;30;33;36;47,43,1,1,0,0,0,0,0,40,0.424242,10,6.5,0.143939,0.136364,0.007576,8,5,0,4.5,8,0.869186,0.043637,0.37013,0.233766,0.872703,0.82891,0,5,5;24;26;28;46;47,5;1;0;2;0;5,5,0,0,5,2,10.167,4.167,1,19,2,2
107000041,2018-05-08,107000040,SEARCH_1117,PRE_2023,1;2;6;7;10;11,3;8;21;22;37;41,46,0,0,0,0,0,0,0,40,0.295455,7,6.3333,0.19697,0.151515,0.045455,6,7,0,4.3333,8,0.860191,0.044471,0.419913,0.225108,0.878644,0.822955,0,6,8;17;21;28;29;30,1;1;2;2;2;7,8,1,1,4,0,15.5,7.0,1,27,2,3
107000042,2018-05-11,107000041,SEARCH_1117,PRE_2023,1;6;7;10;11;12,4;11;25;35;37;48,36,1,1,0,0,0,0,0,44,0.333333,8,6.8333,0.174242,0.151515,0.022727,5,8,0,4.1667,8,0.867887,0.045164,0.428571,0.207792,0.873288,0.846021,0,6,6;18;23;33;34;43,1;5;1;1;3;1,6,0,0,4,0,12.5,6.167,1,47,3,2
107000043,2018-05-15,107000042,SEARCH_1117,PRE_2023,1;6;7;12;34;41,2;12;13;16;32;43,24,1,1,0,0,0,0,0,43,0.30303,7,6.8333,0.151515,0.136364,0.015152,5,3,0,4.3333,7,0.892359,0.037762,0.348485,0.170996,0.887035,0.861095,0,4,6;9;23;25;30;34,3;5;1;2;2;2,6,0,1,4,0,10.667,13.833,1,36,2,2
107000044,2018-05-18,107000043,SEARCH_1117,PRE_2023,1;6;7;10;12;34,1;11;36;38;41;42,48,1,1,0,0,0,0,0,43,0.393939,9,6.6667,0.136364,0.136364,0.0,3,3,1,4.1667,8,0.887261,0.041585,0.385281,0.277056,0.883357,0.856944,0,5,6;9;11;17;39;48,3;2;0;1;6;5,6,0,2,2,1,10.333,8.167,1,41,2,1
107000045,2018-05-22,107000044,SEARCH_1117,PRE_2023,1;5;6;7;12;22,2;13;24;29;41;49,45,0,0,0,0,0,0,0,41,0.477273,11,6.1667,0.136364,0.136364,0.0,3,6,1,3.5,7,0.862269,0.047703,0.406926,0.218615,0.875934,0.859308,0,5,10;12;33;41;42;44,0;0;1;4;7;1,10,0,2,4,2,11.0,5.5,1,31,2,1
107000046,2018-05-25,107000045,SEARCH_1117,PRE_2023,2;5;6;7;12;22,1;6;22;24;32;42,16,2,1,1,0,0,0,0,44,0.393939,9,5.8333,0.128788,0.128788,0.0,3,7,1,3.1667,6,0.882716,0.042184,0.376623,0.231602,0.878612,0.867229,0,5,2;3;7;15;16;36,2;7;7;1;7;3,2,1,1,1,0,11.833,8.0,1,33,2,8
107000047,2018-05-29,107000046,SEARCH_1117,PRE_2023,1;6;7;12;22;41,11;14;20;26;37;41,2,1,1,0,0,0,0,0,40,0.409091,10,7.6667,0.151515,0.136364,0.015152,9,3,0,4.6667,7,0.852755,0.048284,0.417749,0.21645,0.852578,0.83119,0,4,6;15;28;32;36;44,1;0;3;1;1;9,6,0,0,4,1,3.5,8.667,1,41,1,0
107000048,2018-06-01,107000047,SEARCH_1117,PRE_2023,1;5;7;12;22;32,16;26;28;33;42;49,20,0,0,0,0,0,0,0,44,0.30303,8,7.0,0.143939,0.143939,0.0,5,4,1,4.6667,6,0.885948,0.04002,0.374459,0.25974,0.871571,0.840115,0,4,20;37;39;42;44;46,0;1;1;1;3;1,20,0,0,5,1,7.0,5.5,1,19,2,2
107000049,2018-06-05,107000048,SEARCH_1117,PRE_2023,1;5;6;7;22;32,2;17;22;25;26;41,16,1,1,0,0,0,0,0,41,0.318182,8,6.5,0.143939,0.143939,0.0,8,9,1,3.5,5,0.878779,0.039861,0.367965,0.218615,0.870761,0.871002,0,4,4;7;11;22;27;42,0;2;7;2;4;9,4,1,2,3,1,7.5,6.667,1,14,3,8
107000050,2018-06-08,107000049,SEARCH_1117,PRE_2023,1;2;5;7;12;22,2;9;17;31;32;40,47,1,1,0,0,0,0,0,40,0.363636,9,5.8333,0.136364,0.136364,0.0,5,7,1,3.6667,7,0.880381,0.040226,0.359307,0.209957,0.876325,0.841846,0,5,5;13;22;31;32;33,4;1;3;2;3;1,5,0,0,4,0,8.0,8.167,1,37,2,3
107000051,2018-06-12,107000050,SEARCH_1117,PRE_2023,2;5;6;7;22;32,2;3;14;15;35;37,29,1,1,0,0,0,0,0,42,0.371212,10,7.3333,0.151515,0.151515,0.0,4,9,1,4.3333,7,0.858374,0.04611,0.415584,0.255411,0.845501,0.836257,0,4,1;10;16;37;38;43,10;2;0;4;1;1,1,0,1,3,1,7.667,8.333,0,46,3,2
107000052,2018-06-15,107000051,SEARCH_1117,PRE_2023,2;5;7;22;26;32,16;25;28;30;44;46,27,0,0,0,0,0,0,0,40,0.424242,11,8.0,0.174242,0.159091,0.015152,5,5,0,5.0,8,0.837652,0.052079,0.450216,0.209957,0.833397,0.810427,0,3,16;20;32;44;47;49,0;2;0;1;5;0,16,0,0,4,3,8.0,9.667,1,36,1,0
107000053,2018-06-19,107000052,SEARCH_1117,PRE_2023,2;5;7;18;22;32,8;9;28;34;37;42,15,0,0,0,0,0,0,0,39,0.371212,10,8.0,0.19697,0.166667,0.030303,6,5,0,4.8333,7,0.846581,0.047835,0.435065,0.21645,0.839838,0.831323,0,3,16;22;25;29;36;41,0;1;2;1;3;3,16,0,0,5,1,13.167,6.167,1,42,3,1
107000054,2018-06-22,107000053,SEARCH_1117,PRE_2023,1;2;5;7;22;32,6;7;11;25;26;30,31,1,1,0,0,0,0,0,40,0.295455,9,6.8333,0.189394,0.189394,0.0,5,6,1,4.5,7,0.845086,0.047263,0.428571,0.181818,0.856474,0.831179,0,4,2;10;34;41;44;45,4;7;0;1;0;0,2,0,1,4,3,10.5,7.167,1,46,1,0
107000055,2018-06-26,107000054,SEARCH_1117,PRE_2023,2;5;7;18;26;41,5;9;11;23;37;44,24,1,1,0,0,0,0,0,38,0.287879,7,6.8333,0.174242,0.159091,0.015152,10,4,0,4.5,8,0.863276,0.041632,0.376623,0.192641,0.857966,0.829631,0,3,3;20;25;26;31;32,5;1;1;3;4;3,3,0,0,4,0,11.333,10.167,1,43,2,2
107000056,2018-06-29,107000055,SEARCH_1117,PRE_2023,5;7;11;18;22;26,4;13;27;30;37;41,20,0,0,0,0,0,0,0,40,0.265152,10,5.8333,0.151515,0.143939,0.007576,5,4,0,4.1667,8,0.885303,0.037237,0.341991,0.231602,0.871875,0.846791,0,3,8;18;22;26;35;36,2;1;3;1;5;9,8,1,1,4,0,7.5,8.833,1,43,2,6
107000057,2018-07-03,107000056,SEARCH_1117,PRE_2023,6;7;11;18;25;30,9;11;20;31;34;44,10,1,1,0,0,0,0,0,41,0.234848,6,5.3333,0.143939,0.143939,0.0,6,5,1,3.8333,8,0.89626,0.035316,0.320346,0.28355,0.875476,0.84518,0,3,1;7;23;30;35;47,1;6;2;0;5;1,1,1,1,4,1,7.5,4.5,0,16,2,1
107000058,2018-07-06,107000057,SEARCH_1117,PRE_2023,7;9;18;30;39;41,2;3;21;28;32;47,27,0,0,0,0,0,0,0,44,0.242424,6,7.0,0.143939,0.136364,0.007576,8,3,0,4.3333,8,0.910359,0.034182,0.32684,0.281385,0.879631,0.868662,0,2,17;20;25;35;39;41,2;1;2;1;4;2,17,0,0,4,0,16.0,10.333,1,19,2,2
107000059,2018-07-10,107000058,SEARCH_1117,PRE_2023,7;11;18;30;34;41,9;11;21;24;39;43,7,1,1,0,0,0,0,0,42,0.242424,7,7.0,0.159091,0.151515,0.007576,9,4,0,4.8333,8,0.897105,0.035457,0.324675,0.277056,0.877965,0.844572,0,2,4;7;12;23;26;47,4;5;2;0;7;2,4,1,2,3,1,8.333,14.667,1,2,2,5
107000060,2018-07-13,107000059,SEARCH_1117,PRE_2023,4;6;7;9;11;18,2;14;21;31;42;46,4,0,0,0,0,0,0,0,43,0.310606,8,5.8333,0.136364,0.136364,0.0,3,8,1,4.0,8,0.899631,0.037724,0.361472,0.344156,0.878561,0.849541,0,5,25;27;29;32;39;43,1;2;2;2;1;1,25,0,0,6,0,9.0,5.0,1,6,2,1
107000061,2018-07-17,107000060,SEARCH_1117,PRE_2023,1;6;7;9;11;18,11;20;26;34;41;43,9,1,1,0,0,0,0,0,41,0.25,8,6.0,0.143939,0.136364,0.007576,4,3,0,4.0,8,0.88396,0.038736,0.37013,0.225108,0.884065,0.857531,0,5,5;9;13;32;33;44,7;0;2;4;8;1,5,0,1,3,1,11.667,4.0,1,2,3,7
107000062,2018-07-20,107000061,SEARCH_1117,PRE_2023,2;6;7;9;11;18,9;12;13;24;39;45,38,1,1,0,0,0,0,0,43,0.280303,8,6.0,0.174242,0.166667,0.007576,4,7,0,4.1667,8,0.883844,0.039495,0.374459,0.246753,0.881906,0.846087,0,5,1;15;21;24;31;46,8;2;0;1;4;9,1,0,0,4,1,10.0,13.833,0,48,2,7
107000063,2018-07-24,107000062,SEARCH_1117,PRE_2023,6;7;9;11;18;41,24;25;29;32;42;49,12,0,0,0,0,0,0,0,43,0.340909,9,6.1667,0.151515,0.143939,0.007576,8,6,0,4.1667,8,0.901379,0.037012,0.341991,0.238095,0.896244,0.869353,0,4,14;16;25;31;42;46,2;0;4;5;3;2,14,0,0,4,1,10.333,8.5,1,26,3,2
107000064,2018-07-27,107000063,SEARCH_1117,PRE_2023,6;7;9;10;11;18,5;12;17;19;35;48,9,0,0,0,0,0,0,0,42,0.265152,7,5.8333,0.181818,0.166667,0.015152,5,7,0,4.0,7,0.883382,0.039186,0.37013,0.28355,0.882583,0.856718,0,5,7;16;21;33;45;48,2;0;2;7;0;3,7,1,1,4,2,14.833,14.5,1,1,2,4
107000065,2018-07-31,107000064,SEARCH_1117,PRE_2023,1;7;9;10;18;32,15;20;22;31;35;37,14,0,0,0,0,0,0,0,43,0.30303,8,6.8333,0.19697,0.174242,0.022727,7,4,0,4.1667,8,0.882301,0.041472,0.406926,0.257576,0.885169,0.871201,0,4,10;20;22;23;45;48,2;0;4;0;2;3,10,0,1,4,2,16.833,8.167,1,36,2,2
107000066,2018-08-03,107000065,SEARCH_1117,PRE_2023,3;9;10;11;16;18,4;6;30;35;40;43,13,0,0,0,0,0,0,0,46,0.265152,6,6.1667,0.151515,0.151515,0.0,5,7,1,3.8333,7,0.89336,0.038446,0.363636,0.238095,0.88992,0.870164,0,4,9;11;31;43;48;49,3;3;1;0;0;1,9,0,2,4,2,16.5,9.0,1,47,1,0
107000067,2018-08-07,107000066,SEARCH_1117,PRE_2023,4;8;9;10;11;18,12;13;19;25;30;46,5,0,0,0,0,0,0,0,44,0.340909,8,6.0,0.151515,0.151515,0.0,4,7,1,3.5,7,0.884276,0.039945,0.357143,0.188312,0.886558,0.862239,0,5,7;15;29;42;45;47,2;0;0;4;7;1,7,1,1,4,2,16.0,3.833,1,11,2,3
107000068,2018-08-10,107000067,SEARCH_1117,PRE_2023,1;9;10;11;18;41,5;7;16;18;36;48,37,1,1,0,0,0,0,0,46,0.333333,10,6.8333,0.151515,0.136364,0.015152,8,5,0,4.0,8,0.89485,0.039579,0.376623,0.28355,0.888977,0.863944,0,4,5;8;18;20;25;45,3;2;2;7;4;1,5,1,1,2,0,19.0,17.667,1,40,3,4
107000069,2018-08-14,107000068,SEARCH_1117,PRE_2023,2;9;10;11;23;25,15;16;17;25;34;49,5,1,1,0,0,0,0,0,46,0.257576,8,6.3333,0.174242,0.174242,0.0,4,4,1,4.0,7,0.898026,0.037724,0.350649,0.268398,0.889327,0.872399,0,4,1;11;24;26;36;39,1;2;1;8;6;4,1,0,1,4,0,11.5,4.333,0,8,3,6
107000070,2018-08-17,107000069,SEARCH_1117,PRE_2023,6;9;10;11;23;25,3;14;19;21;35;48,13,0,0,0,0,0,0,0,44,0.295455,7,6.3333,0.159091,0.159091,0.0,7,9,1,3.8333,7,0.898727,0.037312,0.352814,0.296537,0.887363,0.867332,0,4,20;24;33;34;37;41,1;1;2;1;2;1,20,0,0,5,0,11.167,6.833,1,8,2,1
107000071,2018-08-21,107000070,SEARCH_1117,PRE_2023,6;9;10;11;13;25,8;12;17;28;31;34,1,0,0,0,0,0,0,0,45,0.257576,9,6.5,0.159091,0.136364,0.022727,4,3,0,3.8333,8,0.893645,0.038062,0.363636,0.255411,0.885116,0.875902,0,4,9;18;31;39;43;47,2;3;1;0;1;2,9,0,1,4,1,10.167,7.5,1,7,1,0
107000072,2018-08-24,107000071,SEARCH_1117,PRE_2023,6;9;10;11;25;30,3;7;9;31;39;45,35,1,1,0,0,0,0,0,41,0.401515,10,6.5,0.151515,0.151515,0.0,6,7,1,3.8333,6,0.879286,0.042306,0.383117,0.292208,0.881863,0.869653,0,4,1;16;20;29;30;44,1;0;10;3;5;4,1,0,0,3,1,11.167,6.167,0,15,2,5
107000073,2018-08-28,107000072,SEARCH_1117,PRE_2023,6;9;10;11;25;41,8;10;11;39;42;44,27,2,1,1,0,0,0,0,43,0.318182,8,6.3333,0.143939,0.136364,0.007576,7,7,0,4.1667,7,0.891299,0.038165,0.339827,0.214286,0.885175,0.866083,0,4,2;5;23;25;34;49,1;6;6;0;1;2,2,0,0,4,1,11.5,12.333,1,35,2,2
107000074,2018-08-31,107000073,SEARCH_1117,PRE_2023,1;9;18;23;25;30,12;15;34;37;43;46,38,0,0,0,0,0,0,0,42,0.348485,8,6.1667,0.151515,0.143939,0.007576,5,5,0,4.0,7,0.882145,0.039645,0.352814,0.194805,0.881595,0.868781,0,2,12;15;20;24;30;40,2;1;5;7;2;1,12,0,1,3,0,11.167,5.833,1,27,3,4
107000075,2018-09-04,107000074,SEARCH_1117,PRE_2023,9;11;12;18;25;34,4;6;10;15;42;49,12,0,0,0,0,0,0,0,45,0.340909,8,6.5,0.166667,0.136364,0.030303,5,5,0,4.5,8,0.893228,0.039383,0.372294,0.246753,0.890315,0.870333,0,3,10;19;25;27;33;43,1;3;1;2;1;2,10,0,1,4,0,3.333,4.833,1,5,2,2
107000076,2018-09-07,107000075,SEARCH_1117,PRE_2023,4;9;23;25;34;41,2;8;14;21;37;44,49,0,0,0,0,0,0,0,45,0.212121,6,6.1667,0.166667,0.166667,0.0,4,5,1,4.0,8,0.901706,0.035869,0.320346,0.207792,0.895099,0.883664,0,2,12;18;19;26;40;47,3;2;0;1;4;3,12,0,1,3,1,8.333,6.0,1,45,2,2
107000077,2018-09-11,107000076,SEARCH_1117,PRE_2023,1;9;18;23;25;34,14;16;18;23;25;44,41,3,1,1,1,0,0,0,40,0.272727,6,6.3333,0.174242,0.166667,0.007576,5,5,0,4.1667,8,0.885945,0.038118,0.361472,0.227273,0.884595,0.861533,0,2,4;5;6;24;32;35,2;2;5;5;8;1,4,0,0,3,0,13.0,8.167,1,11,2,5
107000078,2018-09-14,107000077,SEARCH_1117,PRE_2023,2;9;13;18;23;25,19;29;36;37;45;46,18,0,0,0,0,0,0,0,43,0.181818,4,4.5,0.151515,0.151515,0.0,4,6,1,3.1667,8,0.919006,0.03183,0.285714,0.272727,0.897687,0.881919,0,2,14;20;26;30;36;49,1;5;2;5;4;0,14,0,0,4,1,3.667,7.5,1,5,2,4
107000079,2018-09-18,107000078,SEARCH_1117,PRE_2023,1;3;11;23;25;37,11;23;34;36;41;45,43,2,1,1,0,0,0,0,44,0.234848,7,5.3333,0.128788,0.121212,0.007576,4,3,0,3.5,8,0.923931,0.031484,0.290043,0.270563,0.898137,0.88426,0,3,1;6;9;15;28;33,7;4;5;2;6;4,1,0,1,2,0,8.5,5.5,0,29,3,8
107000080,2018-09-21,107000079,SEARCH_1117,PRE_2023,3;11;18;25;34;37,3;5;10;11;29;45,25,2,1,1,0,0,0,0,42,0.272727,9,7.0,0.166667,0.136364,0.030303,5,3,0,4.6667,8,0.881837,0.039739,0.380952,0.212121,0.87093,0.832229,0,2,2;3;8;24;37;39,5;3;1;8;1;3,2,1,1,3,0,3.0,4.833,1,4,2,2
107000081,2018-09-25,107000080,SEARCH_1117,PRE_2023,1;3;11;25;34;37,19;25;27;39;40;46,6,1,1,0,0,0,0,0,42,0.272727,6,7.0,0.128788,0.128788,0.0,3,4,1,4.3333,8,0.886756,0.040114,0.391775,0.287879,0.867107,0.843591,0,3,2;13;21;28;41;45,0;8;5;2;2;2,2,0,0,4,1,7.667,9.667,1,17,3,2
107000082,2018-09-28,107000081,SEARCH_1117,PRE_2023,1;11;12;25;34;37,1;2;7;20;27;37,19,2,1,1,0,0,0,0,43,0.295455,8,6.8333,0.136364,0.136364,0.0,3,5,1,4.5,7,0.881184,0.042231,0.406926,0.220779,0.868008,0.832659,0,3,3;5;8;21;23;27,6;1;3;2;3;6,3,1,1,3,0,9.0,12.333,1,11,3,5
107000083,2018-10-02,107000082,SEARCH_1117,PRE_2023,1;2;3;11;25;37,2;8;16;33;42;47,14,1,1,0,0,0,0,0,41,0.272727,8,5.8333,0.181818,0.151515,0.030303,4,4,0,4.3333,8,0.888279,0.037968,0.365801,0.25974,0.883064,0.830562,0,4,3;8;18;32;40;42,5;0;1;6;2;5,3,1,1,3,1,1.833,13.667,1,26,2,6
107000084,2018-10-05,107000083,SEARCH_1117,PRE_2023,2;5;9;11;25;37,3;9;10;42;44;47,5,1,1,0,0,0,0,0,45,0.363636,9,5.8333,0.128788,0.128788,0.0,3,4,1,4.1667,7,0.902726,0.038343,0.357143,0.231602,0.890034,0.848473,0,4,5;7;21;26;27;38,1;3;4;4;1;5,5,1,1,4,0,4.333,4.833,1,6,3,4
107000085,2018-10-09,107000084,SEARCH_1117,PRE_2023,1;2;3;11;25;37,8;13;16;23;35;41,21,0,0,0,0,0,0,0,40,0.295455,7,6.1667,0.181818,0.151515,0.030303,4,4,0,3.8333,8,0.883407,0.038427,0.352814,0.179654,0.878479,0.840368,0,4,10;14;16;26;28;29,1;4;3;3;2;5,10,0,1,3,0,3.0,8.167,1,43,2,1
107000086,2018-10-12,107000085,SEARCH_1117,PRE_2023,1;2;8;16;25;37,4;6;7;12;20;21,29,0,0,0,0,0,0,0,43,0.348485,9,5.8333,0.136364,0.136364,0.0,3,4,1,3.3333,7,0.903792,0.036525,0.32684,0.201299,0.890845,0.878131,0,3,9;15;19;26;44;45,0;3;2;3;0;2,9,0,1,3,2,3.0,8.667,1,47,1,0
107000087,2018-10-16,107000086,SEARCH_1117,PRE_2023,1;2;4;11;37;41,1;24;39;40;46;49,33,1,1,0,0,0,0,0,44,0.30303,8,5.6667,0.136364,0.128788,0.007576,7,4,0,3.5,8,0.918262,0.033451,0.305195,0.248918,0.895414,0.882274,0,4,4;25;28;42;44;48,3;2;0;4;1;2,4,0,0,5,1,4.0,9.833,1,27,3,4
107000088,2018-10-19,107000087,SEARCH_1117,PRE_2023,1;2;5;11;37;41,7;18;20;32;42;49,24,0,0,0,0,0,0,0,43,0.310606,8,6.5,0.166667,0.128788,0.037879,9,4,0,3.8333,7,0.892716,0.037874,0.359307,0.242424,0.882133,0.87066,0,4,7;10;12;17;28;41,3;4;1;5;7;2,7,1,3,2,0,5.167,7.5,1,20,2,3
107000089,2018-10-23,107000088,SEARCH_1117,PRE_2023,2;5;7;11;18;37,6;9;13;20;42;43,21,0,0,0,0,0,0,0,42,0.356061,9,6.3333,0.174242,0.143939,0.030303,5,7,0,4.1667,8,0.88923,0.039936,0.383117,0.255411,0.882547,0.859009,0,4,7;18;19;30;40;44,2;1;0;2;7;2,7,1,1,3,1,5.5,4.833,1,45,2,4
107000090,2018-10-26,107000089,SEARCH_1117,PRE_2023,2;5;7;9;11;42,8;10;23;33;41;46,48,0,0,0,0,0,0,0,43,0.242424,7,5.8333,0.151515,0.136364,0.015152,4,5,0,4.0,8,0.910723,0.033836,0.322511,0.235931,0.893874,0.868374,0,5,18;23;24;25;31;44,0;2;2;5;4;3,18,0,0,5,1,5.167,5.167,1,43,2,3
107000091,2018-10-30,107000090,SEARCH_1117,PRE_2023,2;8;11;18;37;42,3;9;28;32;39;47,7,0,0,0,0,0,0,0,38,0.287879,7,7.3333,0.19697,0.174242,0.022727,10,4,0,4.8333,9,0.860266,0.042428,0.393939,0.183983,0.867124,0.829839,0,3,11;22;31;36;45;49,1;3;0;1;0;4,11,0,1,5,2,5.667,7.167,1,7,1,0
107000092,2018-11-02,107000091,SEARCH_1117,PRE_2023,2;3;9;11;22;42,5;16;18;32;41;47,2,0,0,0,0,0,0,0,43,0.371212,11,7.5,0.166667,0.151515,0.015152,4,5,0,5.0,9,0.877412,0.043234,0.404762,0.255411,0.864092,0.822645,0,4,7;13;27;31;41;42,1;3;5;1;1;3,7,1,1,4,0,8.833,4.5,1,4,3,2
107000093,2018-11-06,107000092,SEARCH_1117,PRE_2023,2;9;11;22;41;42,2;5;26;29;38;39,7,1,1,0,0,0,0,0,43,0.325758,8,7.3333,0.166667,0.166667,0.0,8,5,1,4.5,9,0.882942,0.040713,0.376623,0.218615,0.87402,0.847593,0,3,1;16;18;22;38;49,8;2;3;0;7;1,1,0,0,3,1,9.667,17.833,0,44,4,3
107000094,2018-11-09,107000093,SEARCH_1117,PRE_2023,2;3;9;11;22;42,4;12;14;15;22;48,28,1,1,0,0,0,0,0,41,0.310606,8,7.0,0.174242,0.166667,0.007576,10,9,0,4.1667,9,0.877037,0.041397,0.380952,0.222944,0.871252,0.853281,0,4,3;14;16;20;21;36,2;2;3;3;6;4,3,0,0,2,0,9.167,17.5,1,26,3,8
107000095,2018-11-13,107000094,SEARCH_1117,PRE_2023,1;2;4;9;11;37,7;21;35;36;42;43,10,0,0,0,0,0,0,0,41,0.280303,7,6.0,0.151515,0.143939,0.007576,6,4,0,3.8333,7,0.87445,0.040357,0.372294,0.134199,0.888868,0.85387,0,5,8;19;22;27;35;44,0;3;2;5;8;1,8,1,1,4,1,7.167,9.0,1,34,2,2
107000096,2018-11-16,107000095,SEARCH_1117,PRE_2023,1;2;7;9;11;20,7;11;23;30;38;49,45,2,1,1,0,0,0,0,44,0.287879,8,6.5,0.159091,0.151515,0.007576,6,9,0,3.8333,8,0.879166,0.042119,0.406926,0.233766,0.887961,0.872106,0,5,4;5;16;26;31;42,6;6;1;4;3;2,4,0,0,3,0,6.833,10.5,1,33,2,4
107000097,2018-11-20,107000096,SEARCH_1117,PRE_2023,1;2;7;9;11;42,4;31;34;36;40;44,20,0,0,0,0,0,0,0,42,0.333333,8,7.5,0.19697,0.166667,0.030303,10,5,0,4.6667,9,0.865103,0.044911,0.424242,0.21645,0.874292,0.854064,0,5,11;13;34;39;40;41,2;6;1;1;1;1,11,0,1,4,0,4.0,11.833,1,18,3,3
107000098,2018-11-23,107000097,SEARCH_1117,PRE_2023,1;2;4;7;9;42,7;20;21;34;37;43,5,1,1,0,0,0,0,0,40,0.287879,8,6.3333,0.166667,0.151515,0.015152,9,6,0,3.8333,9,0.875094,0.040985,0.385281,0.218615,0.883396,0.851534,0,5,3;10;19;21;23;39,6;2;2;1;6;2,3,0,1,3,0,4.833,5.667,1,28,2,4
107000099,2018-11-27,107000098,SEARCH_1117,PRE_2023,1;2;7;9;34;37,27;33;36;41;43;44,31,0,0,0,0,0,0,0,39,0.371212,11,8.0,0.181818,0.166667,0.015152,8,9,0,4.8333,8,0.842753,0.048594,0.445887,0.205628,0.852276,0.814675,0,4,9;10;25;27;29;35,5;5;1;2;2;2,9,0,2,4,0,4.833,6.333,1,24,2,4
107000100,2018-11-30,107000099,SEARCH_1117,PRE_2023,1;7;9;17;34;37,5;14;20;27;29;45,7,0,0,0,0,0,0,0,41,0.416667,10,8.0,0.166667,0.121212,0.045455,8,3,0,4.5,8,0.846053,0.051442,0.474026,0.24026,0.859002,0.837736,0,3,9;20;23;43;44;47,0;0;3;2;0;5,9,0,1,4,3,9.5,7.167,1,1,2,2
107000101,2018-12-04,107000100,SEARCH_1117,PRE_2023,1;7;9;17;37;42,3;6;12;16;17;20,14,1,1,0,0,0,0,0,40,0.356061,10,8.1667,0.181818,0.166667,0.015152,8,8,0,4.6667,8,0.839889,0.049962,0.458874,0.220779,0.850599,0.8105,0,3,5;9;12;23;36;42,2;1;1;0;7;5,5,0,2,3,1,11.0,11.5,1,29,3,3
107000102,2018-12-07,107000101,SEARCH_1117,PRE_2023,1;7;9;20;34;42,11;20;29;33;34;36,18,2,1,1,0,0,0,0,41,0.348485,8,7.3333,0.166667,0.121212,0.045455,7,4,0,4.3333,9,0.873691,0.043815,0.415584,0.274892,0.879869,0.844267,0,3,2;6;24;25;34;46,2;10;0;4;7;2,2,0,0,4,1,7.0,3.167,1,7,3,9
107000103,2018-12-11,107000102,SEARCH_1117,PRE_2023,1;7;9;11;20;34,7;12;15;21;27;47,48,1,1,0,0,0,0,0,40,0.333333,10,7.5,0.174242,0.136364,0.037879,6,6,0,5.0,8,0.854266,0.046401,0.439394,0.181818,0.861877,0.803298,0,4,3;25;27;29;30;43,6;1;1;0;2;3,3,0,0,5,1,6.0,5.833,1,49,2,1
107000104,2018-12-14,107000103,SEARCH_1117,PRE_2023,1;7;11;12;20;22,6;9;14;19;38;49,20,0,0,0,0,0,0,0,40,0.522727,12,7.1667,0.151515,0.151515,0.0,5,8,1,4.8333,7,0.839043,0.05489,0.454545,0.214286,0.863631,0.834407,0,4,10;18;27;31;39;43,1;2;0;4;3;2,10,0,1,4,1,5.5,9.833,1,2,2,1
107000105,2018-12-18,107000104,SEARCH_1117,PRE_2023,1;4;7;9;20;21,5;8;11;15;33;37,3,0,0,0,0,0,0,0,41,0.340909,8,7.0,0.174242,0.159091,0.015152,8,7,0,4.5,8,0.864546,0.044817,0.417749,0.17316,0.881685,0.853726,0,4,8;9;29;33;38;43,0;4;5;1;2;1,8,1,2,4,1,5.667,5.833,1,42,2,2
107000106,2018-12-21,107000105,SEARCH_1117,PRE_2023,1;5;7;11;20;34,5;19;21;34;41;49,42,2,1,1,0,0,0,0,42,0.318182,9,7.1667,0.166667,0.143939,0.022727,4,6,0,4.3333,8,0.864789,0.045867,0.437229,0.257576,0.876374,0.840043,0,4,5;6;9;16;36;41,4;2;6;8;1;3,5,0,1,2,0,5.333,3.167,1,10,2,8
107000107,2018-12-25,107000106,SEARCH_1117,PRE_2023,1;5;7;11;20;21,7;26;27;28;30;32,44,1,1,0,0,0,0,0,43,0.318182,7,7.5,0.19697,0.181818,0.015152,6,10,0,4.5,7,0.864411,0.045783,0.437229,0.209957,0.855432,0.829715,0,4,4;11;16;17;27;47,6;3;0;3;3;2,4,0,1,2,1,5.5,10.667,1,33,3,3
107000108,2018-12-28,107000107,SEARCH_1117,PRE_2023,1;5;7;13;20;21,7;11;19;23;35;44,33,1,1,0,0,0,0,0,41,0.469697,12,7.3333,0.181818,0.128788,0.05303,4,3,0,4.0,8,0.848175,0.050974,0.452381,0.181818,0.856178,0.846263,0,3,1;11;22;29;44;47,12;4;0;1;0;2,1,0,1,4,2,8.5,6.667,0,39,2,3
108000001,2019-01-01,107000108,SEARCH_1117,PRE_2023,1;7;11;13;20;21,18;23;24;25;39;42,48,0,0,0,0,0,0,0,39,0.507576,12,8.1667,0.151515,0.121212,0.030303,7,5,0,4.8333,8,0.831658,0.057373,0.487013,0.231602,0.856258,0.835308,0,3,10;21;22;26;43;49,2;0;3;3;0;4,10,0,1,5,2,9.0,16.333,1,36,2,2
108000002,2019-01-04,108000001,SEARCH_1117,PRE_2023,1;7;11;13;19;20,6;7;8;20;47;48,30,2,1,1,0,0,0,0,38,0.424242,10,7.5,0.151515,0.143939,0.007576,5,6,0,4.3333,8,0.836723,0.051161,0.450216,0.11039,0.86171,0.827971,0,3,1;3;34;39;40;49,0;10;0;10;2;0,1,0,0,4,3,9.667,7.333,0,30,2,8
108000003,2019-01-08,108000002,SEARCH_1117,PRE_2023,1;2;7;11;12;20,4;19;21;28;39;43,18,0,0,0,0,0,0,0,42,0.409091,10,7.3333,0.174242,0.159091,0.015152,6,4,0,4.5,7,0.857488,0.0479,0.4329,0.209957,0.864094,0.831376,0,5,8;13;19;21;27;34,4;4;1;3;2;2,8,1,1,3,0,9.167,6.667,1,23,2,2
108000004,2019-01-11,108000003,SEARCH_1117,PRE_2023,1;2;7;12;19;20,13;20;22;31;34;42,9,1,1,0,0,0,0,0,42,0.393939,9,7.6667,0.189394,0.181818,0.007576,5,7,0,4.8333,7,0.858534,0.047497,0.441558,0.218615,0.859484,0.821822,0,4,4;7;13;14;32;36,7;9;5;1;2;5,4,1,1,2,0,9.667,11.167,1,9,2,11
108000005,2019-01-15,108000004,SEARCH_1117,PRE_2023,1;2;7;19;20;42,12;20;30;38;40;41,10,1,1,0,0,0,0,0,42,0.431818,10,8.1667,0.19697,0.128788,0.068182,9,4,0,4.8333,8,0.842033,0.052885,0.487013,0.21645,0.855128,0.814425,0,3,2;15;17;27;34;48,2;10;1;4;2;0,2,0,0,3,1,8.833,8.167,1,7,2,2
108000006,2019-01-18,108000005,SEARCH_1117,PRE_2023,1;2;7;12;19;20,4;5;10;30;39;45,14,0,0,0,0,0,0,0,40,0.386364,9,7.6667,0.189394,0.121212,0.068182,5,3,0,4.5,7,0.850579,0.04939,0.465368,0.19697,0.869744,0.847014,0,4,7;12;13;16;32;34,2;3;3;2;2;4,7,1,2,2,0,9.5,8.833,1,30,3,5
108000007,2019-01-22,108000006,SEARCH_1117,PRE_2023,1;2;5;7;20;34,2;20;36;37;42;46,29,2,1,1,0,0,0,0,40,0.409091,10,7.3333,0.181818,0.128788,0.05303,8,3,0,4.5,7,0.84737,0.049456,0.448052,0.158009,0.86522,0.857515,0,4,3;5;15;31;39;46,5;9;0;1;5;4,3,0,0,3,1,10.167,12.5,1,36,2,6
108000008,2019-01-25,108000007,SEARCH_1117,PRE_2023,1;3;5;7;20;42,3;10;14;15;20;45,2,2,1,1,0,0,0,0,40,0.378788,9,7.3333,0.159091,0.151515,0.007576,10,9,0,4.1667,8,0.858169,0.046785,0.426407,0.227273,0.849722,0.822287,0,4,2;4;19;22;32;42,5;2;0;2;10;2,2,0,0,3,1,9.0,7.167,1,15,2,5
108000009,2019-01-29,108000008,SEARCH_1117,PRE_2023,1;7;17;20;34;42,14;20;24;30;44;48,31,1,1,0,0,0,0,0,42,0.386364,9,8.1667,0.143939,0.136364,0.007576,6,4,0,5.0,8,0.862486,0.047966,0.430736,0.248918,0.852553,0.827732,0,2,2;14;22;27;33;49,2;9;3;5;1;0,2,0,0,4,1,10.167,4.833,1,42,2,3
108000010,2019-02-01,108000009,SEARCH_1117,PRE_2023,1;7;14;20;34;42,10;17;20;21;32;41,34,1,1,0,0,0,0,0,42,0.318182,7,7.1667,0.136364,0.136364,0.0,6,4,1,5.1667,8,0.873793,0.043084,0.387446,0.203463,0.878891,0.832164,0,2,3;9;17;21;45;48,0;5;9;2;0;3,3,0,1,3,2,8.333,7.167,1,6,2,3
108000011,2019-02-02,108000010,SEARCH_1117,PRE_2023,1;7;18;20;21;37,2;7;22;35;46;49,41,1,1,0,0,0,0,0,45,0.30303,9,6.0,0.136364,0.128788,0.007576,5,3,0,4.1667,8,0.905514,0.037518,0.357143,0.25974,0.900401,0.849511,0,2,3;18;25;26;31;44,1;6;3;2;3;2,3,0,0,4,0,9.5,8.0,1,12,2,2
108000012,2019-02-03,108000011,SEARCH_1117,PRE_2023,1;7;13;20;21;41,12;24;28;36;37;40,6,0,0,0,0,0,0,0,44,0.318182,8,6.5,0.136364,0.128788,0.007576,7,3,0,4.3333,8,0.890494,0.039392,0.37013,0.201299,0.893936,0.84016,0,2,11;14;18;32;42;47,0;4;1;1;3;3,11,0,1,3,1,8.0,6.0,1,21,2,3
108000013,2019-02-04,108000012,SEARCH_1117,PRE_2023,1;7;13;17;20;42,6;8;24;32;34;36,49,0,0,0,0,0,0,0,45,0.318182,7,6.0,0.136364,0.121212,0.015152,6,4,0,4.1667,8,0.899193,0.039092,0.374459,0.220779,0.908493,0.876377,0,2,11;20;31;45;47;49,0;3;2;1;3;0,11,0,1,4,2,9.5,6.0,1,42,1,0
108000014,2019-02-05,108000013,SEARCH_1117,PRE_2023,1;4;7;13;20;36,13;18;30;34;45;49,33,1,1,0,0,0,0,0,43,0.325758,8,6.5,0.151515,0.136364,0.015152,7,7,0,4.5,8,0.869623,0.044265,0.409091,0.207792,0.887045,0.843994,0,3,5;24;35;36;37;43,5;1;1;2;1;1,5,0,0,5,0,10.167,6.333,1,38,2,1
108000015,2019-02-06,108000014,SEARCH_1117,PRE_2023,1;7;8;20;34;37,17;23;28;29;32;39,12,0,0,0,0,0,0,0,42,0.318182,7,6.3333,0.121212,0.121212,0.0,4,4,1,4.3333,7,0.885526,0.03987,0.372294,0.235931,0.884712,0.851449,0,3,7;29;30;37;39;49,4;2;1;2;1;0,7,1,1,5,1,8.5,9.0,1,28,2,1
108000016,2019-02-07,108000015,SEARCH_1117,PRE_2023,1;4;7;20;22;34,7;21;29;33;40;41,8,1,1,0,0,0,0,0,43,0.287879,7,5.5,0.136364,0.128788,0.007576,4,4,0,3.6667,8,0.888204,0.039045,0.363636,0.209957,0.897734,0.866802,0,3,3;12;17;22;24;48,6;3;0;4;2;5,3,0,1,3,1,10.833,6.833,1,23,3,6
108000017,2019-02-08,108000016,SEARCH_1117,PRE_2023,1;7;20;21;41;42,8;13;14;32;36;42,5,1,1,0,0,0,0,0,46,0.318182,8,7.1667,0.128788,0.121212,0.007576,7,3,0,4.8333,9,0.895525,0.041004,0.38961,0.300866,0.891085,0.864712,0,2,6;9;26;29;38;48,0;1;1;2;6;7,6,0,1,4,1,9.667,5.167,1,28,2,5
108000018,2019-02-09,108000017,SEARCH_1117,PRE_2023,1;7;17;20;21;41,6;8;18;19;20;30,22,1,1,0,0,0,0,0,44,0.318182,7,6.6667,0.166667,0.121212,0.045455,5,6,0,4.0,8,0.895915,0.038699,0.378788,0.28355,0.887285,0.877877,0,2,3;14;20;30;38;46,0;2;2;4;7;1,3,0,0,3,1,9.333,6.167,1,10,2,2
108000019,2019-02-10,108000018,SEARCH_1117,PRE_2023,1;7;8;20;21;41,5;8;14;19;22;47,24,1,1,0,0,0,0,0,42,0.280303,7,5.8333,0.136364,0.121212,0.015152,4,3,0,4.0,8,0.895754,0.037509,0.354978,0.205628,0.899481,0.866095,0,3,4;7;12;32;45;46,3;4;0;0;3;4,4,1,2,3,2,8.5,7.0,1,38,1,0
108000020,2019-02-12,108000019,SEARCH_1117,PRE_2023,1;5;7;8;20;41,11;16;19;29;30;45,1,0,0,0,0,0,0,0,43,0.310606,8,6.5,0.143939,0.128788,0.015152,8,3,0,4.1667,8,0.884574,0.040329,0.380952,0.231602,0.885686,0.859117,0,4,17;24;26;28;30;47,2;3;2;0;2;2,17,0,0,5,1,8.833,10.0,1,2,2,3
108000021,2019-02-15,108000020,SEARCH_1117,PRE_2023,1;2;7;8;19;20,1;3;40;44;46;48,2,1,1,0,0,0,0,0,43,0.318182,7,6.3333,0.136364,0.121212,0.015152,5,4,0,3.8333,7,0.87798,0.042465,0.402597,0.183983,0.880094,0.858122,0,4,1;11;33;37;41;49,7;3;1;1;0;3,1,0,1,4,1,10.5,15.667,0,5,2,5
108000022,2019-02-19,108000021,SEARCH_1117,PRE_2023,1;5;7;8;19;20,1;3;4;24;32;43,37,1,1,0,0,0,0,0,43,0.30303,8,7.1667,0.227273,0.219697,0.007576,6,6,0,4.5,8,0.858016,0.046785,0.439394,0.201299,0.872877,0.852669,0,4,5;8;14;20;22;24,5;3;1;3;4;3,5,1,1,2,0,3.167,8.5,1,38,3,3
108000023,2019-02-22,108000022,SEARCH_1117,PRE_2023,1;7;8;9;19;20,6;20;22;43;45;48,11,1,1,0,0,0,0,0,42,0.30303,8,6.8333,0.181818,0.159091,0.022727,4,5,0,4.1667,8,0.870462,0.043908,0.424242,0.268398,0.869993,0.847013,0,4,3;24;29;33;40;43,0;8;2;1;2;1,3,0,0,5,1,7.833,3.333,1,44,2,2
108000024,2019-02-26,108000023,SEARCH_1117,PRE_2023,6;7;8;9;19;20,6;17;22;34;38;42,20,1,1,0,0,0,0,0,41,0.318182,10,6.5,0.174242,0.136364,0.037879,5,4,0,4.0,8,0.861533,0.044752,0.422078,0.201299,0.873372,0.840252,0,4,5;7;11;17;18;35,4;4;3;4;2;6,5,1,2,1,0,7.833,7.833,1,1,3,5
108000025,2019-03-01,108000024,SEARCH_1117,PRE_2023,2;6;7;8;9;20,1;8;14;27;40;45,34,1,1,0,0,0,0,0,38,0.44697,11,7.6667,0.212121,0.159091,0.05303,6,5,0,4.5,7,0.817045,0.054506,0.467532,0.158009,0.834952,0.804322,0,5,2;10;20;28;41;48,3;8;0;4;0;2,2,0,1,3,2,10.167,7.833,1,16,2,2
108000026,2019-03-05,108000025,SEARCH_1117,PRE_2023,1;2;6;7;8;20,12;13;16;21;42;43,39,0,0,0,0,0,0,0,42,0.325758,8,7.6667,0.227273,0.204545,0.022727,5,6,0,4.5,7,0.834838,0.052182,0.478355,0.175325,0.855481,0.84047,0,5,8;16;17;31;32;39,1;1;1;2;9;3,8,1,1,3,0,5.333,7.333,1,25,2,4
108000027,2019-03-08,108000026,SEARCH_1117,PRE_2023,2;6;7;8;9;20,3;11;15;25;31;48,36,0,0,0,0,0,0,0,41,0.416667,10,7.1667,0.174242,0.143939,0.030303,4,6,0,4.1667,7,0.856581,0.048425,0.443723,0.244589,0.867969,0.836877,0,5,14;17;18;23;32;49,1;1;3;4;5;0,14,0,0,3,1,11.167,14.0,1,25,3,4
108000028,2019-03-12,108000027,SEARCH_1117,PRE_2023,2;6;7;8;9;20,5;7;22;37;40;45,12,1,1,0,0,0,0,0,41,0.386364,9,6.3333,0.19697,0.181818,0.015152,6,4,0,4.0,7,0.851425,0.047469,0.417749,0.188312,0.87081,0.844333,0,5,3;18;24;32;41;47,1;6;1;1;0;4,3,0,0,4,1,12.167,7.833,1,31,1,0
108000029,2019-03-15,108000028,SEARCH_1117,PRE_2023,2;5;7;9;20;42,5;10;12;20;28;36,15,2,1,1,0,0,0,0,41,0.280303,8,6.5,0.174242,0.166667,0.007576,4,6,0,3.8333,7,0.881208,0.039289,0.37013,0.19697,0.883664,0.864096,0,4,1;6;13;26;36;46,4;3;1;8;1;0,1,0,0,3,1,10.333,9.167,0,35,2,2
108000030,2019-03-19,108000029,SEARCH_1117,PRE_2023,2;3;5;7;9;20,7;16;17;36;47;48,49,1,1,0,0,0,0,0,42,0.333333,9,6.1667,0.151515,0.136364,0.015152,4,3,0,4.0,8,0.87487,0.042887,0.411255,0.24026,0.88938,0.873879,0,5,6;21;22;30;31;45,4;0;2;5;2;4,6,0,0,5,1,10.0,4.5,1,37,2,5
108000031,2019-03-22,108000030,SEARCH_1117,PRE_2023,2;5;6;7;9;20,1;12;16;37;41;47,36,0,0,0,0,0,0,0,43,0.310606,9,6.8333,0.174242,0.136364,0.037879,5,3,0,4.3333,7,0.872562,0.043356,0.417749,0.244589,0.881189,0.863022,0,5,7;17;19;22;39;42,3;2;3;2;1;1,7,1,1,3,0,11.167,4.667,1,9,2,1
108000032,2019-03-26,108000031,SEARCH_1117,PRE_2023,2;5;7;9;20;37,6;13;14;19;24;38,26,0,0,0,0,0,0,0,43,0.272727,6,5.8333,0.159091,0.143939,0.015152,4,5,0,3.8333,6,0.899609,0.036712,0.352814,0.227273,0.894918,0.877157,0,4,16;19;21;25;35;36,1;2;1;3;1;2,16,0,0,4,0,11.0,8.5,1,9,2,3
108000033,2019-03-29,108000032,SEARCH_1117,PRE_2023,2;5;6;8;9;20,1;3;12;16;29;49,4,0,0,0,0,0,0,0,44,0.287879,7,6.1667,0.212121,0.19697,0.015152,7,6,0,4.1667,7,0.877164,0.042316,0.406926,0.218615,0.895159,0.875188,0,5,18;20;24;39;40;45,1;0;2;2;1;3,18,0,0,4,1,12.667,7.333,1,28,3,1
108000034,2019-04-02,108000033,SEARCH_1117,PRE_2023,1;2;7;9;20;42,5;28;38;40;41;47,25,0,0,0,0,0,0,0,45,0.30303,8,6.3333,0.143939,0.136364,0.007576,6,6,0,3.8333,9,0.89427,0.039392,0.383117,0.268398,0.895311,0.877133,0,4,11;27;32;37;41;43,3;2;1;1;1;1,11,0,1,5,0,13.167,4.0,1,14,2,1
108000035,2019-04-05,108000034,SEARCH_1117,PRE_2023,2;5;7;9;12;20,11;28;29;38;43;49,22,0,0,0,0,0,0,0,45,0.25,6,6.0,0.151515,0.136364,0.015152,6,8,0,4.1667,7,0.90914,0.035457,0.352814,0.320346,0.891205,0.8688,0,5,18;22;28;30;43;47,2;4;0;3;2;2,18,0,0,5,1,12.833,3.833,1,34,2,3
108000036,2019-04-09,108000035,SEARCH_1117,PRE_2023,2;7;9;12;16;20,10;36;37;44;45;46,48,0,0,0,0,0,0,0,46,0.257576,8,5.8333,0.136364,0.121212,0.015152,4,7,0,3.8333,7,0.911387,0.035541,0.354978,0.24026,0.89851,0.889342,0,4,11;20;22;26;28;36,1;5;3;3;2;4,11,0,1,4,0,14.0,9.333,1,45,2,6
108000037,2019-04-12,108000036,SEARCH_1117,PRE_2023,2;7;9;20;36;37,12;26;32;34;45;46,14,0,0,0,0,0,0,0,43,0.318182,7,6.6667,0.174242,0.143939,0.030303,6,4,0,4.5,7,0.890115,0.039458,0.385281,0.313853,0.89015,0.857685,0,3,8;16;18;37;38;42,2;7;1;1;7;2,8,1,1,3,0,14.0,12.0,1,40,2,1
108000038,2019-04-16,108000037,SEARCH_1117,PRE_2023,2;7;9;12;20;37,1;14;23;36;39;41,4,0,0,0,0,0,0,0,44,0.310606,9,6.8333,0.19697,0.106061,0.090909,6,4,0,4.5,7,0.879746,0.042868,0.4329,0.253247,0.881648,0.847301,0,4,8;24;26;32;40;44,1;1;2;5;1;3,8,1,1,5,0,14.833,10.5,1,29,2,3
108000039,2019-04-19,108000038,SEARCH_1117,PRE_2023,2;7;9;12;20;37,4;11;24;29;32;45,49,0,0,0,0,0,0,0,45,0.310606,7,6.0,0.159091,0.143939,0.015152,5,6,0,4.1667,7,0.894596,0.039027,0.37013,0.227273,0.890371,0.847885,0,4,13;28;40;41;48;49,1;1;0;1;0;7,13,0,0,5,2,15.833,6.0,1,43,1,0
108000040,2019-04-23,108000039,SEARCH_1117,PRE_2023,2;7;9;12;14;20,8;14;16;18;30;35,36,1,1,0,0,0,0,0,45,0.272727,6,6.1667,0.128788,0.128788,0.0,5,4,1,4.0,7,0.905781,0.037181,0.37013,0.309524,0.89845,0.873993,0,4,6;9;17;24;31;40,2;5;3;3;1;5,6,0,1,3,0,16.5,15.833,1,8,3,3
108000041,2019-04-26,108000040,SEARCH_1117,PRE_2023,2;9;12;14;20;36,8;24;29;37;44;48,6,0,0,0,0,0,0,0,44,0.272727,6,6.6667,0.174242,0.143939,0.030303,7,9,0,4.5,7,0.897795,0.038165,0.383117,0.300866,0.88263,0.829959,0,3,8;19;20;36;38;49,2;1;3;3;1;0,8,1,1,3,1,15.833,4.333,1,16,1,0
108000042,2019-04-30,108000041,SEARCH_1117,PRE_2023,2;8;9;12;20;29,1;4;19;24;47;49,36,0,0,0,0,0,0,0,42,0.318182,7,6.5,0.143939,0.136364,0.007576,7,7,0,4.3333,8,0.893859,0.038624,0.372294,0.277056,0.891038,0.839392,0,4,26;27;31;34;37;41,1;1;1;3;4;2,26,0,0,6,0,16.167,5.5,1,11,2,2
108000043,2019-05-03,108000042,SEARCH_1117,PRE_2023,1;2;3;9;12;20,6;7;19;31;32;40,15,0,0,0,0,0,0,0,43,0.265152,6,5.5,0.151515,0.151515,0.0,4,5,1,3.1667,8,0.897771,0.036619,0.348485,0.231602,0.902298,0.848168,0,5,11;12;37;40;44;45,0;0;5;3;2;4,11,0,2,4,2,18.333,9.0,1,35,2,1
108000044,2019-05-07,108000043,SEARCH_1117,PRE_2023,2;7;9;19;20;37,2;14;23;29;35;43,22,1,1,0,0,0,0,0,44,0.272727,6,6.0,0.143939,0.128788,0.015152,5,4,0,3.8333,7,0.913026,0.034445,0.335498,0.251082,0.904505,0.859252,0,3,1;17;19;33;35;47,6;4;1;3;0;1,1,0,0,3,1,16.833,9.833,0,44,1,0
108000045,2019-05-10,108000044,SEARCH_1117,PRE_2023,1;2;7;9;14;19,11;17;27;31;33;37,12,0,0,0,0,0,0,0,40,0.295455,9,5.8333,0.159091,0.143939,0.015152,4,6,0,4.3333,8,0.883346,0.038905,0.365801,0.238095,0.883372,0.81591,0,4,14;17;19;28;38;43,0;2;4;1;8;2,14,0,0,3,1,9.667,12.667,1,21,3,4
108000046,2019-05-14,108000045,SEARCH_1117,PRE_2023,8;9;14;15;19;20,9;15;27;28;40;43,45,2,1,1,0,0,0,0,43,0.280303,8,6.6667,0.136364,0.113636,0.022727,6,7,0,4.5,8,0.899716,0.037687,0.374459,0.246753,0.890725,0.841779,0,2,2;5;11;25;30;46,6;6;5;0;4;2,2,0,1,3,1,16.0,14.333,1,7,3,6
108000047,2019-05-17,108000046,SEARCH_1117,PRE_2023,2;8;9;14;19;20,2;7;12;21;23;45,10,1,1,0,0,0,0,0,38,0.242424,7,6.1667,0.181818,0.174242,0.007576,4,4,0,4.0,8,0.869996,0.040235,0.367965,0.170996,0.880686,0.821685,0,3,6;8;10;13;31;37,4;1;4;6;1;9,6,1,2,2,0,5.833,8.167,1,18,2,5
108000048,2019-05-21,108000047,SEARCH_1117,PRE_2023,2;7;19;20;40;45,7;10;18;32;41;46,42,1,1,0,0,0,0,0,41,0.234848,6,6.3333,0.151515,0.151515,0.0,6,4,1,5.0,9,0.899271,0.035297,0.32684,0.164502,0.900557,0.839131,1,2,1;15;22;25;35;38,6;1;3;3;3;2,1,0,0,4,0,4.833,7.833,0,16,2,4
108000049,2019-05-24,108000048,SEARCH_1117,PRE_2023,3;7;9;20;32;40,12;13;19;21;29;39,41,0,0,0,0,0,0,0,43,0.401515,9,6.1667,0.151515,0.128788,0.022727,7,4,0,4.1667,8,0.895318,0.039045,0.341991,0.19697,0.893283,0.854973,0,3,10;23;29;35;48;49,3;2;1;0;1;0,10,0,1,5,2,7.333,7.167,1,16,1,0
108000050,2019-05-28,108000049,SEARCH_1117,PRE_2023,7;9;12;15;20;45,3;11;22;36;38;40,7,0,0,0,0,0,0,0,41,0.393939,9,7.8333,0.143939,0.136364,0.007576,10,3,0,4.6667,8,0.862034,0.047516,0.409091,0.218615,0.854129,0.826532,1,3,7;18;25;38;43;48,3;0;3;0;1;2,7,1,1,4,2,5.833,12.5,1,1,2,3
108000051,2019-05-31,108000050,SEARCH_1117,PRE_2023,7;9;12;15;20;25,8;15;21;31;36;46,18,1,1,0,0,0,0,0,42,0.265152,6,5.8333,0.151515,0.143939,0.007576,6,4,0,3.6667,7,0.88428,0.038999,0.357143,0.24026,0.882423,0.858741,0,3,5;11;13;32;42;47,4;4;1;0;7;1,5,0,1,3,1,10.167,4.5,1,45,2,3
108000052,2019-06-04,108000051,SEARCH_1117,PRE_2023,1;7;8;12;20;25,5;6;19;23;43;48,7,0,0,0,0,0,0,0,39,0.295455,9,7.0,0.181818,0.181818,0.0,4,9,1,4.3333,6,0.849913,0.046307,0.419913,0.207792,0.850453,0.824245,0,4,15;18;25;39;41;45,2;0;1;0;2;1,15,0,0,4,2,11.0,8.667,1,4,2,1
108000053,2019-06-07,108000052,SEARCH_1117,PRE_2023,8;9;12;19;25;36,18;22;26;27;30;38,45,0,0,0,0,0,0,0,44,0.204545,6,5.0,0.136364,0.136364,0.0,3,4,1,3.6667,7,0.923332,0.031071,0.281385,0.186147,0.908604,0.861745,0,3,10;24;29;41;47;48,2;0;4;3;1;0,10,0,1,5,2,7.0,7.833,1,12,2,3
108000054,2019-06-11,108000053,SEARCH_1117,PRE_2023,7;9;12;14;20;25,6;31;32;39;40;42,28,0,0,0,0,0,0,0,43,0.227273,7,5.5,0.151515,0.136364,0.015152,5,4,0,3.8333,6,0.90262,0.034735,0.32684,0.300866,0.894719,0.865586,0,3,9;17;31;38;45;49,0;1;1;0;6;5,9,0,1,4,2,13.5,8.0,1,30,2,1
108000055,2019-06-14,108000054,SEARCH_1117,PRE_2023,6;7;9;12;25;32,6;10;12;22;24;37,3,2,1,1,0,0,0,0,43,0.234848,7,5.6667,0.159091,0.151515,0.007576,4,6,0,3.8333,7,0.906894,0.033985,0.316017,0.24026,0.892135,0.861361,0,4,1;3;20;38;39;44,4;0;7;2;1;1,1,0,0,3,1,8.667,6.5,0,29,2,1
108000056,2019-06-18,108000055,SEARCH_1117,PRE_2023,1;6;9;12;25;32,5;16;27;29;33;45,28,0,0,0,0,0,0,0,43,0.310606,7,5.6667,0.136364,0.136364,0.0,3,3,1,4.1667,8,0.902659,0.036253,0.337662,0.170996,0.900585,0.848902,0,4,8;11;24;26;27;38,1;3;2;1;3;8,8,1,2,4,0,9.5,8.333,1,33,3,1
108000057,2019-06-21,108000056,SEARCH_1117,PRE_2023,1;4;6;12;25;36,7;12;26;30;31;32,13,1,1,0,0,0,0,0,43,0.280303,7,5.5,0.159091,0.136364,0.022727,5,4,0,3.6667,8,0.896017,0.036665,0.339827,0.186147,0.901411,0.856013,0,4,3;10;20;22;34;48,2;5;3;0;2;5,3,0,1,3,1,11.667,4.167,1,31,2,3
108000058,2019-06-25,108000057,SEARCH_1117,PRE_2023,2;3;4;6;7;12,8;20;31;36;38;45,33,0,0,0,0,0,0,0,41,0.295455,7,5.6667,0.174242,0.143939,0.030303,4,6,0,4.1667,8,0.871676,0.041706,0.385281,0.175325,0.884783,0.83132,0,6,11;18;38;39;46;47,1;3;1;0;0;8,11,0,1,4,2,6.667,8.5,1,17,1,0
108000059,2019-06-28,108000058,SEARCH_1117,PRE_2023,2;4;6;12;15;32,9;13;15;26;31;33,10,1,1,0,0,0,0,0,42,0.356061,9,5.8333,0.143939,0.143939,0.0,5,5,1,3.6667,8,0.887125,0.039636,0.357143,0.261905,0.891799,0.858725,0,4,6;8;11;19;31;41,5;2;5;1;6;2,6,1,2,2,0,7.5,6.167,1,43,3,6
108000060,2019-07-02,108000059,SEARCH_1117,PRE_2023,2;4;6;9;12;32,2;4;11;33;39;42,19,2,1,1,0,0,0,0,44,0.310606,8,5.6667,0.174242,0.136364,0.037879,4,3,0,3.6667,8,0.894376,0.037893,0.359307,0.218615,0.896981,0.872292,0,5,5;6;29;30;48;49,4;5;1;0;0;1,5,0,0,4,2,7.167,9.0,1,17,2,4
108000061,2019-07-05,108000060,SEARCH_1117,PRE_2023,2;7;12;29;32;36,11;17;32;33;38;46,15,1,1,0,0,0,0,0,45,0.287879,7,6.0,0.159091,0.136364,0.022727,7,6,0,3.8333,8,0.906994,0.035607,0.341991,0.25974,0.883747,0.873302,0,3,4;19;24;29;39;44,2;3;7;2;1;2,4,0,0,4,0,3.5,5.833,1,28,2,2
108000062,2019-07-09,108000061,SEARCH_1117,PRE_2023,3;11;12;25;29;32,11;17;20;34;37;41,6,1,1,0,0,0,0,0,42,0.363636,9,6.8333,0.166667,0.159091,0.007576,5,5,0,4.3333,8,0.880322,0.040891,0.365801,0.25974,0.882399,0.857772,0,3,6;18;32;33;36;46,5;1;0;4;1;2,6,0,0,4,1,10.0,8.667,1,11,3,3
108000063,2019-07-12,108000062,SEARCH_1117,PRE_2023,2;6;11;14;29;32,12;14;18;19;37;47,30,1,1,0,0,0,0,0,45,0.325758,8,5.8333,0.136364,0.128788,0.007576,3,3,0,4.3333,8,0.905501,0.036525,0.335498,0.246753,0.899953,0.86474,0,3,4;18;23;24;34;36,2;5;2;1;4;2,4,0,0,4,0,6.667,11.333,1,49,2,4
108000064,2019-07-16,108000063,SEARCH_1117,PRE_2023,1;2;11;12;25;29,15;30;31;37;39;48,8,0,0,0,0,0,0,0,42,0.325758,9,5.8333,0.143939,0.128788,0.015152,4,8,0,3.8333,8,0.906607,0.03586,0.341991,0.318182,0.886717,0.852875,0,4,15;16;27;30;47;49,1;2;3;5;0;0,15,0,0,4,2,12.333,5.667,1,20,2,1
108000065,2019-07-19,108000064,SEARCH_1117,PRE_2023,1;9;12;19;25;29,12;17;26;33;35;39,10,1,1,0,0,0,0,0,46,0.219697,6,5.5,0.143939,0.136364,0.007576,4,3,0,3.6667,7,0.924225,0.032439,0.307359,0.266234,0.901246,0.868312,0,3,1;22;28;35;39;41,6;1;1;1;4;2,1,0,0,5,0,13.333,6.167,0,31,2,1
108000066,2019-07-23,108000065,SEARCH_1117,PRE_2023,2;11;12;19;25;31,12;14;35;37;42;47,6,1,1,0,0,0,0,0,44,0.393939,10,6.0,0.143939,0.121212,0.022727,5,4,0,4.0,8,0.899202,0.039214,0.357143,0.350649,0.896496,0.85412,0,3,1;12;18;30;36;40,10;1;2;6;4;2,1,0,1,3,0,9.167,2.667,0,17,2,8
108000067,2019-07-26,108000066,SEARCH_1117,PRE_2023,9;11;12;14;19;25,4;11;36;40;41;48,49,1,1,0,0,0,0,0,43,0.393939,10,6.3333,0.151515,0.143939,0.007576,6,7,0,4.0,8,0.890904,0.040582,0.365801,0.264069,0.879957,0.848064,0,3,2;23;26;40;44;49,0;5;2;1;2;0,2,0,0,5,2,9.833,7.0,1,33,3,1
108000068,2019-07-30,108000067,SEARCH_1117,PRE_2023,2;11;12;19;31;37,4;12;21;24;33;35,42,1,1,0,0,0,0,0,41,0.356061,9,7.8333,0.181818,0.151515,0.030303,10,6,0,5.0,8,0.85976,0.046682,0.4329,0.25974,0.859163,0.825276,0,3,1;11;13;31;35;47,2;9;1;1;5;0,1,0,1,3,1,3.667,6.333,0,24,2,4
108000069,2019-08-02,108000068,SEARCH_1117,PRE_2023,2;6;9;11;12;37,5;34;42;46;48;49,14,0,0,0,0,0,0,0,41,0.340909,9,6.6667,0.181818,0.166667,0.015152,4,6,0,4.5,8,0.867973,0.043431,0.404762,0.255411,0.873237,0.835417,0,5,14;17;31;42;48;49,0;4;4;0;0;5,14,0,0,4,3,6.5,10.0,1,8,2,4
108000070,2019-08-06,108000069,SEARCH_1117,PRE_2023,2;5;11;12;25;37,1;10;20;37;38;49,31,1,1,0,0,0,0,0,43,0.378788,9,6.6667,0.128788,0.113636,0.015152,7,3,0,4.3333,8,0.887279,0.041641,0.383117,0.231602,0.891724,0.860356,0,4,4;9;10;12;25;41,2;4;4;7;3;2,4,0,3,2,0,10.5,10.833,1,22,2,2
108000071,2019-08-09,108000070,SEARCH_1117,PRE_2023,2;6;11;12;25;37,4;13;18;26;41;48,33,0,0,0,0,0,0,0,46,0.431818,11,6.1667,0.128788,0.113636,0.015152,3,3,0,4.1667,7,0.90988,0.039177,0.348485,0.316017,0.892526,0.862567,0,4,9;25;28;31;36;43,1;2;5;1;1;4,9,0,1,5,0,13.167,5.833,1,35,2,3
108000072,2019-08-13,108000071,SEARCH_1117,PRE_2023,2;3;4;11;12;37,5;21;25;32;36;41,33,0,0,0,0,0,0,0,42,0.363636,9,6.0,0.143939,0.136364,0.007576,4,5,0,3.8333,7,0.888865,0.039907,0.372294,0.25974,0.882706,0.858342,0,5,8;13;32;38;44;47,2;0;7;0;1;1,8,1,1,4,2,7.667,11.5,1,34,1,0
108000073,2019-08-16,108000072,SEARCH_1117,PRE_2023,2;3;5;11;12;37,7;8;31;33;41;45,39,0,0,0,0,0,0,0,43,0.287879,7,5.5,0.136364,0.128788,0.007576,3,7,0,3.8333,8,0.90903,0.035091,0.337662,0.277056,0.898014,0.866617,0,5,7;15;17;22;24;27,2;2;3;2;4;7,7,1,1,3,0,8.5,10.167,1,41,2,6
108000074,2019-08-20,108000073,SEARCH_1117,PRE_2023,2;3;5;12;31;37,1;16;19;27;35;42,41,0,0,0,0,0,0,0,44,0.280303,7,5.8333,0.136364,0.121212,0.015152,3,3,0,3.6667,8,0.903587,0.035981,0.34632,0.19697,0.902245,0.869962,0,4,25;26;27;30;35;47,1;2;2;0;1;4,25,0,0,6,1,8.5,10.333,1,24,2,3
108000075,2019-08-23,108000074,SEARCH_1117,PRE_2023,1;2;3;11;12;37,5;17;19;21;42;43,16,0,0,0,0,0,0,0,45,0.265152,6,5.5,0.136364,0.128788,0.007576,4,4,0,3.3333,7,0.91366,0.034613,0.335498,0.292208,0.903877,0.869755,0,5,8;15;25;29;31;33,3;2;2;2;4;2,8,1,1,4,0,10.167,6.833,1,17,2,4
108000076,2019-08-27,108000075,SEARCH_1117,PRE_2023,2;3;5;11;12;37,1;4;8;10;45;47,41,0,0,0,0,0,0,0,41,0.287879,8,6.3333,0.174242,0.136364,0.037879,9,5,0,3.8333,7,0.880758,0.040048,0.380952,0.266234,0.876398,0.845446,0,5,14;17;37;38;42;43,2;0;3;0;1;2,14,0,0,4,2,11.0,4.833,1,9,2,1
108000077,2019-08-30,108000076,SEARCH_1117,PRE_2023,1;2;3;4;11;12,6;26;35;42;44;48,7,0,0,0,0,0,0,0,43,0.272727,8,5.1667,0.159091,0.151515,0.007576,4,5,0,3.6667,8,0.905283,0.035513,0.344156,0.279221,0.898092,0.860948,0,6,15;18;21;24;25;40,2;2;2;3;8;3,15,0,0,4,0,10.833,12.5,1,27,2,6
108000078,2019-09-03,108000077,SEARCH_1117,PRE_2023,2;3;5;9;12;37,11;13;25;32;33;48,31,0,0,0,0,0,0,0,44,0.325758,8,6.0,0.159091,0.159091,0.0,5,8,1,3.8333,6,0.884586,0.04106,0.387446,0.248918,0.890096,0.867143,0,5,9;24;36;38;40;45,1;0;5;3;1;2,9,0,1,5,1,14.333,6.0,1,8,2,2
108000079,2019-09-06,108000078,SEARCH_1117,PRE_2023,2;3;9;11;12;37,2;14;19;20;26;43,23,1,1,0,0,0,0,0,41,0.242424,6,6.3333,0.159091,0.151515,0.007576,5,4,0,3.8333,6,0.884198,0.039148,0.374459,0.201299,0.890021,0.861706,0,5,4;17;26;33;43;46,5;0;1;3;0;2,4,0,0,4,2,14.833,8.5,1,34,1,0
108000080,2019-09-10,108000079,SEARCH_1117,PRE_2023,3;9;11;12;19;37,3;12;17;20;29;38,47,2,1,1,0,0,0,0,44,0.356061,9,7.1667,0.181818,0.143939,0.037879,5,5,0,4.5,6,0.888505,0.041144,0.396104,0.264069,0.881528,0.860083,0,4,1;2;21;37;39;48,6;9;0;1;2;3,1,0,0,4,1,12.667,13.667,0,43,2,4
108000081,2019-09-13,108000080,SEARCH_1117,PRE_2023,3;9;11;12;19;37,2;7;15;27;37;39,43,1,1,0,0,0,0,0,44,0.280303,7,6.0,0.159091,0.159091,0.0,8,5,1,3.8333,7,0.891476,0.038127,0.352814,0.201299,0.896276,0.874888,0,4,6;9;11;37;45;49,0;3;4;0;8;1,6,0,2,3,2,6.667,10.167,1,20,2,3
108000082,2019-09-17,108000081,SEARCH_1117,PRE_2023,2;9;11;12;19;22,12;18;29;40;41;48,24,1,1,0,0,0,0,0,43,0.333333,8,5.8333,0.151515,0.143939,0.007576,4,6,0,3.3333,8,0.886447,0.040901,0.387446,0.203463,0.893503,0.873275,0,4,1;12;18;21;39;43,8;2;3;2;3;1,1,0,1,3,0,10.0,7.167,0,31,2,4
108000083,2019-09-20,108000082,SEARCH_1117,PRE_2023,9;11;12;22;28;29,8;17;23;24;31;34,25,0,0,0,0,0,0,0,42,0.378788,9,7.0,0.151515,0.136364,0.015152,8,3,0,4.5,8,0.878955,0.041744,0.385281,0.253247,0.877053,0.844088,0,3,9;14;16;17;22;45,0;2;3;5;5;6,9,0,1,2,1,16.0,13.333,1,19,3,6
108000084,2019-09-24,108000083,SEARCH_1117,PRE_2023,9;12;16;17;22;31,2;16;18;20;22;39,21,2,1,1,0,0,0,0,42,0.295455,9,6.8333,0.151515,0.136364,0.015152,6,7,0,4.5,8,0.871229,0.042531,0.396104,0.175325,0.875437,0.846016,0,2,1;6;9;13;22;49,3;9;2;4;6;0,1,0,1,2,1,11.333,8.5,0,30,3,8
108000085,2019-09-27,108000084,SEARCH_1117,PRE_2023,2;5;9;11;12;37,10;21;25;26;35;37,4,1,1,0,0,0,0,0,41,0.295455,8,6.3333,0.159091,0.151515,0.007576,4,6,0,3.8333,8,0.88092,0.040235,0.378788,0.227273,0.880634,0.851902,0,5,5;16;17;28;36;37,1;3;3;1;1;9,5,0,0,3,0,8.5,7.333,1,42,2,2
108000086,2019-10-01,108000085,SEARCH_1117,PRE_2023,2;3;9;12;26;37,2;9;12;15;20;49,40,3,1,1,1,0,0,0,40,0.280303,7,6.5,0.181818,0.181818,0.0,4,5,1,4.0,8,0.872731,0.04106,0.372294,0.248918,0.874,0.842615,0,4,1;3;5;8;31;42,4;6;7;0;6;5,1,1,1,2,1,6.833,9.333,0,39,2,9
108000087,2019-10-04,108000086,SEARCH_1117,PRE_2023,2;9;12;20;26;28,10;21;23;33;42;48,41,0,0,0,0,0,0,0,40,0.409091,10,7.1667,0.159091,0.136364,0.022727,8,3,0,4.5,8,0.870481,0.044161,0.393939,0.229437,0.873456,0.844517,0,3,16;32;38;40;42;45,0;1;0;1;3;3,16,0,0,5,2,7.833,5.333,1,18,1,0
108000088,2019-10-08,108000087,SEARCH_1117,PRE_2023,2;3;12;20;31;37,7;13;18;21;26;34,8,0,0,0,0,0,0,0,41,0.386364,10,6.8333,0.159091,0.143939,0.015152,8,4,0,4.5,7,0.861372,0.04507,0.400433,0.147186,0.869547,0.850787,0,3,13;15;25;28;35;40,1;4;1;3;1;3,13,0,0,4,0,3.667,5.0,1,31,2,2
108000089,2019-10-11,108000088,SEARCH_1117,PRE_2023,1;2;7;12;20;21,7;12;17;21;30;37,49,3,1,1,1,0,0,0,45,0.340909,8,6.5,0.181818,0.121212,0.060606,6,3,0,4.3333,8,0.88033,0.043075,0.419913,0.233766,0.880207,0.86231,0,4,1;4;5;11;24;25,5;8;1;8;3;6,1,0,1,2,0,4.0,6.667,0,38,4,9
108000090,2019-10-15,108000089,SEARCH_1117,PRE_2023,1;3;7;12;20;21,13;21;28;35;37;38,33,1,1,0,0,0,0,0,40,0.409091,10,6.6667,0.174242,0.159091,0.015152,6,5,0,4.1667,7,0.854855,0.046673,0.419913,0.214286,0.868228,0.847126,0,4,5;9;10;26;33;47,1;8;7;0;8;2,5,0,2,3,1,5.167,10.5,1,12,2,8
108000091,2019-10-18,108000090,SEARCH_1117,PRE_2023,7;9;12;16;21;37,3;23;32;36;39;40,49,0,0,0,0,0,0,0,46,0.393939,10,7.0,0.151515,0.136364,0.015152,5,3,0,4.3333,7,0.883804,0.043009,0.383117,0.231602,0.874288,0.871423,0,3,8;16;33;44;46;49,3;0;1;3;1;1,8,1,1,4,1,3.0,10.5,1,41,2,1
108000092,2019-10-22,108000091,SEARCH_1117,PRE_2023,3;6;12;21;31;37,6;17;22;23;32;42,13,1,1,0,0,0,0,0,43,0.424242,10,7.1667,0.143939,0.121212,0.022727,4,3,0,4.3333,8,0.878188,0.044443,0.400433,0.266234,0.875173,0.870816,0,3,6;17;19;20;30;46,4;2;0;2;5;2,6,0,0,2,1,5.333,5.5,1,44,2,2
108000093,2019-10-25,108000092,SEARCH_1117,PRE_2023,1;12;17;21;31;37,3;8;14;16;26;36,41,0,0,0,0,0,0,0,42,0.409091,10,7.6667,0.159091,0.143939,0.015152,6,8,0,4.8333,8,0.869607,0.044621,0.404762,0.253247,0.869519,0.843251,0,2,13;14;17;25;45;47,2;2;2;3;0;0,13,0,0,3,2,6.333,7.0,1,26,2,1
108000094,2019-10-29,108000093,SEARCH_1117,PRE_2023,1;2;12;17;21;37,3;10;12;22;36;41,18,1,1,0,0,0,0,0,42,0.393939,9,6.8333,0.136364,0.121212,0.015152,3,3,0,4.1667,7,0.88027,0.042625,0.387446,0.207792,0.875372,0.854057,0,3,1;7;29;39;44;47,3;0;9;0;1;1,1,1,1,4,2,6.833,4.667,0,46,2,1
108000095,2019-11-01,108000094,SEARCH_1117,PRE_2023,1;5;12;17;21;37,12;15;23;33;41;42,11,1,1,0,0,0,0,0,41,0.409091,10,7.5,0.166667,0.151515,0.015152,10,6,0,4.5,8,0.85646,0.046785,0.417749,0.201299,0.866462,0.85067,0,3,1;8;21;23;26;36,10;1;2;7;2;1,1,1,1,4,0,8.833,4.167,0,32,2,8
108000096,2019-11-05,108000095,SEARCH_1117,PRE_2023,1;12;21;26;32;37,9;13;22;37;40;42,26,1,1,0,0,0,0,0,43,0.44697,11,7.5,0.143939,0.136364,0.007576,5,7,0,4.3333,7,0.865358,0.048387,0.424242,0.235931,0.864984,0.857477,0,2,5;9;12;33;40;46,3;1;0;9;1;6,5,0,2,3,1,6.667,5.0,1,4,2,5
108000097,2019-11-08,108000096,SEARCH_1117,PRE_2023,1;7;9;12;21;37,1;3;9;26;40;47,15,2,1,1,0,0,0,0,43,0.401515,9,6.8333,0.151515,0.143939,0.007576,4,9,0,4.3333,7,0.872501,0.045417,0.422078,0.199134,0.865771,0.846822,0,4,4;6;16;27;35;40,5;1;4;3;1;3,4,0,0,3,0,6.667,8.5,1,28,2,4
108000098,2019-11-12,108000097,SEARCH_1117,PRE_2023,12;21;24;26;33;37,1;19;25;27;31;40,12,0,0,0,0,0,0,0,39,0.393939,9,7.5,0.143939,0.143939,0.0,7,4,1,4.1667,7,0.852191,0.047057,0.393939,0.155844,0.859229,0.846878,0,1,8;10;18;29;34;45,3;1;4;0;4;1,8,1,2,3,1,5.333,11.0,1,1,2,2
108000099,2019-11-15,108000098,SEARCH_1117,PRE_2023,5;7;12;21;26;37,3;6;11;16;26;44,31,1,1,0,0,0,0,0,41,0.356061,8,6.8333,0.143939,0.143939,0.0,4,4,1,4.1667,8,0.866606,0.04388,0.391775,0.261905,0.861852,0.858793,0,3,5;8;15;17;23;44,2;2;2;0;5;6,5,1,1,2,1,8.667,10.0,1,27,2,2
108000100,2019-11-19,108000099,SEARCH_1117,PRE_2023,5;12;21;26;29;37,5;15;30;35;38;47,18,1,1,0,0,0,0,0,38,0.333333,8,7.5,0.151515,0.151515,0.0,5,6,1,4.6667,8,0.852285,0.045005,0.391775,0.199134,0.847705,0.833214,0,2,5;25;33;46;47;48,4;1;0;0;0;2,5,0,0,5,3,10.5,10.667,1,26,1,0
108000101,2019-11-22,108000100,SEARCH_1117,PRE_2023,12;21;24;26;29;37,3;18;23;24;26;49,32,2,1,1,0,0,0,0,42,0.386364,9,7.0,0.151515,0.151515,0.0,5,6,1,4.0,8,0.874677,0.043402,0.391775,0.309524,0.849023,0.846369,0,1,3;4;14;17;32;42,2;1;2;6;7;2,3,0,0,2,0,10.167,9.333,1,23,3,4
108000102,2019-11-26,108000101,SEARCH_1117,PRE_2023,3;4;12;26;33;43,8;10;15;19;36;45,37,0,0,0,0,0,0,0,38,0.333333,8,6.3333,0.159091,0.159091,0.0,4,5,1,4.0,8,0.866805,0.042166,0.376623,0.183983,0.868582,0.847812,1,3,22;28;29;42;43;47,1;1;0;0;0;3,22,0,0,6,3,10.833,9.5,1,11,1,0
108000103,2019-11-29,108000102,SEARCH_1117,PRE_2023,3;12;15;26;28;33,10;21;24;30;35;45,22,0,0,0,0,0,0,0,39,0.416667,11,6.5,0.151515,0.143939,0.007576,4,6,0,4.1667,8,0.869473,0.043908,0.383117,0.238095,0.876179,0.842289,0,2,18;28;29;34;37;46,2;1;0;2;2;2,18,0,0,5,1,5.667,3.833,1,45,2,2
108000104,2019-12-03,108000103,SEARCH_1117,PRE_2023,3;10;12;26;28;29,5;9;11;15;36;45,27,0,0,0,0,0,0,0,41,0.401515,10,6.5,0.136364,0.136364,0.0,5,9,1,4.0,8,0.869817,0.043899,0.387446,0.21645,0.87215,0.842589,0,3,15;16;29;33;37;41,1;2;1;3;2;1,15,0,0,4,0,8.667,3.5,1,46,2,1
108000105,2019-12-06,108000104,SEARCH_1117,PRE_2023,3;12;15;26;29;33,16;18;22;23;24;41,39,0,0,0,0,0,0,0,43,0.333333,9,6.5,0.136364,0.136364,0.0,5,3,1,4.5,8,0.886859,0.040966,0.374459,0.246753,0.880527,0.847032,0,2,17;27;28;30;39;45,2;1;1;1;0;3,17,0,0,5,1,8.667,5.833,1,42,2,2
108000106,2019-12-10,108000105,SEARCH_1117,PRE_2023,3;6;12;15;26;37,3;8;18;19;41;48,36,1,1,0,0,0,0,0,39,0.280303,7,6.0,0.136364,0.121212,0.015152,3,5,0,4.0,8,0.880327,0.037921,0.34632,0.166667,0.876012,0.838839,0,3,4;17;33;41;43;49,4;0;1;0;5;0,4,0,0,4,3,6.667,5.667,1,35,1,0
108000107,2019-12-13,108000106,SEARCH_1117,PRE_2023,3;12;15;18;26;41,7;12;26;31;37;49,17,2,1,1,0,0,0,0,43,0.257576,6,7.1667,0.174242,0.136364,0.037879,11,3,0,4.6667,8,0.889171,0.038071,0.363636,0.214286,0.875705,0.836336,0,2,2;5;12;15;35;43,3;6;7;1;5;1,2,0,1,2,0,4.0,10.333,1,27,3,6
108000108,2019-12-17,108000107,SEARCH_1117,PRE_2023,3;4;12;15;26;37,9;21;27;31;38;49,3,0,0,0,0,0,0,0,40,0.272727,7,6.0,0.143939,0.136364,0.007576,4,5,0,4.0,8,0.881341,0.03823,0.344156,0.285714,0.87542,0.840796,0,3,22;25;30;35;40;44,1;2;2;0;2;1,22,0,0,6,1,6.833,4.833,1,3,1,0
108000109,2019-12-20,108000108,SEARCH_1117,PRE_2023,4;6;12;15;21;26,16;21;22;28;32;46,24,1,1,0,0,0,0,0,37,0.280303,7,6.3333,0.166667,0.151515,0.015152,4,6,0,4.0,8,0.862924,0.041866,0.385281,0.177489,0.861067,0.834411,0,3,3;11;19;21;32;41,1;8;0;3;2;8,3,0,1,3,1,8.833,14.167,1,27,2,5
108000110,2019-12-24,108000109,SEARCH_1117,PRE_2023,4;6;12;21;26;37,9;18;31;45;48;49,22,0,0,0,0,0,0,0,40,0.295455,7,6.6667,0.159091,0.151515,0.007576,6,4,0,4.0,8,0.869117,0.041566,0.374459,0.233766,0.864643,0.844876,0,3,7;11;23;26;27;38,4;5;3;2;1;6,7,1,2,4,0,9.167,3.333,1,33,3,8
108000111,2019-12-27,108000110,SEARCH_1117,PRE_2023,2;9;12;18;21;26,17;18;25;32;43;45,5,1,1,0,0,0,0,0,36,0.295455,9,6.3333,0.181818,0.166667,0.015152,4,4,0,4.1667,8,0.857239,0.042381,0.385281,0.121212,0.873542,0.832352,0,3,4;11;23;35;36;44,1;7;0;1;7;4,4,0,1,4,1,6.167,11.333,1,17,2,5
108000112,2019-12-31,108000111,SEARCH_1117,PRE_2023,5;6;9;12;18;21,10;14;26;38;39;47,8,0,0,0,0,0,0,0,42,0.356061,11,6.5,0.159091,0.151515,0.007576,4,4,0,4.3333,8,0.855657,0.045614,0.398268,0.181818,0.866483,0.834824,0,4,13;16;27;37;40;49,2;2;5;0;1;1,13,0,0,4,1,5.333,11.667,1,44,1,0
109000001,2020-01-03,108000112,SEARCH_1117,PRE_2023,6;12;18;21;26;29,16;18;19;29;30;47,10,2,1,1,0,0,0,0,42,0.333333,12,7.5,0.166667,0.143939,0.022727,7,4,0,4.3333,8,0.873242,0.043712,0.415584,0.251082,0.864588,0.848598,0,2,2;6;33;36;42;45,1;9;0;7;3;1,2,0,0,4,1,9.667,9.167,1,16,2,3
109000002,2020-01-07,109000001,SEARCH_1117,PRE_2023,6;12;16;18;21;26,1;5;8;15;16;38,7,1,1,0,0,0,0,0,39,0.280303,9,7.0,0.181818,0.151515,0.030303,6,4,0,4.1667,8,0.874055,0.040948,0.393939,0.205628,0.880147,0.846058,0,2,3;11;25;27;36;41,1;3;0;2;6;1,3,0,1,4,1,5.167,7.833,1,40,2,3
109000003,2020-01-10,109000002,SEARCH_1117,PRE_2023,6;12;16;18;21;26,4;7;12;17;33;38,11,1,1,0,0,0,0,0,42,0.272727,7,6.6667,0.166667,0.151515,0.015152,4,4,0,3.6667,7,0.891445,0.038961,0.383117,0.277056,0.888377,0.86628,0,2,1;7;11;27;42;43,4;1;7;0;2;5,1,1,2,3,1,6.0,13.333,0,23,2,2
109000004,2020-01-14,109000003,SEARCH_1117,PRE_2023,6;12;16;18;21;26,7;20;34;37;38;47,18,0,0,0,0,0,0,0,41,0.363636,9,6.8333,0.159091,0.136364,0.022727,4,3,0,3.8333,8,0.86365,0.045155,0.411255,0.175325,0.880561,0.852246,0,2,10;19;22;23;28;37,2;3;5;2;5;2,10,0,1,4,0,5.667,12.0,1,2,2,4
109000005,2020-01-17,109000004,SEARCH_1117,PRE_2023,6;7;12;18;21;26,7;9;20;42;44;45,8,1,1,0,0,0,0,0,43,0.318182,9,7.6667,0.19697,0.136364,0.060606,7,3,0,4.6667,8,0.857564,0.047019,0.448052,0.214286,0.872671,0.843921,0,3,2;11;16;23;31;45,8;0;1;4;6;3,2,0,1,3,1,6.333,9.0,1,26,3,7
109000006,2020-01-21,109000005,SEARCH_1117,PRE_2023,6;7;11;12;18;21,17;22;30;38;44;48,36,0,0,0,0,0,0,0,43,0.333333,8,6.6667,0.212121,0.174242,0.037879,5,5,0,4.1667,7,0.871717,0.043093,0.411255,0.17316,0.885814,0.855356,0,4,10;15;25;30;48;49,3;1;0;8;2;0,10,0,1,4,2,8.5,4.667,1,32,1,0
109000007,2020-01-23,109000006,SEARCH_1117,PRE_2023,6;7;11;17;18;21,13;18;23;30;44;48,37,1,1,0,0,0,0,0,43,0.25,6,6.3333,0.174242,0.159091,0.015152,6,5,0,3.8333,7,0.879881,0.039889,0.37013,0.220779,0.889655,0.86946,0,3,3;13;26;28;34;36,4;7;2;2;2;3,3,0,0,4,0,9.0,7.667,1,19,2,5
109000008,2020-01-24,109000007,SEARCH_1117,PRE_2023,6;7;10;18;21;38,7;13;18;21;38;44,3,4,1,1,1,1,0,0,45,0.287879,8,6.3333,0.151515,0.151515,0.0,6,5,1,4.1667,8,0.897735,0.037471,0.344156,0.246753,0.888765,0.851499,0,3,1;2;5;6;17;19,5;2;8;6;9;4,1,0,0,0,0,7.667,3.167,0,12,4,9
109000009,2020-01-25,109000008,SEARCH_1117,PRE_2023,6;7;11;18;21;38,5;13;16;31;41;45,9,0,0,0,0,0,0,0,42,0.431818,11,7.3333,0.151515,0.136364,0.015152,5,5,0,4.5,7,0.868668,0.046794,0.404762,0.209957,0.876314,0.851143,0,3,26;28;32;38;39;48,1;1;1;0;2;1,26,0,0,6,1,7.167,7.5,1,29,2,1
109000010,2020-01-26,109000009,SEARCH_1117,PRE_2023,2;6;7;16;18;21,3;28;29;35;41;47,48,0,0,0,0,0,0,0,46,0.333333,8,6.1667,0.181818,0.166667,0.015152,7,9,0,3.8333,7,0.892724,0.039954,0.374459,0.285714,0.88257,0.855534,0,3,14;25;35;36;39;45,1;5;1;1;1;3,14,0,0,5,0,11.0,10.667,1,32,2,1
109000011,2020-01-27,109000010,SEARCH_1117,PRE_2023,3;4;6;7;11;18,9;12;23;33;39;45,24,0,0,0,0,0,0,0,42,0.363636,9,6.0,0.166667,0.159091,0.007576,4,6,0,3.5,8,0.878277,0.042494,0.387446,0.270563,0.878808,0.864691,0,5,15;20;28;29;31;36,1;2;1;3;1;5,15,0,0,4,0,9.667,6.5,1,30,2,1
109000012,2020-01-28,109000011,SEARCH_1117,PRE_2023,4;6;7;12;18;38,2;3;13;20;28;38,40,1,1,0,0,0,0,0,42,0.257576,7,5.8333,0.181818,0.166667,0.015152,4,7,0,4.0,7,0.889848,0.037734,0.348485,0.270563,0.88339,0.844915,0,4,3;10;11;23;28;34,3;3;2;1;2;9,3,0,2,3,0,7.833,9.333,1,38,2,3
109000013,2020-01-29,109000012,SEARCH_1117,PRE_2023,3;4;6;13;18;38,1;4;9;14;15;49,32,1,1,0,0,0,0,0,40,0.265152,8,7.3333,0.219697,0.181818,0.037879,7,4,0,5.0,8,0.857247,0.044592,0.415584,0.155844,0.868374,0.813916,0,3,3;18;36;40;41;42,0;6;0;3;1;2,3,0,0,4,2,7.333,10.333,1,45,2,3
109000014,2020-01-30,109000013,SEARCH_1117,PRE_2023,3;6;9;12;13;38,6;24;35;41;46;49,9,1,1,0,0,0,0,0,42,0.257576,7,6.6667,0.19697,0.159091,0.037879,10,5,0,4.1667,8,0.891829,0.038296,0.376623,0.231602,0.885609,0.851449,0,4,2;24;33;37;41;48,6;2;0;1;4;4,2,0,0,5,1,6.167,12.333,1,1,3,6
109000015,2020-01-31,109000014,SEARCH_1117,PRE_2023,3;11;12;13;18;38,14;16;19;28;32;49,1,0,0,0,0,0,0,0,44,0.272727,7,6.5,0.166667,0.143939,0.022727,5,5,0,4.1667,8,0.896214,0.037621,0.363636,0.248918,0.893793,0.870477,0,3,36;37;39;41;44;46,1;0;1;1;1;1,36,0,0,6,1,7.167,7.0,1,25,1,0
109000016,2020-02-01,109000015,SEARCH_1117,PRE_2023,3;4;11;13;18;38,2;10;12;20;26;34,28,0,0,0,0,0,0,0,42,0.25,6,6.1667,0.166667,0.166667,0.0,4,5,1,3.6667,8,0.896316,0.037012,0.357143,0.231602,0.894607,0.865615,0,3,7;22;28;30;43;46,0;1;5;0;3;4,7,1,1,5,2,7.833,9.5,1,27,2,3
109000017,2020-02-02,109000016,SEARCH_1117,PRE_2023,3;9;11;12;18;38,3;16;17;30;33;37,29,1,1,0,0,0,0,0,45,0.340909,8,6.8333,0.143939,0.136364,0.007576,5,3,0,4.5,8,0.897682,0.039073,0.374459,0.281385,0.888508,0.853792,0,4,1;12;17;22;35;42,8;2;1;3;1;4,1,0,1,3,0,8.167,7.833,0,41,3,2
109000018,2020-02-04,109000017,SEARCH_1117,PRE_2023,3;4;11;12;16;38,3;23;27;28;37;48,8,1,1,0,0,0,0,0,41,0.409091,9,7.6667,0.166667,0.159091,0.007576,4,7,0,4.8333,7,0.861967,0.046448,0.424242,0.209957,0.865861,0.827229,0,4,1;13;14;19;41;46,9;4;2;0;3;1,1,0,0,2,1,6.833,7.5,0,22,2,3
109000019,2020-02-07,109000018,SEARCH_1117,PRE_2023,3;11;12;16;18;23,5;15;19;22;30;42,31,0,0,0,0,0,0,0,40,0.401515,9,6.3333,0.143939,0.143939,0.0,4,4,1,4.1667,8,0.883161,0.041266,0.367965,0.192641,0.887452,0.856717,0,3,12;14;16;39;44;45,2;1;0;3;0;3,12,0,1,3,2,7.5,8.167,1,30,2,1
109000020,2020-02-11,109000019,SEARCH_1117,PRE_2023,3;4;7;11;16;18,9;22;23;37;43;46,38,0,0,0,0,0,0,0,39,0.356061,8,6.0,0.136364,0.128788,0.007576,3,5,0,3.5,6,0.882352,0.039561,0.357143,0.199134,0.889073,0.859177,0,4,11;12;16;18;33;38,3;1;5;4;5;3,11,0,2,2,0,10.667,6.5,1,19,2,5
109000021,2020-02-14,109000020,SEARCH_1117,PRE_2023,3;4;9;11;18;23,7;13;23;33;35;36,9,1,1,0,0,0,0,0,39,0.393939,9,7.5,0.166667,0.159091,0.007576,4,5,0,4.0,6,0.856573,0.046523,0.415584,0.207792,0.871352,0.853348,0,4,3;10;20;28;29;48,3;1;9;2;0;3,3,0,1,3,1,9.167,10.5,1,2,2,2
109000022,2020-02-18,109000021,SEARCH_1117,PRE_2023,3;4;11;16;18;23,4;13;31;35;37;42,49,1,1,0,0,0,0,0,40,0.348485,8,7.1667,0.174242,0.174242,0.0,7,5,1,4.5,7,0.856874,0.045061,0.402597,0.214286,0.866923,0.833636,0,3,3;8;15;27;33;47,5;5;2;0;3;2,3,1,1,3,1,10.5,4.833,1,35,2,2
109000023,2020-02-21,109000022,SEARCH_1117,PRE_2023,3;6;11;13;23;37,13;15;27;34;35;39,31,1,1,0,0,0,0,0,41,0.310606,7,6.8333,0.166667,0.159091,0.007576,9,5,0,4.5,8,0.87807,0.040001,0.361472,0.190476,0.880761,0.842323,0,3,3;9;25;29;31;35,6;2;1;1;6;2,3,0,1,4,0,8.167,5.0,1,27,3,4
109000024,2020-02-25,109000023,SEARCH_1117,PRE_2023,2;3;6;11;13;23,1;2;8;44;47;48,9,1,1,0,0,0,0,0,39,0.356061,8,6.8333,0.166667,0.159091,0.007576,4,4,0,3.8333,6,0.861506,0.045829,0.417749,0.205628,0.868297,0.848077,0,4,5;7;25;35;38;49,1;4;4;1;2;0,5,1,1,4,1,10.0,12.833,1,8,2,3
109000025,2020-02-28,109000024,SEARCH_1117,PRE_2023,1;3;4;11;13;23,2;9;18;27;46;48,25,0,0,0,0,0,0,0,41,0.310606,7,6.0,0.136364,0.136364,0.0,3,5,1,3.5,6,0.881961,0.040104,0.37013,0.214286,0.884011,0.868917,0,4,8;10;29;40;41;45,3;1;4;0;1;1,8,1,2,4,1,8.333,5.167,1,9,1,0
109000026,2020-03-03,109000025,SEARCH_1117,PRE_2023,2;3;6;9;11;13,8;10;11;17;28;42,40,1,1,0,0,0,0,0,39,0.295455,9,6.6667,0.189394,0.166667,0.022727,5,8,0,4.0,6,0.863868,0.043159,0.409091,0.21645,0.864345,0.842318,0,5,5;13;22;39;41;44,1;3;6;0;0;2,5,0,0,4,2,9.833,11.167,1,31,2,2
109000027,2020-03-06,109000026,SEARCH_1117,PRE_2023,3;6;9;13;25;37,8;12;13;15;16;30,45,1,1,0,0,0,0,0,44,0.257576,9,6.5,0.143939,0.136364,0.007576,6,3,0,3.6667,7,0.904861,0.036009,0.350649,0.253247,0.89411,0.881032,0,3,1;10;13;21;28;33,3;3;9;1;3;2,1,0,1,3,0,10.167,6.333,0,36,3,6
109000028,2020-03-10,109000027,SEARCH_1117,PRE_2023,3;6;9;13;15;23,1;4;12;25;34;37,42,0,0,0,0,0,0,0,42,0.348485,10,6.5,0.143939,0.136364,0.007576,4,3,0,3.8333,6,0.875581,0.042925,0.387446,0.19697,0.88542,0.859404,0,3,7;8;9;16;31;43,0;3;2;5;3;6,7,2,3,2,1,6.0,8.5,1,20,3,5
109000029,2020-03-13,109000028,SEARCH_1117,PRE_2023,3;6;9;12;13;15,14;22;32;33;34;49,31,0,0,0,0,0,0,0,44,0.287879,7,5.8333,0.143939,0.136364,0.007576,7,3,0,4.0,7,0.908809,0.035363,0.335498,0.248918,0.896571,0.874802,0,4,20;23;28;35;39;44,2;1;2;2;1;1,20,0,0,5,0,5.833,10.0,1,41,2,3
109000030,2020-03-17,109000029,SEARCH_1117,PRE_2023,3;6;8;12;13;16,10;17;28;29;43;47,4,0,0,0,0,0,0,0,44,0.234848,7,5.5,0.159091,0.143939,0.015152,6,4,0,3.8333,7,0.902165,0.035766,0.344156,0.229437,0.901647,0.863479,0,4,10;17;28;41;44;47,0;2;1;4;7;1,10,0,1,4,1,6.5,8.0,1,27,2,5
109000031,2020-03-20,109000030,SEARCH_1117,PRE_2023,3;6;7;13;15;16,1;8;13;43;46;48,29,1,1,0,0,0,0,0,42,0.265152,6,5.6667,0.151515,0.143939,0.007576,5,4,0,3.8333,7,0.89652,0.036778,0.341991,0.12987,0.900454,0.870164,0,3,2;8;25;33;39;49,1;4;8;1;0;3,2,1,1,4,1,8.667,4.0,1,21,3,3
109000032,2020-03-24,109000031,SEARCH_1117,PRE_2023,1;3;6;8;9;13,10;12;16;29;41;45,1,0,0,0,0,0,0,0,43,0.30303,7,6.1667,0.189394,0.136364,0.05303,5,5,0,4.0,7,0.885587,0.04061,0.402597,0.192641,0.896046,0.86367,0,5,10;18;20;26;28;36,2;2;5;2;1;3,10,0,1,3,0,7.0,8.667,1,3,2,2
109000033,2020-03-27,109000032,SEARCH_1117,PRE_2023,6;9;10;12;13;16,2;8;10;16;23;49,41,2,1,1,0,0,0,0,42,0.257576,6,6.5,0.212121,0.136364,0.075758,7,3,0,4.5,7,0.890685,0.038867,0.38961,0.21645,0.888098,0.855809,0,4,2;4;7;8;42;44,3;4;6;8;0;2,2,2,2,2,1,5.333,4.667,1,37,2,7
109000034,2020-03-31,109000033,SEARCH_1117,PRE_2023,6;8;9;10;13;16,6;21;26;34;36;49,23,1,1,0,0,0,0,0,41,0.25,9,6.5,0.189394,0.159091,0.030303,8,5,0,4.1667,7,0.880887,0.039523,0.374459,0.177489,0.883756,0.853545,0,4,3;12;15;22;33;44,5;3;0;2;4;4,3,0,1,3,1,5.833,13.833,1,35,2,6
109000035,2020-04-03,109000034,SEARCH_1117,PRE_2023,6;8;9;10;12;16,2;17;32;43;45;47,34,0,0,0,0,0,0,0,45,0.242424,6,6.0,0.181818,0.136364,0.045455,5,5,0,3.8333,7,0.905105,0.036469,0.367965,0.274892,0.890568,0.866489,0,5,23;28;31;33;36;43,1;2;1;1;4;2,23,0,0,6,0,3.333,4.167,1,39,3,3
109000036,2020-04-07,109000035,SEARCH_1117,PRE_2023,3;8;10;11;13;16,4;7;12;18;27;44,23,0,0,0,0,0,0,0,39,0.219697,6,5.8333,0.166667,0.159091,0.007576,5,5,0,4.0,8,0.887436,0.0366,0.337662,0.229437,0.874378,0.84715,0,4,7;9;11;13;28;44,3;4;5;5;0;2,7,1,3,2,1,7.0,10.167,1,43,3,3
109000037,2020-04-10,109000036,SEARCH_1117,PRE_2023,6;8;12;13;16;18,13;33;41;47;48;49,1,1,1,0,0,0,0,0,41,0.242424,9,6.1667,0.151515,0.136364,0.015152,5,3,0,3.8333,7,0.895577,0.036056,0.341991,0.231602,0.879046,0.843573,0,3,3;18;27;29;41;49,7;1;2;4;0;9,3,0,0,4,1,3.167,5.0,1,42,3,8
109000038,2020-04-14,109000037,SEARCH_1117,PRE_2023,3;10;12;13;16;25,17;19;21;26;33;45,12,0,0,0,0,0,0,0,42,0.257576,7,5.8333,0.136364,0.136364,0.0,3,3,1,4.0,8,0.899467,0.036103,0.335498,0.17316,0.877708,0.839764,0,3,9;18;29;30;36;44,1;1;0;1;3;7,9,0,1,4,1,7.167,5.667,1,2,2,1
109000039,2020-04-17,109000038,SEARCH_1117,PRE_2023,3;5;10;12;16;18,1;21;31;33;42;44,22,0,0,0,0,0,0,0,44,0.234848,9,5.5,0.166667,0.151515,0.015152,5,4,0,4.1667,8,0.913,0.034201,0.32684,0.274892,0.882152,0.851194,0,4,16;20;27;31;40;41,1;2;2;1;1;1,16,0,0,4,0,9.833,7.167,1,35,2,2
109000040,2020-04-21,109000039,SEARCH_1117,PRE_2023,1;10;11;12;13;16,1;2;29;33;45;47,39,1,1,0,0,0,0,0,42,0.242424,8,5.3333,0.159091,0.159091,0.0,4,6,1,3.5,8,0.897204,0.036056,0.333333,0.229437,0.88629,0.871884,0,4,5;10;12;36;39;43,4;0;1;5;6;3,5,0,2,3,1,6.0,3.333,1,18,2,4
109000041,2020-04-24,109000040,SEARCH_1117,PRE_2023,1;11;13;16;33;45,7;10;14;15;17;39,45,0,0,0,0,0,0,0,40,0.318182,7,6.8333,0.189394,0.174242,0.015152,5,4,0,4.3333,9,0.87689,0.040479,0.378788,0.220779,0.873198,0.836289,1,2,19;24;32;35;39;42,2;1;0;1;2;1,19,0,0,5,1,5.0,10.0,1,4,1,0
109000042,2020-04-28,109000041,SEARCH_1117,PRE_2023,6;10;11;16;17;45,16;29;36;39;43;48,42,1,1,0,0,0,0,0,39,0.242424,7,6.3333,0.174242,0.159091,0.015152,5,4,0,4.1667,7,0.87899,0.038361,0.352814,0.179654,0.870855,0.839914,1,3,1;22;25;36;38;48,7;0;4;1;2;2,1,0,0,5,1,6.167,5.333,0,29,2,3
109000043,2020-05-01,109000042,SEARCH_1117,PRE_2023,5;6;11;13;16;17,5;18;25;34;48;49,45,1,1,0,0,0,0,0,40,0.227273,7,5.1667,0.151515,0.136364,0.015152,5,5,0,3.5,6,0.903991,0.03422,0.320346,0.244589,0.88527,0.861435,0,3,3;17;19;20;22;27,5;4;4;2;4;7,3,0,0,2,0,9.833,10.333,1,9,3,7
109000044,2020-05-05,109000043,SEARCH_1117,PRE_2023,3;6;13;16;17;48,17;19;24;36;43;49,26,1,1,0,0,0,0,0,40,0.242424,6,6.1667,0.181818,0.166667,0.015152,4,7,0,4.1667,8,0.874834,0.03987,0.361472,0.229437,0.853552,0.815623,1,2,1;11;14;16;28;45,6;0;5;3;1;10,1,0,1,2,1,8.167,7.333,0,47,2,8
109000045,2020-05-08,109000044,SEARCH_1117,PRE_2023,3;13;16;17;33;48,8;9;10;24;27;31,33,0,0,0,0,0,0,0,41,0.348485,10,7.8333,0.166667,0.159091,0.007576,9,5,0,5.0,7,0.858531,0.046157,0.428571,0.255411,0.845035,0.804162,1,1,12;15;35;40;45;46,0;2;0;4;1;1,12,0,1,4,2,7.667,8.667,1,5,1,0
109000046,2020-05-12,109000045,SEARCH_1117,PRE_2023,3;11;13;16;17;48,1;5;8;11;35;36,26,1,1,0,0,0,0,0,38,0.295455,8,7.5,0.181818,0.159091,0.022727,10,11,0,4.8333,8,0.85755,0.043459,0.404762,0.207792,0.844087,0.812148,1,2,5;9;10;33;39;48,0;3;3;6;1;0,5,0,2,3,2,11.0,9.167,1,32,2,3
109000047,2020-05-15,109000046,SEARCH_1117,PRE_2023,1;3;6;13;16;17,6;11;31;40;42;45,43,1,1,0,0,0,0,0,43,0.257576,8,5.3333,0.136364,0.136364,0.0,3,3,1,3.5,6,0.910128,0.034435,0.329004,0.183983,0.899102,0.879921,0,3,5;13;16;25;27;31,4;3;2;8;1;3,5,0,0,3,0,10.167,15.333,1,32,3,5
109000048,2020-05-19,109000047,SEARCH_1117,PRE_2023,2;3;6;13;17;45,27;32;33;40;43;44,37,0,0,0,0,0,0,0,41,0.234848,7,5.8333,0.181818,0.159091,0.022727,4,5,0,4.3333,8,0.882246,0.038989,0.359307,0.188312,0.873644,0.812376,1,3,21;27;29;32;35;40,2;3;1;3;1;1,21,0,0,6,0,9.167,6.333,1,28,2,3
109000049,2020-05-22,109000048,SEARCH_1117,PRE_2023,3;13;17;20;33;45,3;7;10;13;39;46,29,2,1,1,0,0,0,0,44,0.272727,6,7.1667,0.159091,0.128788,0.030303,9,5,0,4.6667,8,0.888091,0.040132,0.396104,0.248918,0.872823,0.81912,1,1,1;3;11;36;47;49,6;1;3;6;0;0,1,0,1,3,2,14.0,13.333,0,37,2,1
109000050,2020-05-26,109000049,SEARCH_1117,PRE_2023,4;6;10;13;20;33,1;5;25;29;33;38,19,1,1,0,0,0,0,0,36,0.325758,9,6.8333,0.204545,0.159091,0.045455,5,7,0,4.3333,7,0.848735,0.044602,0.404762,0.142857,0.853279,0.788322,0,3,2;18;25;33;37;38,0;0;4;1;9;4,2,0,0,4,2,9.167,10.5,1,23,2,1
109000051,2020-05-29,109000050,SEARCH_1117,PRE_2023,1;3;5;6;13;33,31;35;39;40;45;49,41,0,0,0,0,0,0,0,43,0.363636,9,5.8333,0.136364,0.136364,0.0,3,5,1,4.3333,8,0.888045,0.040132,0.37013,0.214286,0.890988,0.833311,0,4,32;38;40;43;46;48,1;0;0;3;2;1,32,0,0,6,2,1.833,4.167,1,49,2,1
109000052,2020-06-02,109000051,SEARCH_1117,PRE_2023,1;6;13;17;31;33,1;6;22;25;33;48,19,3,1,1,1,0,0,0,43,0.363636,9,6.3333,0.136364,0.128788,0.007576,3,3,0,4.5,7,0.888457,0.040095,0.365801,0.170996,0.868252,0.807656,0,2,1;2;6;24;27;43,9;3;2;2;9;1,1,0,0,3,0,3.5,7.167,0,36,2,9
109000053,2020-06-05,109000052,SEARCH_1117,PRE_2023,1;3;13;17;33;48,3;5;8;24;26;49,19,1,1,0,0,0,0,0,43,0.30303,9,6.6667,0.136364,0.128788,0.007576,7,3,0,5.0,8,0.894138,0.038699,0.367965,0.270563,0.871742,0.823719,1,2,4;11;16;24;27;30,4;1;1;3;5;11,4,0,1,3,0,3.333,6.5,1,21,3,7
109000054,2020-06-09,109000053,SEARCH_1117,PRE_2023,1;2;4;5;13;33,8;17;28;35;36;47,41,0,0,0,0,0,0,0,43,0.333333,9,6.1667,0.136364,0.136364,0.0,3,3,1,4.1667,8,0.886786,0.040976,0.387446,0.253247,0.867815,0.825149,0,4,16;20;33;38;39;42,2;3;1;2;2;1,16,0,0,4,0,7.0,10.0,1,48,2,3
109000055,2020-06-12,109000054,SEARCH_1117,PRE_2023,1;4;8;11;13;33,1;6;28;30;33;48,27,2,1,1,0,0,0,0,42,0.318182,7,6.5,0.151515,0.151515,0.0,5,6,1,4.1667,7,0.870633,0.042878,0.404762,0.248918,0.875306,0.830325,0,4,1;5;10;11;22;27,7;3;3;3;8;9,1,0,2,2,0,6.667,6.833,0,36,3,12
109000056,2020-06-16,109000055,SEARCH_1117,PRE_2023,1;4;11;12;13;33,6;13;20;23;29;46,42,1,1,0,0,0,0,0,42,0.30303,8,6.0,0.159091,0.151515,0.007576,4,4,0,4.3333,7,0.887362,0.03913,0.367965,0.268398,0.879088,0.822136,0,4,4;9;17;28;35;49,1;6;6;2;2;0,4,0,1,3,1,9.667,14.0,1,23,2,3
109000057,2020-06-19,109000056,SEARCH_1117,PRE_2023,1;4;8;11;13;33,1;15;16;25;43;46,6,1,1,0,0,0,0,0,39,0.30303,8,7.3333,0.19697,0.143939,0.05303,6,5,0,4.8333,7,0.864004,0.043693,0.422078,0.227273,0.865246,0.823258,0,4,1;12;20;30;43;49,8;3;4;0;1;0,1,0,1,3,2,6.5,8.0,0,9,2,2
109000058,2020-06-23,109000057,SEARCH_1117,PRE_2023,1;4;8;11;13;33,1;2;16;22;27;45,13,1,1,0,0,0,0,0,43,0.378788,9,6.6667,0.136364,0.121212,0.015152,4,3,0,4.5,7,0.886685,0.042522,0.404762,0.290043,0.877024,0.848976,0,4,1;9;22;29;31;37,9;2;1;1;2;4,1,0,1,4,0,7.167,7.167,0,5,3,2
109000059,2020-06-26,109000058,SEARCH_1117,PRE_2023,1;6;8;13;16;33,10;12;16;37;40;41,5,1,1,0,0,0,0,0,43,0.439394,10,6.8333,0.159091,0.159091,0.0,4,4,1,4.8333,7,0.877501,0.044499,0.396104,0.25974,0.87358,0.828753,0,3,5;18;19;21;38;42,2;2;7;4;3;1,5,0,0,3,0,2.833,15.833,1,44,3,2
109000060,2020-06-30,109000059,SEARCH_1117,PRE_2023,1;3;4;11;16;33,26;29;31;43;46;49,6,0,0,0,0,0,0,0,38,0.348485,8,6.1667,0.174242,0.174242,0.0,7,7,1,4.3333,8,0.860099,0.043281,0.380952,0.19697,0.870784,0.818511,0,4,15;19;22;36;44;49,2;0;1;4;0;8,15,0,0,4,2,8.667,5.5,1,10,2,3
109000061,2020-07-03,109000060,SEARCH_1117,PRE_2023,1;4;11;16;18;33,13;19;20;24;40;45,33,0,0,0,0,0,0,0,41,0.348485,8,6.8333,0.151515,0.143939,0.007576,6,6,0,4.3333,7,0.873886,0.043234,0.400433,0.222944,0.876348,0.831648,0,3,12;13;25;36;39;43,4;1;4;0;1;3,12,0,1,4,1,11.333,6.667,1,3,1,0
109000062,2020-07-07,109000061,SEARCH_1117,PRE_2023,1;4;8;11;13;33,4;17;22;34;44;46,13,1,1,0,0,0,0,0,40,0.454545,10,7.1667,0.174242,0.143939,0.030303,6,6,0,4.1667,7,0.858123,0.048219,0.428571,0.225108,0.869946,0.834889,0,4,2;22;25;29;32;41,6;0;1;3;3;4,2,0,0,5,1,10.167,12.167,1,4,2,2
109000063,2020-07-10,109000062,SEARCH_1117,PRE_2023,1;3;7;11;16;33,4;5;22;27;46;49,41,0,0,0,0,0,0,0,39,0.363636,8,6.1667,0.128788,0.128788,0.0,3,4,1,4.1667,7,0.874565,0.041875,0.376623,0.21645,0.878396,0.827539,0,4,11;15;18;20;21;39,2;2;3;1;6;8,11,0,1,2,0,9.5,3.5,1,49,2,7
109000064,2020-07-14,109000063,SEARCH_1117,PRE_2023,1;8;9;11;14;33,4;10;24;29;32;49,43,0,0,0,0,0,0,0,39,0.333333,8,6.1667,0.166667,0.166667,0.0,6,7,1,4.0,7,0.864768,0.04254,0.380952,0.229437,0.872066,0.819511,0,4,8;10;15;26;34;36,2;6;1;2;1;8,8,1,2,3,0,14.0,5.0,1,21,2,4
109000065,2020-07-17,109000064,SEARCH_1117,PRE_2023,1;9;10;11;13;14,5;6;15;25;30;41,29,0,0,0,0,0,0,0,40,0.333333,8,6.1667,0.143939,0.136364,0.007576,5,8,0,3.8333,7,0.880861,0.040338,0.376623,0.212121,0.885195,0.848573,0,4,15;17;27;30;44;49,1;2;2;1;0;0,15,0,0,4,2,12.333,7.167,1,13,2,1
109000066,2020-07-21,109000065,SEARCH_1117,PRE_2023,1;9;10;11;14;18,3;16;25;31;33;36,14,0,0,0,0,0,0,0,40,0.484848,11,6.5,0.143939,0.143939,0.0,5,5,1,3.8333,7,0.865323,0.046729,0.387446,0.201299,0.867201,0.841783,0,4,7;14;18;43;44;49,2;0;0;2;5;0,7,1,1,3,3,16.333,8.333,1,4,1,0
109000067,2020-07-24,109000066,SEARCH_1117,PRE_2023,1;9;11;14;16;33,2;20;21;24;35;37,9,0,0,0,0,0,0,0,45,0.393939,9,5.8333,0.143939,0.136364,0.007576,5,6,0,4.1667,7,0.900055,0.039579,0.357143,0.248918,0.892836,0.854129,0,3,11;18;25;30;34;45,1;3;5;1;1;3,11,0,1,4,0,13.167,11.167,1,2,2,2
109000068,2020-07-28,109000067,SEARCH_1117,PRE_2023,1;7;9;11;14;33,8;10;22;23;29;35,2,0,0,0,0,0,0,0,42,0.348485,8,6.0,0.166667,0.143939,0.022727,5,4,0,4.0,7,0.887829,0.039383,0.365801,0.231602,0.879897,0.843163,0,4,7;21;28;33;38;39,4;2;1;1;2;1,7,1,1,5,0,17.0,6.667,1,9,2,3
109000069,2020-07-31,109000068,SEARCH_1117,PRE_2023,1;3;8;9;10;33,16;17;18;19;33;45,25,1,1,0,0,0,0,0,40,0.325758,9,6.5,0.181818,0.159091,0.022727,5,6,0,4.5,7,0.873886,0.042156,0.402597,0.251082,0.864886,0.814874,0,5,4;13;18;27;31;37,2;1;7;1;6;1,4,0,0,3,0,7.167,9.167,1,38,1,0
109000070,2020-08-04,109000069,SEARCH_1117,PRE_2023,1;8;9;10;16;33,1;5;11;19;31;33,6,2,1,1,0,0,0,0,43,0.30303,7,6.5,0.159091,0.151515,0.007576,5,7,0,4.6667,7,0.889912,0.039467,0.376623,0.311688,0.884699,0.843864,0,4,1;3;8;25;29;30,7;1;5;1;1;8,1,1,1,3,0,7.167,7.667,0,45,2,8
109000071,2020-08-07,109000070,SEARCH_1117,PRE_2023,1;9;13;14;33;38,6;9;19;40;44;45,1,1,1,0,0,0,0,0,40,0.393939,9,7.5,0.159091,0.151515,0.007576,7,5,0,4.8333,7,0.874184,0.041988,0.365801,0.218615,0.87497,0.828795,0,2,2;13;22;27;32;42,0;6;2;4;1;3,2,0,0,4,1,14.833,9.0,1,1,2,1
109000072,2020-08-11,109000071,SEARCH_1117,PRE_2023,1;3;7;8;14;33,8;12;40;42;44;47,5,1,1,0,0,0,0,0,42,0.272727,6,5.6667,0.166667,0.159091,0.007576,6,5,0,3.8333,7,0.893888,0.036562,0.335498,0.255411,0.879058,0.835224,0,4,3;20;21;22;31;33,6;2;3;5;1;4,3,0,0,4,0,11.333,10.333,1,15,3,6
109000073,2020-08-14,109000072,SEARCH_1117,PRE_2023,1;7;8;14;33;38,16;20;24;25;31;33,37,1,1,0,0,0,0,0,46,0.318182,7,7.3333,0.166667,0.136364,0.030303,6,3,0,4.5,8,0.892022,0.040591,0.393939,0.279221,0.871296,0.841991,0,3,4;11;15;16;38;43,2;4;1;1;4;7,4,0,1,2,0,14.333,4.833,1,10,4,3
109000074,2020-08-18,109000073,SEARCH_1117,PRE_2023,1;3;7;8;16;33,4;22;30;43;45;47,15,0,0,0,0,0,0,0,43,0.30303,7,7.1667,0.181818,0.174242,0.007576,4,6,0,4.8333,7,0.876238,0.042222,0.400433,0.225108,0.865434,0.831014,0,4,9;21;24;29;35;38,3;1;1;2;2;5,9,0,1,5,0,6.833,7.333,1,12,3,2
109000075,2020-08-21,109000074,SEARCH_1117,PRE_2023,1;3;7;8;14;33,5;14;40;44;45;46,32,1,1,0,0,0,0,0,39,0.348485,8,7.0,0.174242,0.174242,0.0,6,7,1,3.8333,7,0.854371,0.045661,0.404762,0.246753,0.834574,0.822971,0,4,6;9;34;40;48;49,0;6;0;1;11;0,6,0,1,4,3,13.167,9.667,1,24,2,1
109000076,2020-08-25,109000075,SEARCH_1117,PRE_2023,1;3;5;7;8;33,2;23;28;35;46;48,33,0,0,0,0,0,0,0,39,0.287879,7,6.6667,0.219697,0.19697,0.022727,7,10,0,4.1667,8,0.854164,0.044677,0.417749,0.214286,0.850348,0.817947,0,5,8;22;31;37;39;48,3;2;1;0;1;2,8,1,1,5,1,8.5,11.333,1,3,2,1
109000077,2020-08-28,109000076,SEARCH_1117,PRE_2023,1;3;7;16;33;45,13;14;19;22;23;36,24,0,0,0,0,0,0,0,42,0.378788,9,8.0,0.181818,0.128788,0.05303,4,3,0,4.5,8,0.869333,0.04611,0.450216,0.28355,0.845127,0.833106,1,3,16;33;36;40;44;48,2;1;0;1;1;0,16,0,0,5,2,9.333,6.5,1,45,1,0
109000078,2020-09-01,109000077,SEARCH_1117,PRE_2023,1;3;7;10;33;45,1;2;6;8;38;43,24,1,1,0,0,0,0,0,38,0.333333,8,8.0,0.212121,0.166667,0.045455,11,6,0,4.8333,8,0.852249,0.046139,0.435065,0.225108,0.850192,0.82049,1,4,1;18;22;25;40;41,8;1;0;0;7;2,1,0,0,4,2,11.167,9.167,0,44,1,0
109000079,2020-09-04,109000078,SEARCH_1117,PRE_2023,1;2;3;7;33;45,2;9;11;13;39;43,35,1,1,0,0,0,0,0,42,0.363636,9,7.3333,0.174242,0.151515,0.022727,4,5,0,4.5,9,0.868789,0.044911,0.41342,0.274892,0.856764,0.826299,1,4,6;7;10;23;28;44,4;5;2;0;4;6,6,1,2,3,1,9.167,8.167,1,34,2,4
109000080,2020-09-08,109000079,SEARCH_1117,PRE_2023,1;7;8;33;43;45,1;2;9;20;26;48,36,1,1,0,0,0,0,0,39,0.318182,8,7.8333,0.174242,0.159091,0.015152,5,5,0,4.8333,9,0.860436,0.043609,0.404762,0.209957,0.856318,0.802837,2,3,1;8;11;19;43;49,8;3;4;0;3;0,1,1,2,2,2,8.0,5.833,0,22,3,2
109000081,2020-09-11,109000080,SEARCH_1117,PRE_2023,1;2;3;7;33;45,1;26;29;39;48;49,9,1,1,0,0,0,0,0,36,0.5,11,7.5,0.181818,0.174242,0.007576,4,6,0,4.5,8,0.823788,0.054609,0.443723,0.188312,0.833562,0.776417,1,4,1;14;28;45;47;49,11;1;0;0;0;9,1,0,0,4,3,10.5,5.833,0,20,2,8
109000082,2020-09-15,109000081,SEARCH_1117,PRE_2023,1;2;7;16;33;45,7;16;29;32;37;48,21,2,1,1,0,0,0,0,38,0.469697,11,8.5,0.19697,0.189394,0.007576,5,7,0,5.1667,8,0.82651,0.055677,0.489177,0.214286,0.831761,0.793691,1,3,2;4;16;17;19;20,6;9;4;3;4;5,2,0,0,0,0,10.167,12.833,1,30,3,12
109000083,2020-09-18,109000082,SEARCH_1117,PRE_2023,1;2;3;15;16;33,3;29;30;32;43;44,35,1,1,0,0,0,0,0,34,0.439394,10,7.6667,0.204545,0.181818,0.022727,7,9,0,5.0,8,0.827401,0.051686,0.454545,0.244589,0.835063,0.784734,0,3,3;8;15;28;31;45,5;6;0;1;4;1,3,1,1,3,1,8.5,6.667,1,46,2,3
109000084,2020-09-22,109000083,SEARCH_1117,PRE_2023,1;15;29;33;43;45,3;4;5;8;24;29,7,1,1,0,0,0,0,0,39,0.393939,9,8.3333,0.174242,0.174242,0.0,8,4,1,5.5,9,0.8453,0.048153,0.426407,0.246753,0.847516,0.778928,2,1,2;12;16;17;34;40,2;2;2;0;1;10,2,0,1,2,1,7.333,6.333,1,28,4,3
109000085,2020-09-25,109000084,SEARCH_1117,PRE_2023,1;2;15;29;33;43,10;31;35;36;39;48,27,0,0,0,0,0,0,0,37,0.393939,9,7.6667,0.189394,0.174242,0.015152,6,4,0,5.0,9,0.833876,0.050008,0.435065,0.162338,0.845383,0.783087,1,2,12;18;22;46;48;49,3;0;0;2;0;8,12,0,1,4,3,7.333,8.833,1,24,1,0
109000086,2020-09-29,109000085,SEARCH_1117,PRE_2023,1;2;12;15;29;33,1;7;8;33;42;47,31,2,1,1,0,0,0,0,41,0.348485,8,6.6667,0.166667,0.143939,0.022727,4,5,0,4.0,8,0.865365,0.045033,0.424242,0.203463,0.866164,0.836742,0,3,1;5;17;22;36;40,8;2;1;6;3;1,1,0,0,3,0,10.167,8.333,0,27,2,9
109000087,2020-10-02,109000086,SEARCH_1117,PRE_2023,1;2;12;15;29;33,11;15;16;18;24;26,46,1,1,0,0,0,0,0,38,0.530303,12,7.5,0.181818,0.151515,0.030303,5,5,0,4.8333,8,0.824995,0.056774,0.469697,0.168831,0.834574,0.779373,0,3,6;9;27;34;35;42,1;5;1;5;1;0,6,0,1,4,1,8.167,10.333,1,49,2,5
109000088,2020-10-06,109000087,SEARCH_1117,PRE_2023,1;2;12;16;29;33,4;5;22;23;34;40,37,0,0,0,0,0,0,0,41,0.409091,9,7.1667,0.159091,0.136364,0.022727,7,7,0,4.6667,8,0.868802,0.044021,0.396104,0.222944,0.874603,0.825087,0,3,7;17;20;25;34;38,1;2;1;3;7;1,7,1,1,3,0,5.5,11.5,1,36,2,1
109000089,2020-10-09,109000088,SEARCH_1117,PRE_2023,1;2;5;12;21;29,2;7;19;25;42;47,6,1,1,0,0,0,0,0,40,0.363636,8,6.5,0.174242,0.166667,0.007576,5,5,0,4.5,8,0.868683,0.043983,0.406926,0.227273,0.890911,0.844731,0,4,2;19;20;24;32;36,7;2;1;2;2;2,2,0,0,3,0,9.5,7.667,1,31,3,3
109000090,2020-10-13,109000089,SEARCH_1117,PRE_2023,1;2;5;12;17;29,1;3;15;27;39;41,20,1,1,0,0,0,0,0,42,0.272727,6,6.1667,0.166667,0.151515,0.015152,5,5,0,4.5,8,0.890511,0.038839,0.376623,0.203463,0.898087,0.846397,0,4,1;16;29;31;38;43,6;0;1;4;1;5,1,0,0,4,1,8.667,11.667,0,17,2,2
109000091,2020-10-16,109000090,SEARCH_1117,PRE_2023,1;5;8;12;17;21,7;25;28;33;44;47,19,0,0,0,0,0,0,0,44,0.409091,9,7.0,0.174242,0.143939,0.030303,8,7,0,4.3333,7,0.872102,0.045567,0.422078,0.264069,0.881134,0.83107,0,4,10;21;28;34;37;41,1;1;5;1;1;4,10,0,1,5,0,12.333,5.667,1,31,2,3
109000092,2020-10-20,109000091,SEARCH_1117,PRE_2023,1;5;8;12;14;29,5;17;18;28;30;39,13,1,1,0,0,0,0,0,38,0.363636,8,6.6667,0.174242,0.166667,0.007576,7,4,0,4.3333,7,0.85206,0.045726,0.409091,0.127706,0.877755,0.837663,0,4,2;8;10;18;26;45,8;5;5;2;0;3,2,1,2,2,1,9.167,7.333,1,29,2,4
109000093,2020-10-23,109000092,SEARCH_1117,PRE_2023,1;5;8;12;14;21,3;9;20;25;26;35,39,0,0,0,0,0,0,0,43,0.424242,10,7.3333,0.159091,0.121212,0.037879,5,3,0,4.1667,7,0.86549,0.048734,0.443723,0.281385,0.876676,0.860878,0,4,10;17;18;20;44;46,2;2;0;4;0;3,10,0,1,2,2,12.333,7.5,1,25,1,0
109000094,2020-10-27,109000093,SEARCH_1117,PRE_2023,1;3;5;8;12;33,2;9;19;28;30;32,35,0,0,0,0,0,0,0,44,0.340909,10,6.8333,0.166667,0.159091,0.007576,8,5,0,4.1667,7,0.868621,0.044733,0.406926,0.253247,0.883192,0.857516,0,5,16;20;25;34;42;49,2;1;2;1;1;0,16,0,0,4,1,6.667,4.333,1,27,3,1
109000095,2020-10-30,109000094,SEARCH_1117,PRE_2023,1;2;5;8;12;14,6;10;13;19;40;45,7,0,0,0,0,0,0,0,41,0.325758,8,7.3333,0.159091,0.159091,0.0,5,7,1,4.1667,6,0.854087,0.048556,0.45671,0.257576,0.873882,0.863068,0,5,9;13;14;15;20;35,3;2;3;3;2;4,9,0,1,1,0,9.833,11.833,1,11,2,4
109000096,2020-11-03,109000095,SEARCH_1117,PRE_2023,1;5;7;8;12;14,6;11;15;30;32;44,29,0,0,0,0,0,0,0,44,0.25,6,5.0,0.143939,0.143939,0.0,4,4,1,3.3333,7,0.906761,0.035129,0.329004,0.231602,0.904173,0.878797,0,5,7;10;15;28;35;43,2;4;4;1;1;1,7,1,2,3,0,11.333,4.167,1,38,2,3
109000097,2020-11-06,109000096,SEARCH_1117,PRE_2023,1;2;6;12;14;21,5;9;25;39;44;46,2,0,0,0,0,0,0,0,41,0.272727,8,6.3333,0.128788,0.128788,0.0,3,5,1,3.6667,6,0.885521,0.039364,0.380952,0.227273,0.89227,0.869069,0,4,8;11;27;29;37;39,4;3;2;1;2;2,8,1,2,4,0,14.333,6.5,1,6,2,3
109000098,2020-11-10,109000097,SEARCH_1117,PRE_2023,1;5;12;14;21;25,5;17;19;21;28;29,43,2,1,1,0,0,0,0,41,0.30303,7,7.1667,0.166667,0.136364,0.030303,7,6,0,4.3333,7,0.87026,0.042906,0.406926,0.25974,0.881057,0.839966,0,3,2;5;24;25;26;46,8;2;1;7;0;2,2,0,0,4,1,14.667,9.833,1,28,2,3
109000099,2020-11-13,109000098,SEARCH_1117,PRE_2023,1;5;12;14;19;25,7;9;12;15;25;29,47,2,1,1,0,0,0,0,42,0.44697,11,7.8333,0.166667,0.128788,0.037879,6,4,0,4.6667,7,0.837626,0.054806,0.484848,0.225108,0.873839,0.830787,0,3,3;6;8;9;12;13,3;3;9;2;6;5,3,1,3,0,0,10.333,7.167,1,31,3,6
109000100,2020-11-17,109000099,SEARCH_1117,PRE_2023,1;5;12;14;18;25,6;14;18;20;38;41,29,2,1,1,0,0,0,0,41,0.333333,8,6.8333,0.174242,0.159091,0.015152,6,6,0,4.6667,8,0.86044,0.045277,0.409091,0.170996,0.873321,0.807089,0,3,3;6;17;22;36;46,1;6;6;0;6;1,3,0,0,3,1,7.5,12.333,1,12,3,7
109000101,2020-11-20,109000100,SEARCH_1117,PRE_2023,1;3;5;6;14;25,16;27;29;35;37;48,31,0,0,0,0,0,0,0,43,0.287879,8,6.0,0.181818,0.143939,0.037879,5,4,0,4.1667,8,0.896734,0.037171,0.359307,0.19697,0.89114,0.838219,0,4,9;12;14;19;37;47,3;3;6;0;5;2,9,0,2,2,1,4.333,11.667,1,30,2,5
109000102,2020-11-24,109000101,SEARCH_1117,PRE_2023,1;5;6;16;25;29,5;29;36;38;44;45,23,2,1,1,0,0,0,0,42,0.30303,7,7.5,0.174242,0.166667,0.007576,8,5,0,5.3333,8,0.887389,0.03883,0.367965,0.257576,0.877365,0.831625,0,3,4;6;18;31;35;37,6;8;1;4;2;1,4,0,0,3,0,3.833,6.0,1,19,2,7
109000103,2020-11-27,109000102,SEARCH_1117,PRE_2023,1;4;5;19;25;29,1;19;26;30;35;48,11,2,1,1,0,0,0,0,38,0.477273,12,8.5,0.174242,0.151515,0.022727,4,5,0,5.0,8,0.840293,0.051395,0.443723,0.225108,0.831534,0.801111,0,3,2;5;34;38;44;47,5;9;1;0;0;1,2,0,0,4,2,6.5,6.5,1,33,2,4
109000104,2020-12-01,109000103,SEARCH_1117,PRE_2023,1;5;12;16;19;29,4;22;29;37;44;49,30,1,1,0,0,0,0,0,41,0.356061,11,7.5,0.128788,0.121212,0.007576,5,3,0,5.1667,7,0.860632,0.047394,0.430736,0.214286,0.860569,0.795386,0,3,4;8;16;21;33;36,2;2;9;1;7;4,4,1,1,3,0,2.333,10.333,1,13,2,8
109000105,2020-12-04,109000104,SEARCH_1117,PRE_2023,1;5;12;19;29;44,2;13;27;30;41;44,40,1,1,0,0,0,0,0,42,0.393939,11,8.5,0.136364,0.121212,0.015152,10,3,0,5.1667,9,0.865397,0.046457,0.4329,0.238095,0.839724,0.820395,1,3,6;14;21;25;40;47,1;3;0;5;1;10,6,0,0,4,1,2.5,5.5,1,35,2,6
109000106,2020-12-08,109000105,SEARCH_1117,PRE_2023,1;5;12;19;29;44,2;4;10;15;31;45,17,0,0,0,0,0,0,0,41,0.378788,10,8.3333,0.181818,0.128788,0.05303,10,3,0,5.0,8,0.859411,0.046935,0.437229,0.218615,0.84546,0.82022,1,3,7;15;28;31;32;42,3;0;1;1;3;2,7,1,1,4,1,3.333,7.667,1,17,2,1
109000107,2020-12-11,109000106,SEARCH_1117,PRE_2023,2;5;8;19;21;29,8;17;36;37;42;43,34,1,1,0,0,0,0,0,41,0.325758,8,7.1667,0.143939,0.143939,0.0,4,8,1,4.6667,7,0.8623,0.044368,0.404762,0.168831,0.862825,0.810411,0,3,6;13;17;19;25;47,4;3;0;3;5;6,6,0,0,2,1,7.167,13.333,1,14,3,6
109000108,2020-12-15,109000107,SEARCH_1117,PRE_2023,2;5;7;12;19;29,2;6;17;21;43;48,41,1,1,0,0,0,0,0,42,0.25,6,6.1667,0.181818,0.181818,0.0,4,10,1,4.0,8,0.874961,0.04061,0.374459,0.201299,0.868854,0.84469,0,4,1;8;9;18;20;49,6;2;4;6;2;0,1,1,2,1,1,5.833,4.5,0,39,2,1
109000109,2020-12-18,109000108,SEARCH_1117,PRE_2023,2;3;5;21;29;44,2;11;24;26;30;41,1,1,1,0,0,0,0,0,39,0.325758,8,7.0,0.159091,0.159091,0.0,9,7,1,5.0,8,0.860832,0.042662,0.376623,0.177489,0.876539,0.81634,1,3,1;9;18;20;36;45,8;4;4;0;3;1,1,0,1,2,1,5.667,8.333,0,40,2,4
109000110,2020-12-22,109000109,SEARCH_1117,PRE_2023,2;5;12;14;19;29,20;22;25;30;31;45,2,0,0,0,0,0,0,0,40,0.431818,10,7.3333,0.189394,0.151515,0.037879,6,5,0,4.1667,7,0.851145,0.049634,0.450216,0.294372,0.862699,0.829529,0,3,10;17;20;22;23;46,2;0;2;6;2;3,10,0,1,3,1,7.167,6.0,1,1,2,3
109000111,2020-12-25,109000110,SEARCH_1117,PRE_2023,2;5;14;16;29;30,1;5;6;19;29;30,39,3,1,1,1,0,0,0,39,0.348485,9,7.1667,0.174242,0.159091,0.015152,5,4,0,4.6667,7,0.868399,0.042053,0.383117,0.233766,0.862872,0.802887,0,2,2;3;5;9;15;27,2;7;1;4;7;9,2,0,1,1,0,6.667,6.0,1,38,4,9
109000112,2020-12-29,109000111,SEARCH_1117,PRE_2023,2;5;12;13;29;44,10;14;33;34;35;39,40,0,0,0,0,0,0,0,40,0.348485,9,7.3333,0.151515,0.136364,0.015152,9,3,0,4.8333,8,0.873601,0.043018,0.393939,0.270563,0.8615,0.804508,1,3,12;13;23;32;36;46,1;3;2;7;0;1,12,0,1,4,1,5.333,14.5,1,34,2,4
110000001,2021-01-01,109000112,SEARCH_1117,PRE_2023,2;5;12;13;19;29,5;37;41;42;46;49,18,1,1,0,0,0,0,0,44,0.318182,8,6.0,0.143939,0.143939,0.0,6,5,1,4.0,7,0.895164,0.037893,0.34632,0.203463,0.882723,0.848321,0,3,2;28;37;38;41;49,6;1;0;1;2;3,2,0,0,5,1,5.333,7.167,1,14,2,1
110000002,2021-01-05,110000001,SEARCH_1117,PRE_2023,2;5;12;13;29;37,8;13;17;20;43;48,38,1,1,0,0,0,0,0,40,0.356061,9,6.5,0.174242,0.143939,0.030303,5,6,0,4.6667,8,0.86941,0.042259,0.385281,0.261905,0.864007,0.819825,0,3,6;24;29;31;39;44,1;5;1;0;1;1,6,0,0,5,1,5.667,6.333,1,10,2,1
110000003,2021-01-08,110000002,SEARCH_1117,PRE_2023,2;5;12;19;30;38,4;18;24;26;43;47,33,0,0,0,0,0,0,0,42,0.265152,7,6.1667,0.151515,0.143939,0.007576,6,4,0,4.1667,6,0.901511,0.035785,0.331169,0.257576,0.885711,0.853854,0,3,10;17;25;26;45;46,1;4;0;0;4;6,10,0,1,4,2,7.5,10.167,1,47,3,3
110000004,2021-01-12,110000003,SEARCH_1117,PRE_2023,2;3;5;12;19;21,1;10;20;28;37;44,33,0,0,0,0,0,0,0,41,0.257576,6,5.3333,0.159091,0.136364,0.022727,4,6,0,3.5,7,0.895542,0.036422,0.339827,0.19697,0.891417,0.855436,0,4,9;13;25;31;37;43,2;0;1;1;4;5,9,0,1,4,1,10.5,7.167,1,32,1,0
110000005,2021-01-15,110000004,SEARCH_1117,PRE_2023,2;3;5;12;19;37,3;4;8;11;42;44,21,1,1,0,0,0,0,0,38,0.378788,9,6.0,0.151515,0.143939,0.007576,4,4,0,4.3333,7,0.864201,0.042831,0.37013,0.188312,0.866828,0.812981,0,4,5;12;25;27;29;40,4;1;1;0;1;8,5,0,1,4,1,10.167,7.0,1,7,2,2
110000006,2021-01-19,110000005,SEARCH_1117,PRE_2023,1;2;5;12;21;44,15;29;31;33;41;47,37,0,0,0,0,0,0,0,44,0.227273,7,5.8333,0.136364,0.128788,0.007576,3,5,0,4.3333,8,0.910213,0.033882,0.316017,0.214286,0.892794,0.852027,1,4,10;12;17;27;32;44,3;5;3;1;3;4,10,0,2,3,0,7.667,6.833,1,13,3,4
110000007,2021-01-22,110000006,SEARCH_1117,PRE_2023,2;5;12;19;23;29,7;30;34;36;45;46,43,0,0,0,0,0,0,0,39,0.280303,8,6.8333,0.181818,0.166667,0.015152,6,9,0,4.5,7,0.877022,0.039514,0.367965,0.253247,0.858543,0.825181,0,3,10;14;15;28;31;36,2;7;5;2;2;3,10,0,1,3,0,12.667,10.333,1,20,3,1
110000008,2021-01-26,110000007,SEARCH_1117,PRE_2023,1;2;5;12;23;30,8;20;23;37;43;46,44,1,1,0,0,0,0,0,39,0.242424,7,7.0,0.189394,0.159091,0.030303,7,8,0,4.6667,8,0.876936,0.038839,0.357143,0.290043,0.856644,0.816637,0,4,6;15;22;23;28;36,1;2;7;2;3;3,6,0,0,4,0,12.667,8.167,1,7,2,4
110000009,2021-01-29,110000008,SEARCH_1117,PRE_2023,2;5;8;12;21;30,14;22;30;31;39;40,49,1,1,0,0,0,0,0,37,0.272727,7,6.6667,0.189394,0.189394,0.0,7,7,1,3.8333,7,0.864894,0.041482,0.380952,0.207792,0.866847,0.814196,0,4,4;21;23;32;36;47,2;3;8;2;0;3,4,0,0,5,1,9.667,10.0,1,31,2,1
110000010,2021-02-02,110000009,SEARCH_1117,PRE_2023,2;5;9;12;29;30,14;34;35;38;43;47,40,0,0,0,0,0,0,0,39,0.272727,7,6.3333,0.166667,0.151515,0.015152,4,5,0,4.3333,7,0.885212,0.038352,0.359307,0.248918,0.870224,0.816165,0,4,8;11;15;16;30;33,3;4;3;6;8;4,8,1,2,2,0,12.167,6.667,1,23,2,9
110000011,2021-02-05,110000010,SEARCH_1117,PRE_2023,2;5;12;16;29;30,5;9;19;31;33;35,32,1,1,0,0,0,0,0,39,0.30303,8,6.5,0.181818,0.159091,0.022727,6,4,0,4.3333,7,0.861155,0.042906,0.391775,0.188312,0.866684,0.826452,0,3,6;7;20;30;38;48,6;4;2;3;0;1,6,1,1,3,1,12.833,9.0,1,17,3,3
110000012,2021-02-09,110000011,SEARCH_1117,PRE_2023,2;5;12;16;29;30,1;3;6;12;27;43,2,1,1,0,0,0,0,0,42,0.325758,9,7.0,0.166667,0.151515,0.015152,5,7,0,4.3333,7,0.88103,0.041791,0.406926,0.337662,0.868728,0.836751,0,3,3;7;12;13;19;30,2;2;1;6;4;7,3,1,2,1,0,12.167,12.333,1,1,2,5
110000013,2021-02-10,110000012,SEARCH_1117,PRE_2023,2;5;16;18;29;30,3;18;24;34;41;42,37,1,1,0,0,0,0,0,43,0.30303,8,6.3333,0.151515,0.136364,0.015152,6,3,0,4.5,8,0.899765,0.037265,0.359307,0.348485,0.878743,0.833225,0,2,6;20;24;28;30;36,1;6;2;2;2;2,6,0,0,4,0,10.5,6.5,1,10,2,3
110000014,2021-02-11,110000013,SEARCH_1117,PRE_2023,1;2;3;16;29;30,7;17;18;26;41;47,39,0,0,0,0,0,0,0,44,0.30303,8,6.0,0.136364,0.136364,0.0,3,3,1,4.0,7,0.901324,0.036825,0.344156,0.205628,0.880403,0.851584,0,3,12;20;22;36;37;45,0;1;4;2;4;3,12,0,1,4,1,9.667,6.0,1,34,3,4
110000015,2021-02-12,110000014,SEARCH_1117,PRE_2023,1;2;12;16;29;43,5;6;10;12;44;48,36,1,1,0,0,0,0,0,40,0.280303,8,6.8333,0.189394,0.136364,0.05303,9,5,0,4.6667,8,0.890028,0.038015,0.374459,0.279221,0.875128,0.823129,1,3,5;23;26;37;41;49,1;1;0;5;5;0,5,0,0,5,2,10.333,7.333,1,40,2,1
110000016,2021-02-13,110000015,SEARCH_1117,PRE_2023,5;16;21;29;30;43,13;30;37;40;43;46,5,2,1,1,0,0,0,0,42,0.280303,8,6.6667,0.159091,0.151515,0.007576,7,5,0,4.6667,8,0.890443,0.037556,0.339827,0.24026,0.87042,0.819847,1,1,5;6;11;14;21;34,2;6;4;5;7;2,5,0,1,2,0,11.5,8.0,1,1,3,7
110000017,2021-02-14,110000016,SEARCH_1117,PRE_2023,5;16;29;30;37;43,1;12;16;17;38;45,32,1,1,0,0,0,0,0,40,0.30303,9,6.8333,0.166667,0.136364,0.030303,5,5,0,5.0,9,0.891151,0.037893,0.367965,0.344156,0.868694,0.81531,1,1,3;9;10;28;34;39,1;3;6;2;5;1,3,0,2,3,0,7.333,9.167,1,19,3,4
110000018,2021-02-15,110000017,SEARCH_1117,PRE_2023,1;5;11;29;30;37,4;8;10;18;33;40,2,0,0,0,0,0,0,0,40,0.30303,8,6.0,0.166667,0.166667,0.0,4,5,1,4.3333,8,0.881541,0.039261,0.361472,0.229437,0.883739,0.812598,0,3,13;17;23;30;43;47,3;2;0;2;0;2,13,0,0,4,2,5.5,6.5,1,9,2,1
110000019,2021-02-16,110000018,SEARCH_1117,PRE_2023,1;5;11;21;29;30,1;9;11;12;37;46,43,2,1,1,0,0,0,0,38,0.234848,6,6.3333,0.181818,0.174242,0.007576,7,5,0,4.3333,6,0.881999,0.037387,0.341991,0.242424,0.876653,0.831682,0,3,1;4;7;18;26;31,6;1;6;2;5;3,1,1,1,2,0,9.833,5.333,0,9,2,6
110000020,2021-02-17,110000019,SEARCH_1117,PRE_2023,1;5;21;29;30;37,2;13;24;26;45;49,10,0,0,0,0,0,0,0,42,0.30303,12,6.6667,0.166667,0.143939,0.022727,6,5,0,4.6667,8,0.897592,0.037256,0.354978,0.298701,0.866732,0.807062,0,2,11;14;29;30;39;46,2;3;0;1;2;6,11,0,1,4,1,8.167,10.333,1,44,2,5
110000021,2021-02-18,110000020,SEARCH_1117,PRE_2023,1;5;21;30;37;43,1;3;9;41;42;48,27,1,1,0,0,0,0,0,42,0.257576,7,6.6667,0.181818,0.166667,0.015152,6,5,0,5.0,9,0.884452,0.038802,0.361472,0.264069,0.881955,0.829923,1,2,1;10;17;20;40;44,7;3;0;4;2;2,1,0,1,2,1,7.5,5.5,0,47,2,4
110000022,2021-02-19,110000021,SEARCH_1117,PRE_2023,1;5;21;30;37;41,2;28;31;36;40;45,24,0,0,0,0,0,0,0,40,0.409091,10,7.1667,0.143939,0.121212,0.022727,5,3,0,5.1667,8,0.870427,0.043309,0.38961,0.21645,0.870104,0.802166,0,2,24;28;33;36;37;39,1;1;1;2;2;1,24,0,0,6,0,7.333,8.667,1,45,1,0
110000023,2021-02-20,110000022,SEARCH_1117,PRE_2023,1;2;5;15;21;37,1;6;10;11;26;47,22,1,1,0,0,0,0,0,43,0.310606,7,5.5,0.136364,0.128788,0.007576,3,4,0,4.0,8,0.903797,0.036337,0.341991,0.229437,0.892882,0.863597,0,3,1;23;37;44;45;46,7;0;0;0;2;3,1,0,0,5,3,9.833,5.167,0,24,1,0
110000024,2021-02-21,110000023,SEARCH_1117,PRE_2023,1;2;5;15;21;30,9;18;25;27;32;39,40,0,0,0,0,0,0,0,39,0.401515,9,6.5,0.174242,0.128788,0.045455,5,4,0,4.1667,7,0.871476,0.042718,0.387446,0.222944,0.876681,0.826587,0,3,19;21;23;24;34;42,2;0;2;1;7;3,19,0,0,5,1,11.0,17.0,1,27,2,3
110000025,2021-02-23,110000024,SEARCH_1117,PRE_2023,1;5;14;16;21;30,1;6;18;19;20;42,43,1,1,0,0,0,0,0,43,0.340909,8,6.6667,0.143939,0.121212,0.022727,6,3,0,4.0,7,0.874628,0.043506,0.406926,0.168831,0.892305,0.850868,0,2,1;11;12;15;20;26,8;3;5;3;2;1,1,0,2,1,0,12.167,6.667,0,17,2,5
110000026,2021-02-26,110000025,SEARCH_1117,PRE_2023,1;5;6;14;15;16,4;13;22;23;39;42,26,0,0,0,0,0,0,0,39,0.393939,9,6.6667,0.174242,0.166667,0.007576,5,6,0,4.8333,8,0.854826,0.046579,0.415584,0.179654,0.869174,0.801559,0,3,11;16;20;23;29;32,1;1;5;5;2;3,11,0,1,3,0,9.667,8.667,1,18,2,4
110000027,2021-03-02,110000026,SEARCH_1117,PRE_2023,1;6;7;14;15;30,5;7;11;24;27;30,12,2,1,1,0,0,0,0,45,0.348485,8,6.1667,0.174242,0.174242,0.0,6,5,1,4.3333,8,0.885127,0.041304,0.380952,0.251082,0.886042,0.839594,0,3,5;6;12;40;47;49,3;4;0;0;1;6,5,0,1,3,2,11.0,8.333,1,31,2,2
110000028,2021-03-05,110000027,SEARCH_1117,PRE_2023,1;5;6;14;30;44,6;8;14;29;38;48,35,2,1,1,0,0,0,0,41,0.393939,9,7.6667,0.143939,0.136364,0.007576,9,4,0,5.1667,9,0.862268,0.045914,0.417749,0.205628,0.860147,0.822876,1,3,3;4;11;19;41;47,9;3;5;3;0;1,3,0,1,2,1,6.5,11.833,1,20,2,4
110000029,2021-03-09,110000028,SEARCH_1117,PRE_2023,1;5;6;15;16;30,8;9;13;29;36;46,23,0,0,0,0,0,0,0,41,0.371212,10,6.8333,0.151515,0.151515,0.0,5,6,1,4.3333,8,0.868664,0.044489,0.406926,0.235931,0.866033,0.813582,0,3,13;18;20;23;39;47,3;2;2;3;0;3,13,0,0,3,1,7.333,4.5,1,17,2,2
110000030,2021-03-12,110000029,SEARCH_1117,PRE_2023,1;6;9;15;16;21,8;21;26;30;33;46,45,1,1,0,0,0,0,0,37,0.378788,10,7.3333,0.181818,0.174242,0.007576,7,5,0,5.0,8,0.837545,0.048565,0.417749,0.149351,0.854514,0.791351,0,3,6;8;11;34;44;47,5;7;0;6;0;1,6,1,2,3,2,13.167,9.667,1,21,2,2
110000031,2021-03-16,110000030,SEARCH_1117,PRE_2023,1;6;8;9;16;29,8;19;22;24;30;43,13,1,1,0,0,0,0,0,42,0.310606,8,6.6667,0.166667,0.166667,0.0,5,5,1,4.6667,8,0.878333,0.040432,0.367965,0.212121,0.88227,0.826773,0,4,6;8;11;16;33;44,5;0;4;1;5;5,6,1,2,2,1,4.667,5.333,1,37,2,3
110000032,2021-03-19,110000031,SEARCH_1117,PRE_2023,1;2;3;6;8;16,7;19;28;35;38;48,8,0,0,0,0,0,0,0,45,0.295455,7,6.1667,0.166667,0.151515,0.015152,4,8,0,4.3333,8,0.892141,0.039851,0.387446,0.28355,0.885967,0.845549,0,5,13;15;22;28;39;42,1;3;1;6;3;2,13,0,0,4,0,8.0,7.5,1,2,2,6
110000033,2021-03-23,110000032,SEARCH_1117,PRE_2023,1;3;6;8;16;21,2;15;28;43;45;49,35,0,0,0,0,0,0,0,39,0.386364,9,6.1667,0.159091,0.143939,0.015152,5,5,0,4.0,7,0.873731,0.042109,0.376623,0.151515,0.884183,0.832808,0,4,7;13;16;29;33;37,2;5;2;6;1;5,7,1,1,3,0,7.667,10.833,1,19,3,6
110000034,2021-03-26,110000033,SEARCH_1117,PRE_2023,1;3;6;8;16;30,15;21;24;30;37;38,34,1,1,0,0,0,0,0,39,0.424242,10,7.5,0.166667,0.151515,0.015152,8,7,0,4.5,8,0.854853,0.048753,0.435065,0.203463,0.869871,0.836731,0,4,6;13;26;30;38;42,1;3;0;8;3;1,6,0,0,4,1,8.5,4.667,1,22,2,2
110000035,2021-03-30,110000034,SEARCH_1117,PRE_2023,1;3;8;18;29;30,17;22;23;25;31;33,3,0,0,0,0,0,0,0,42,0.333333,8,6.6667,0.166667,0.159091,0.007576,5,5,0,4.3333,8,0.871013,0.042456,0.393939,0.238095,0.884772,0.852774,0,3,18;19;29;31;35;36,3;2;3;2;1;1,18,0,0,4,0,7.5,10.0,1,2,2,4
110000036,2021-04-02,110000035,SEARCH_1117,PRE_2023,1;3;8;16;29;30,17;21;25;30;40;42,26,1,1,0,0,0,0,0,42,0.333333,8,7.1667,0.181818,0.136364,0.045455,7,3,0,4.1667,7,0.864644,0.043983,0.411255,0.177489,0.874243,0.857068,0,3,4;15;19;27;28;31,3;2;2;9;2;1,4,0,0,3,0,9.833,5.0,1,48,2,1
110000037,2021-04-06,110000036,SEARCH_1117,PRE_2023,1;3;8;9;10;30,1;22;26;28;34;38,35,1,1,0,0,0,0,0,40,0.295455,7,6.0,0.174242,0.166667,0.007576,5,6,0,4.1667,8,0.879472,0.039964,0.378788,0.175325,0.893608,0.853681,0,5,1;12;18;22;36;46,7;2;0;3;7;2,1,0,1,3,1,9.5,8.667,0,26,2,2
110000038,2021-04-09,110000037,SEARCH_1117,PRE_2023,1;3;6;8;16;30,6;9;18;25;29;35,46,1,1,0,0,0,0,0,43,0.356061,8,7.0,0.166667,0.159091,0.007576,6,5,0,4.6667,7,0.873671,0.043,0.402597,0.21645,0.887124,0.858029,0,4,6;9;22;31;33;34,6;3;2;1;3;1,6,0,1,4,0,9.667,8.167,1,36,2,3
110000039,2021-04-13,110000038,SEARCH_1117,PRE_2023,1;3;8;16;22;30,11;25;31;32;35;42,41,0,0,0,0,0,0,0,39,0.416667,11,7.1667,0.151515,0.151515,0.0,7,4,1,4.3333,8,0.854546,0.046963,0.417749,0.246753,0.865034,0.848924,0,3,10;21;22;28;30;46,1;4;2;5;0;1,10,0,1,5,1,9.167,6.0,1,27,2,1
110000040,2021-04-16,110000039,SEARCH_1117,PRE_2023,1;3;8;16;25;30,7;10;16;21;33;46,2,1,1,0,0,0,0,0,40,0.310606,7,7.3333,0.181818,0.174242,0.007576,6,5,0,4.6667,8,0.847885,0.046804,0.426407,0.164502,0.870658,0.826734,0,3,5;8;17;25;36;47,4;2;8;1;0;2,5,1,1,3,1,9.833,11.167,1,41,2,6
110000041,2021-04-20,110000040,SEARCH_1117,PRE_2023,1;3;8;12;16;30,5;7;9;15;24;26,12,0,0,0,0,0,0,0,44,0.272727,6,6.6667,0.174242,0.136364,0.037879,6,3,0,4.3333,8,0.883434,0.040713,0.396104,0.209957,0.889033,0.867586,0,4,7;22;23;31;41;46,2;3;2;1;0;2,7,1,1,5,1,10.333,6.0,1,5,2,1
110000042,2021-04-23,110000041,SEARCH_1117,PRE_2023,1;3;7;12;16;30,18;20;23;32;37;46,39,0,0,0,0,0,0,0,44,0.25,10,6.1667,0.151515,0.151515,0.0,5,5,1,4.1667,8,0.886113,0.03927,0.367965,0.205628,0.890471,0.847081,0,4,20;26;28;30;34;45,0;2;3;4;3;3,20,0,0,5,1,9.667,6.833,1,31,2,3
110000043,2021-04-27,110000042,SEARCH_1117,PRE_2023,1;3;8;12;16;30,5;8;20;23;34;39,31,1,1,0,0,0,0,0,42,0.265152,6,6.3333,0.174242,0.151515,0.022727,5,8,0,4.0,8,0.886276,0.03897,0.372294,0.25974,0.881314,0.824265,0,4,6;24;25;29;35;42,1;5;1;2;1;3,6,0,0,5,0,12.333,6.5,1,15,2,2
110000044,2021-04-30,110000043,SEARCH_1117,PRE_2023,1;3;5;8;12;30,4;14;22;42;46;47,21,0,0,0,0,0,0,0,40,0.30303,8,6.0,0.174242,0.143939,0.030303,5,4,0,4.3333,7,0.878267,0.040282,0.372294,0.199134,0.883063,0.835992,0,5,10;15;17;22;31;45,2;4;0;5;6;4,10,0,1,3,1,10.833,11.5,1,32,2,8
110000045,2021-05-04,110000044,SEARCH_1117,PRE_2023,1;3;8;12;30;42,5;15;17;19;27;37,42,0,0,0,0,0,0,0,40,0.272727,7,6.1667,0.174242,0.159091,0.015152,4,4,0,4.3333,9,0.885791,0.03824,0.363636,0.270563,0.872868,0.833194,0,4,9;10;11;17;37;44,3;0;4;3;4;1,9,0,3,2,1,11.667,8.167,1,3,2,1
110000046,2021-05-07,110000045,SEARCH_1117,PRE_2023,1;3;8;12;16;30,12;22;26;35;36;49,32,1,1,0,0,0,0,0,42,0.257576,8,6.0,0.174242,0.166667,0.007576,5,4,0,3.8333,7,0.879182,0.040039,0.361472,0.244589,0.872188,0.849086,0,4,4;16;18;31;35;49,5;2;1;0;4;4,4,0,0,3,1,13.333,11.833,1,15,3,4
110000047,2021-05-11,110000046,SEARCH_1117,PRE_2023,1;2;3;5;26;30,5;7;9;27;35;42,19,1,1,0,0,0,0,0,39,0.439394,11,7.3333,0.143939,0.136364,0.007576,6,4,0,4.3333,7,0.845917,0.050711,0.448052,0.190476,0.862682,0.838814,0,4,4;8;36;40;41;46,5;0;0;0;1;7,4,1,1,4,3,10.667,3.333,1,15,2,1
110000048,2021-05-14,110000047,SEARCH_1117,PRE_2023,1;2;3;5;8;42,2;13;14;30;43;48,17,1,1,0,0,0,0,0,43,0.310606,8,6.5,0.159091,0.159091,0.0,5,5,1,4.3333,9,0.884436,0.040554,0.383117,0.233766,0.886925,0.844293,0,5,2;7;20;26;39;45,6;3;0;5;2;3,2,1,1,3,1,10.0,13.5,1,33,3,3
110000049,2021-05-18,110000048,SEARCH_1117,PRE_2023,1;2;3;5;8;30,11;15;16;18;35;43,46,0,0,0,0,0,0,0,40,0.265152,7,6.5,0.219697,0.159091,0.060606,6,8,0,4.5,7,0.862784,0.043028,0.409091,0.175325,0.879858,0.837874,0,5,8;14;16;26;42;44,3;0;4;0;2;3,8,1,1,3,2,8.333,5.5,1,20,1,0
110000050,2021-05-21,110000049,SEARCH_1117,PRE_2023,1;3;8;10;16;42,2;4;25;26;27;29,41,0,0,0,0,0,0,0,42,0.287879,7,5.6667,0.159091,0.159091,0.0,4,6,1,3.8333,9,0.88556,0.038858,0.357143,0.244589,0.879637,0.844068,0,4,16;17;28;37;43;47,2;0;1;0;2;3,16,0,0,4,2,10.5,6.333,1,25,2,1
110000051,2021-05-25,110000050,SEARCH_1117,PRE_2023,1;2;3;8;16;42,15;31;38;44;46;48,21,0,0,0,0,0,0,0,39,0.287879,7,6.5,0.159091,0.159091,0.0,5,5,1,4.1667,9,0.869076,0.041669,0.387446,0.177489,0.875688,0.849509,0,4,15;18;19;27;48;49,1;3;0;9;5;0,15,0,0,3,2,9.833,12.333,1,10,3,1
110000052,2021-05-28,110000051,SEARCH_1117,PRE_2023,3;5;8;15;16;26,4;12;18;23;43;46,7,0,0,0,0,0,0,0,40,0.318182,8,6.1667,0.159091,0.151515,0.007576,4,6,0,3.8333,8,0.872149,0.042278,0.387446,0.203463,0.886222,0.866848,0,3,7;8;14;27;30;42,1;0;5;2;6;6,7,2,2,3,1,8.5,4.0,1,41,3,6
110000053,2021-06-01,110000052,SEARCH_1117,PRE_2023,3;18;21;26;30;43,1;2;9;26;35;41,46,1,1,0,0,0,0,0,38,0.295455,8,7.8333,0.181818,0.166667,0.015152,6,4,0,4.6667,8,0.854623,0.044049,0.398268,0.166667,0.853517,0.802735,1,1,2;10;16;22;25;34,3;1;1;9;1;6,2,0,1,3,0,9.167,10.667,1,11,2,3
110000054,2021-06-04,110000053,SEARCH_1117,PRE_2023,1;3;8;18;43;46,7;8;24;28;32;41,10,1,1,0,0,0,0,0,39,0.30303,7,6.8333,0.166667,0.159091,0.007576,4,4,0,4.0,7,0.867579,0.041154,0.363636,0.160173,0.878256,0.824231,2,3,6;15;25;28;34;39,1;4;2;1;5;1,6,0,0,4,0,8.5,10.167,1,16,2,3
110000055,2021-06-08,110000054,SEARCH_1117,PRE_2023,1;3;8;9;10;46,4;6;26;36;38;47,43,0,0,0,0,0,0,0,39,0.30303,7,6.5,0.143939,0.136364,0.007576,8,4,0,4.1667,8,0.872395,0.040816,0.372294,0.201299,0.883465,0.826439,1,5,15;19;20;27;30;38,2;2;4;1;1;1,15,0,0,3,0,9.5,7.667,1,8,2,1
110000056,2021-06-11,110000055,SEARCH_1117,PRE_2023,3;4;9;10;26;30,7;9;16;23;27;44,46,1,1,0,0,0,0,0,41,0.318182,7,6.5,0.143939,0.136364,0.007576,5,5,0,4.3333,8,0.873409,0.041725,0.38961,0.179654,0.891475,0.846111,0,4,2;12;18;27;28;45,1;8;4;0;2;4,2,0,1,3,1,10.667,4.5,1,14,2,6
110000057,2021-06-15,110000056,SEARCH_1117,PRE_2023,3;7;9;10;20;26,9;11;23;34;41;45,49,1,1,0,0,0,0,0,40,0.378788,11,7.8333,0.189394,0.136364,0.05303,5,3,0,4.6667,8,0.850811,0.048116,0.452381,0.218615,0.863672,0.824154,0,4,5;22;26;31;35;49,7;1;1;2;0;5,5,0,0,5,1,11.833,8.5,1,32,2,2
110000058,2021-06-18,110000057,SEARCH_1117,PRE_2023,3;9;10;13;20;26,2;18;22;25;41;43,14,0,0,0,0,0,0,0,41,0.363636,9,6.6667,0.151515,0.143939,0.007576,5,4,0,4.0,7,0.87024,0.043271,0.393939,0.192641,0.879215,0.838306,0,3,8;11;13;31;32;41,3;5;1;1;2;5,8,1,2,3,0,14.0,6.333,1,25,2,4
110000059,2021-06-22,110000058,SEARCH_1117,PRE_2023,2;3;9;10;18;26,14;17;27;43;45;48,41,0,0,0,0,0,0,0,37,0.295455,8,6.8333,0.19697,0.159091,0.037879,7,6,0,4.6667,8,0.846343,0.046495,0.435065,0.177489,0.866779,0.809856,0,4,11;13;24;30;33;37,1;3;2;7;2;1,11,0,1,4,0,10.833,6.5,1,32,2,4
110000060,2021-06-25,110000059,SEARCH_1117,PRE_2023,3;9;14;18;26;43,1;4;9;37;38;41,40,1,1,0,0,0,0,0,41,0.378788,9,7.5,0.166667,0.151515,0.015152,5,4,0,4.8333,9,0.853826,0.048556,0.435065,0.212121,0.864408,0.820892,1,2,1;21;22;40;42;49,1;0;9;1;0;3,1,0,0,5,2,8.5,6.167,0,26,2,4
110000061,2021-06-29,110000060,SEARCH_1117,PRE_2023,1;2;3;9;10;18,1;23;25;30;38;45,14,1,1,0,0,0,0,0,42,0.363636,9,6.5,0.151515,0.151515,0.0,4,6,1,4.6667,8,0.863504,0.046438,0.430736,0.235931,0.872212,0.817818,0,5,1;14;34;35;47;49,9;1;0;0;2;2,1,0,0,4,2,11.5,4.0,0,41,1,0
110000062,2021-07-02,110000061,SEARCH_1117,PRE_2023,1;3;9;10;18;20,4;9;11;25;27;29,22,1,1,0,0,0,0,0,42,0.340909,8,6.1667,0.143939,0.128788,0.015152,5,5,0,4.0,8,0.878815,0.041632,0.387446,0.268398,0.882716,0.842297,0,4,3;13;36;39;45;48,2;7;0;1;1;0,3,0,0,4,2,14.833,4.167,1,46,2,1
110000063,2021-07-06,110000062,SEARCH_1117,PRE_2023,1;3;4;9;10;18,13;19;25;32;42;44,2,0,0,0,0,0,0,0,37,0.310606,7,6.3333,0.166667,0.143939,0.022727,4,4,0,4.5,8,0.853936,0.044714,0.411255,0.168831,0.868966,0.812847,0,5,10;14;19;20;25;48,2;3;5;0;1;4,10,0,1,2,1,12.333,11.0,1,21,2,3
110000064,2021-07-09,110000063,SEARCH_1117,PRE_2023,1;3;9;10;18;25,3;13;24;26;27;29,9,1,1,0,0,0,0,0,43,0.287879,8,6.5,0.143939,0.143939,0.0,6,5,1,4.5,7,0.893855,0.039205,0.374459,0.264069,0.882886,0.846283,0,4,2;8;18;22;32;47,6;2;2;6;3;0,2,1,1,3,1,13.167,11.167,1,3,2,4
110000065,2021-07-13,110000064,SEARCH_1117,PRE_2023,1;3;9;10;25;26,9;14;17;23;33;48,4,1,1,0,0,0,0,0,39,0.318182,8,6.5,0.189394,0.174242,0.015152,7,5,0,4.6667,8,0.868901,0.042081,0.393939,0.220779,0.872769,0.819742,0,4,1;38;43;44;47;49,8;0;0;0;1;0,1,0,0,5,4,6.0,8.333,0,8,1,0
110000066,2021-07-16,110000065,SEARCH_1117,PRE_2023,1;9;10;20;25;26,13;16;17;19;39;44,42,0,0,0,0,0,0,0,44,0.356061,9,6.6667,0.151515,0.136364,0.015152,5,3,0,4.3333,7,0.894601,0.039879,0.374459,0.270563,0.886217,0.842327,0,3,14;19;24;33;37;42,1;1;1;2;4;4,14,0,0,4,0,10.0,7.0,1,29,2,2
110000067,2021-07-20,110000066,SEARCH_1117,PRE_2023,1;3;9;10;13;25,1;8;32;41;44;49,23,1,1,0,0,0,0,0,41,0.393939,10,6.5,0.159091,0.136364,0.022727,6,6,0,4.0,8,0.861269,0.046223,0.422078,0.266234,0.880516,0.864364,0,4,4;25;27;30;36;39,5;2;1;2;2;3,4,0,0,5,0,7.167,8.667,1,10,2,3
110000068,2021-07-23,110000067,SEARCH_1117,PRE_2023,1;3;9;10;23;25,7;15;23;24;31;38,9,1,1,0,0,0,0,0,42,0.386364,9,6.6667,0.136364,0.128788,0.007576,3,4,0,4.3333,8,0.869102,0.045464,0.404762,0.264069,0.868897,0.84649,0,4,4;19;24;28;38;47,1;2;6;0;1;2,4,0,0,4,1,7.333,10.0,1,2,1,0
110000069,2021-07-27,110000068,SEARCH_1117,PRE_2023,1;7;9;10;23;25,3;28;30;42;43;46,15,0,0,0,0,0,0,0,42,0.280303,7,6.1667,0.166667,0.159091,0.007576,4,6,0,4.3333,7,0.889283,0.038268,0.352814,0.290043,0.867343,0.837228,0,4,9;21;23;27;36;41,3;2;1;1;3;2,9,0,1,5,0,7.167,10.167,1,25,2,2
110000070,2021-07-30,110000069,SEARCH_1117,PRE_2023,3;9;10;12;23;25,2;15;19;29;43;46,23,0,0,0,0,0,0,0,42,0.318182,8,6.3333,0.159091,0.151515,0.007576,5,4,0,4.3333,7,0.877474,0.040844,0.374459,0.24026,0.866492,0.821572,0,4,23;24;28;34;35;46,1;1;1;0;1;2,23,0,0,6,1,10.5,4.333,1,3,2,1
110000071,2021-08-03,110000070,SEARCH_1117,PRE_2023,2;9;10;12;23;25,17;27;30;38;42;44,24,0,0,0,0,0,0,0,42,0.257576,6,6.1667,0.166667,0.151515,0.015152,6,6,0,4.1667,7,0.894921,0.037687,0.37013,0.305195,0.890587,0.853572,0,4,10;11;20;21;33;46,0;4;2;4;5;2,10,0,2,3,1,11.333,3.833,1,36,2,5
110000072,2021-08-06,110000071,SEARCH_1117,PRE_2023,3;9;10;23;25;27,3;4;15;29;32;39,38,1,1,0,0,0,0,0,39,0.257576,6,6.3333,0.181818,0.151515,0.030303,6,4,0,4.6667,8,0.870909,0.040104,0.37013,0.194805,0.869616,0.806643,0,3,2;15;32;43;45;46,5;2;0;0;0;1,2,0,0,4,3,9.333,4.667,1,10,1,0
110000073,2021-08-10,110000072,SEARCH_1117,PRE_2023,3;9;10;23;27;38,1;3;16;17;24;25,46,1,1,0,0,0,0,0,40,0.325758,8,6.8333,0.181818,0.174242,0.007576,6,6,0,4.8333,8,0.874619,0.040966,0.376623,0.287879,0.87471,0.819018,0,3,5;7;25;30;36;41,0;4;1;1;1;6,5,1,1,4,1,8.5,5.167,1,32,2,3
110000074,2021-08-13,110000073,SEARCH_1117,PRE_2023,1;9;10;12;15;25,5;6;19;24;33;41,3,0,0,0,0,0,0,0,40,0.265152,6,5.3333,0.166667,0.166667,0.0,5,7,1,3.8333,8,0.880271,0.038652,0.341991,0.257576,0.87566,0.838999,0,4,14;15;27;44;45;47,2;1;0;0;0;4,14,0,0,4,3,11.5,11.167,1,18,2,1
110000075,2021-08-17,110000074,SEARCH_1117,PRE_2023,9;10;12;20;23;38,2;11;29;33;41;44,40,0,0,0,0,0,0,0,45,0.265152,7,5.8333,0.143939,0.136364,0.007576,5,7,0,3.6667,5,0.90871,0.035869,0.348485,0.305195,0.888162,0.860028,0,3,16;21;34;39;40;46,0;1;2;1;4;3,16,0,0,5,1,18.5,4.5,1,8,2,2
110000076,2021-08-20,110000075,SEARCH_1117,PRE_2023,9;10;12;20;23;24,3;6;11;13;18;37,46,0,0,0,0,0,0,0,43,0.325758,8,6.5,0.143939,0.143939,0.0,5,6,1,3.8333,7,0.884602,0.040573,0.376623,0.218615,0.886784,0.865781,0,3,9;15;17;29;46;49,3;0;3;3;2;0,9,0,1,3,2,19.0,8.333,1,43,3,2
110000077,2021-08-24,110000076,SEARCH_1117,PRE_2023,3;9;10;12;20;25,1;5;17;36;40;41,38,0,0,0,0,0,0,0,44,0.280303,7,5.5,0.151515,0.151515,0.0,5,6,1,3.5,7,0.907099,0.035906,0.348485,0.246753,0.902464,0.879147,0,4,11;14;16;28;30;43,2;1;2;2;7;2,11,0,1,3,0,18.833,12.667,1,9,2,1
110000078,2021-08-27,110000077,SEARCH_1117,PRE_2023,1;9;10;12;17;25,8;11;16;32;35;43,41,0,0,0,0,0,0,0,43,0.325758,8,6.3333,0.159091,0.143939,0.015152,7,5,0,4.0,7,0.893602,0.038427,0.367965,0.24026,0.894123,0.862268,0,4,9;12;20;45;46;48,3;0;0;0;3;7,9,0,2,3,3,14.0,9.5,1,24,2,2
110000079,2021-08-31,110000078,SEARCH_1117,PRE_2023,9;10;11;12;15;20,7;14;23;43;47;49,48,0,0,0,0,0,0,0,45,0.295455,7,6.6667,0.181818,0.166667,0.015152,5,9,0,4.0,8,0.887269,0.040985,0.398268,0.30303,0.887154,0.871112,0,4,7;11;22;39;43;45,2;1;1;9;6;1,7,1,2,4,0,20.667,12.167,1,44,3,4
110000080,2021-09-03,110000079,SEARCH_1117,PRE_2023,9;10;12;17;23;43,1;18;21;24;32;41,12,0,0,0,0,0,0,0,40,0.280303,7,7.3333,0.19697,0.189394,0.007576,9,7,0,4.6667,8,0.863152,0.043206,0.387446,0.24026,0.869238,0.820601,1,3,17;21;28;35;44;47,1;1;3;0;0;1,17,0,0,5,2,14.667,9.667,1,2,1,0
110000081,2021-09-07,110000080,SEARCH_1117,PRE_2023,10;12;20;23;25;43,4;20;26;27;45;48,37,1,1,0,0,0,0,0,41,0.257576,6,6.1667,0.166667,0.159091,0.007576,8,4,0,3.6667,8,0.890014,0.036581,0.329004,0.145022,0.895699,0.860549,1,2,5;12;24;28;40;47,3;6;0;3;3;2,5,0,1,4,1,20.0,18.333,1,49,2,5
110000082,2021-09-10,110000081,SEARCH_1117,PRE_2023,1;10;12;15;23;43,1;5;15;16;28;41,44,2,1,1,0,0,0,0,42,0.25,6,7.0,0.19697,0.166667,0.030303,11,6,0,4.1667,8,0.877435,0.040048,0.37013,0.222944,0.870366,0.853327,1,3,2;5;10;34;39;43,5;0;8;1;1;9,2,0,1,3,1,15.0,6.0,1,32,2,10
110000083,2021-09-14,110000082,SEARCH_1117,PRE_2023,1;10;12;15;41;43,9;13;18;22;40;41,49,1,1,0,0,0,0,0,43,0.340909,8,7.8333,0.151515,0.143939,0.007576,9,4,0,5.0,9,0.871702,0.043449,0.402597,0.19697,0.87022,0.824086,1,3,4;9;16;22;27;47,4;0;1;3;4;10,4,0,1,3,1,13.5,10.0,1,43,2,5
110000084,2021-09-17,110000083,SEARCH_1117,PRE_2023,1;9;10;12;34;41,7;12;18;35;37;45,44,1,1,0,0,0,0,0,41,0.340909,8,7.8333,0.151515,0.143939,0.007576,7,5,0,4.8333,7,0.860445,0.045398,0.415584,0.21645,0.872828,0.834557,0,4,4;8;28;31;34;35,1;6;6;1;1;1,4,1,1,4,0,17.833,9.167,1,33,2,2
110000085,2021-09-21,110000084,SEARCH_1117,PRE_2023,1;2;9;10;18;41,2;13;16;28;31;34,21,1,1,0,0,0,0,0,44,0.44697,11,7.3333,0.159091,0.143939,0.015152,9,5,0,4.5,8,0.881584,0.044471,0.398268,0.246753,0.880163,0.863713,0,4,4;8;16;28;33;38,4;1;2;1;1;7,4,1,1,3,0,10.5,10.5,1,25,2,4
110000086,2021-09-24,110000085,SEARCH_1117,PRE_2023,1;9;10;13;16;18,4;10;21;30;39;42,22,1,1,0,0,0,0,0,42,0.416667,10,7.5,0.166667,0.143939,0.022727,6,9,0,4.8333,8,0.867011,0.04552,0.415584,0.255411,0.871903,0.84158,0,3,3;10;11;14;22;43,0;6;4;3;5;2,3,0,2,2,1,9.5,16.833,1,23,4,4
110000087,2021-09-28,110000086,SEARCH_1117,PRE_2023,1;4;9;10;16;18,23;24;27;36;47;49,40,0,0,0,0,0,0,0,42,0.378788,9,7.8333,0.174242,0.174242,0.0,4,10,1,5.0,8,0.860932,0.047422,0.419913,0.209957,0.846543,0.812813,0,4,16;22;33;38;39;45,3;1;0;4;2;3,16,0,0,5,1,2.667,7.833,1,28,3,2
110000088,2021-10-01,110000087,SEARCH_1117,PRE_2023,1;9;13;18;23;27,2;9;16;22;41;49,7,1,1,0,0,0,0,0,41,0.219697,9,7.3333,0.166667,0.143939,0.022727,10,4,0,4.8333,8,0.887887,0.037452,0.352814,0.151515,0.865396,0.835278,0,2,2;8;13;26;35;41,1;6;4;1;9;1,2,1,1,3,0,3.333,3.667,1,28,2,8
110000089,2021-10-05,110000088,SEARCH_1117,PRE_2023,2;4;6;9;16;41,1;3;11;23;46;47,45,0,0,0,0,0,0,0,43,0.234848,7,6.8333,0.189394,0.181818,0.007576,5,7,0,4.5,7,0.880263,0.040198,0.372294,0.233766,0.87825,0.844946,0,4,7;17;23;33;35;39,2;1;1;7;3;2,7,1,1,4,0,3.333,9.0,1,38,2,1
110000090,2021-10-08,110000089,SEARCH_1117,PRE_2023,1;6;9;16;23;41,18;19;20;34;37;44,10,0,0,0,0,0,0,0,44,0.356061,8,7.0,0.151515,0.136364,0.015152,9,6,0,4.1667,7,0.895003,0.03883,0.357143,0.272727,0.887266,0.861975,0,3,7;11;22;30;32;47,5;2;6;2;0;2,7,1,2,4,1,3.667,9.5,1,13,3,3
110000091,2021-10-12,110000090,SEARCH_1117,PRE_2023,1;4;6;9;18;23,1;6;14;26;28;31,30,2,1,1,0,0,0,0,39,0.310606,7,7.5,0.166667,0.166667,0.0,5,5,1,4.8333,8,0.859414,0.044087,0.404762,0.166667,0.861738,0.822937,0,4,1;2;19;22;27;45,7;7;1;3;0;3,1,0,0,3,1,4.667,8.5,0,29,2,3
110000092,2021-10-15,110000091,SEARCH_1117,PRE_2023,1;5;8;16;18;23,2;12;21;25;26;37,10,0,0,0,0,0,0,0,42,0.462121,11,6.8333,0.151515,0.151515,0.0,5,9,1,4.1667,8,0.87454,0.045248,0.387446,0.186147,0.864289,0.843398,0,3,16;19;20;28;31;36,1;3;3;3;1;2,16,0,0,3,0,5.667,6.667,1,11,2,3
110000093,2021-10-19,110000092,SEARCH_1117,PRE_2023,1;2;8;16;23;41,20;21;26;35;39;47,16,0,0,0,0,0,0,0,40,0.371212,9,7.6667,0.143939,0.128788,0.015152,6,4,0,4.6667,8,0.863131,0.045361,0.404762,0.201299,0.868136,0.827306,0,3,8;15;22;31;34;38,3;5;4;1;1;1,8,1,1,4,0,5.333,4.167,1,4,2,4
110000094,2021-10-22,110000093,SEARCH_1117,PRE_2023,1;2;4;8;18;26,8;13;25;27;38;46,12,1,1,0,0,0,0,0,40,0.378788,9,7.0,0.159091,0.159091,0.0,6,5,1,4.1667,8,0.865245,0.044265,0.393939,0.186147,0.873344,0.851201,0,4,2;13;18;26;39;45,7;2;0;5;4;1,2,0,0,3,1,5.667,10.333,1,42,3,4
110000095,2021-10-26,110000094,SEARCH_1117,PRE_2023,1;2;8;26;27;41,14;18;21;26;47;49,30,1,1,0,0,0,0,0,40,0.378788,9,7.8333,0.143939,0.143939,0.0,4,4,1,4.3333,7,0.873184,0.042793,0.376623,0.246753,0.866273,0.865718,0,3,3;14;27;32;40;42,0;2;3;9;3;2,3,0,0,4,1,3.0,3.667,1,35,4,4
110000096,2021-10-29,110000095,SEARCH_1117,PRE_2023,1;2;5;9;10;26,2;9;17;28;36;42,46,2,1,1,0,0,0,0,42,0.257576,10,6.3333,0.189394,0.159091,0.030303,5,5,0,3.8333,7,0.880291,0.039889,0.374459,0.194805,0.880386,0.866793,0,5,4;5;11;17;30;39,6;6;4;1;1;3,4,0,1,2,0,7.0,9.167,1,41,2,7
110000097,2021-11-02,110000096,SEARCH_1117,PRE_2023,1;2;9;10;12;18,1;12;17;21;37;43,47,2,1,1,0,0,0,0,40,0.401515,10,6.5,0.136364,0.136364,0.0,4,7,1,4.1667,7,0.871467,0.043374,0.38961,0.231602,0.876267,0.830789,0,5,3;6;14;15;20;46,6;4;2;3;0;5,3,0,0,1,1,4.333,6.167,1,23,2,3
110000098,2021-11-05,110000097,SEARCH_1117,PRE_2023,1;2;5;10;18;41,16;18;26;30;40;44,13,1,1,0,0,0,0,0,43,0.44697,10,6.8333,0.136364,0.136364,0.0,4,6,1,4.1667,7,0.870994,0.047394,0.41342,0.287879,0.875096,0.838202,0,4,4;11;17;34;35;41,2;6;7;1;4;1,4,0,1,3,0,7.333,8.5,1,18,3,5
110000099,2021-11-09,110000098,SEARCH_1117,PRE_2023,1;2;5;18;26;41,9;14;20;26;39;42,5,1,1,0,0,0,0,0,38,0.356061,8,7.5,0.166667,0.166667,0.0,7,5,1,4.6667,7,0.847411,0.046326,0.41342,0.162338,0.860518,0.820828,0,3,5;12;15;25;40;47,5;0;3;10;0;1,5,0,1,3,2,5.833,3.833,1,4,2,2
110000100,2021-11-12,110000099,SEARCH_1117,PRE_2023,1;2;5;9;10;26,2;3;25;27;37;47,26,1,1,0,0,0,0,0,41,0.340909,8,7.3333,0.174242,0.143939,0.030303,6,4,0,4.5,7,0.864043,0.044892,0.424242,0.199134,0.875047,0.84101,0,5,4;19;27;28;36;38,6;1;1;4;4;2,4,0,0,4,0,6.833,5.833,1,3,2,6
110000101,2021-11-16,110000100,SEARCH_1117,PRE_2023,1;2;5;10;18;26,6;23;34;41;43;44,38,0,0,0,0,0,0,0,44,0.30303,7,6.8333,0.174242,0.166667,0.007576,5,7,0,4.0,7,0.887719,0.040263,0.387446,0.264069,0.875937,0.844263,0,4,7;10;18;26;31;33,3;1;3;7;1;4,7,1,2,3,0,7.333,8.833,1,32,2,5
110000102,2021-11-19,110000101,SEARCH_1117,PRE_2023,1;2;5;9;10;23,13;15;16;17;23;36,29,1,1,0,0,0,0,0,40,0.348485,8,6.3333,0.159091,0.151515,0.007576,5,8,0,4.1667,8,0.872261,0.042344,0.396104,0.199134,0.879401,0.836327,0,5,5;11;33;42;43;47,1;3;0;0;7;0,5,0,1,4,3,7.833,7.333,1,12,1,0
110000103,2021-11-23,110000102,SEARCH_1117,PRE_2023,1;2;5;9;10;26,6;7;13;32;33;37,42,0,0,0,0,0,0,0,40,0.393939,9,6.5,0.166667,0.143939,0.022727,5,8,0,4.3333,7,0.870301,0.04314,0.383117,0.212121,0.879309,0.852659,0,5,8;10;13;20;32;41,0;2;4;4;6;2,8,1,2,2,1,9.167,12.667,1,26,3,3
110000104,2021-11-26,110000103,SEARCH_1117,PRE_2023,1;5;9;10;16;23,10;15;16;21;22;30,14,2,1,1,0,0,0,0,42,0.393939,9,7.0,0.189394,0.136364,0.05303,7,3,0,4.3333,7,0.868587,0.044911,0.417749,0.220779,0.883743,0.859578,0,4,2;4;14;32;45;47,6;0;9;1;4;0,2,0,0,3,2,9.333,8.5,1,44,2,5
110000105,2021-11-30,110000104,SEARCH_1117,PRE_2023,1;5;9;10;16;26,9;10;26;31;40;49,8,3,1,1,1,0,0,0,42,0.318182,8,7.1667,0.159091,0.143939,0.015152,8,6,0,4.8333,8,0.881139,0.041191,0.393939,0.220779,0.880266,0.834102,0,4,2;5;6;12;40;48,8;6;8;5;0;3,2,0,1,2,1,7.5,7.333,1,11,2,12
110000106,2021-12-03,110000105,SEARCH_1117,PRE_2023,1;5;8;9;16;41,8;13;14;35;36;41,5,2,1,1,0,0,0,0,42,0.378788,10,7.1667,0.143939,0.136364,0.007576,4,3,0,4.8333,8,0.877152,0.043431,0.402597,0.24026,0.875617,0.830771,0,4,5;6;13;24;43;47,4;3;0;4;0;9,5,0,0,3,2,8.833,7.333,1,3,2,6
110000107,2021-12-07,110000106,SEARCH_1117,PRE_2023,1;2;5;9;13;16,19;21;30;43;44;48,8,0,0,0,0,0,0,0,44,0.340909,8,6.3333,0.174242,0.166667,0.007576,4,5,0,4.3333,8,0.879733,0.041781,0.393939,0.214286,0.892673,0.852571,0,4,18;27;31;34;37;38,1;1;1;3;1;6,18,0,0,5,0,8.0,10.167,1,7,2,1
110000108,2021-12-10,110000107,SEARCH_1117,PRE_2023,1;5;7;13;18;26,3;15;21;24;27;40,13,0,0,0,0,0,0,0,39,0.378788,9,6.6667,0.151515,0.143939,0.007576,4,4,0,4.5,8,0.859733,0.045248,0.404762,0.192641,0.877973,0.83271,0,3,20;21;29;33;34;40,0;2;2;3;2;2,20,0,0,5,1,9.5,7.5,1,4,3,1
110000109,2021-12-14,110000108,SEARCH_1117,PRE_2023,1;5;7;9;13;41,7;14;21;27;30;36,43,1,1,0,0,0,0,0,40,0.318182,9,6.5,0.136364,0.128788,0.007576,8,6,0,4.0,8,0.875365,0.041238,0.385281,0.179654,0.894558,0.865128,0,4,5;13;21;36;42;48,4;0;4;4;1;0,5,0,0,4,2,9.167,2.667,1,25,2,2
110000110,2021-12-17,110000109,SEARCH_1117,PRE_2023,1;2;5;13;21;27,2;11;30;35;37;40,13,1,1,0,0,0,0,0,43,0.340909,8,5.8333,0.136364,0.136364,0.0,4,7,1,4.0,7,0.895532,0.037846,0.335498,0.190476,0.893685,0.850512,0,3,3;24;39;45;46;47,4;2;1;0;0;0,3,0,0,5,3,9.5,7.5,1,6,1,0
110000111,2021-12-21,110000110,SEARCH_1117,PRE_2023,1;2;3;5;13;21,4;5;27;31;44;48,33,1,1,0,0,0,0,0,43,0.416667,10,6.0,0.128788,0.128788,0.0,3,3,1,3.5,7,0.877333,0.044068,0.398268,0.207792,0.887764,0.875504,0,4,2;7;11;21;30;49,3;7;5;2;3;0,2,1,2,3,1,9.0,11.667,1,46,2,2
110000112,2021-12-24,110000111,SEARCH_1117,PRE_2023,1;4;12;13;21;27,2;7;11;19;27;44,22,1,1,0,0,0,0,0,44,0.257576,6,5.8333,0.174242,0.166667,0.007576,4,4,0,4.0,8,0.896041,0.037621,0.365801,0.251082,0.891574,0.855977,0,3,2;13;15;20;40;45,2;2;0;1;9;6,2,0,0,2,1,6.833,2.333,1,12,3,6
110000113,2021-12-28,110000112,SEARCH_1117,PRE_2023,2;12;13;21;27;44,1;2;8;11;21;45,16,2,1,1,0,0,0,0,42,0.227273,5,6.3333,0.159091,0.151515,0.007576,8,4,0,4.6667,8,0.896083,0.035953,0.335498,0.233766,0.882995,0.840314,1,2,1;3;8;20;30;33,3;5;1;2;7;7,1,1,1,2,0,5.0,9.667,0,34,3,7
110000114,2021-12-31,110000113,SEARCH_1117,PRE_2023,1;2;12;21;27;44,5;9;14;28;34;37,35,0,0,0,0,0,0,0,39,0.280303,8,7.3333,0.181818,0.174242,0.007576,11,4,0,4.8333,8,0.862473,0.042484,0.387446,0.158009,0.853387,0.799492,1,3,7;18;30;41;42;48,4;0;0;1;4;0,7,1,1,4,3,4.0,8.667,1,46,1,0
111000001,2022-01-04,110000114,SEARCH_1117,PRE_2023,1;2;10;12;16;21,3;4;7;19;22;43,36,0,0,0,0,0,0,0,43,0.318182,9,6.3333,0.151515,0.136364,0.015152,5,6,0,4.0,7,0.884644,0.040488,0.383117,0.207792,0.869603,0.849753,0,4,8;17;20;24;25;29,1;3;1;1;3;3,8,1,1,3,0,7.5,6.0,1,47,3,3
111000002,2022-01-07,111000001,SEARCH_1117,PRE_2023,1;2;10;12;21;29,6;9;15;31;38;39,25,0,0,0,0,0,0,0,43,0.371212,10,6.6667,0.159091,0.143939,0.015152,7,4,0,4.0,7,0.872363,0.043365,0.398268,0.225108,0.879344,0.847336,0,4,10;21;24;28;41;49,1;1;4;1;5;0,10,0,1,5,1,13.333,11.167,1,32,2,1
111000003,2022-01-11,111000002,SEARCH_1117,PRE_2023,1;2;10;12;21;29,10;11;13;17;36;49,41,1,1,0,0,0,0,0,42,0.280303,7,6.3333,0.174242,0.151515,0.022727,8,4,0,3.8333,7,0.892049,0.037649,0.359307,0.199134,0.895455,0.869376,0,4,4;11;33;35;37;42,5;1;1;4;2;1,4,0,1,4,0,14.333,10.333,1,16,2,3
111000004,2022-01-14,111000003,SEARCH_1117,PRE_2023,1;2;8;9;12;21,5;13;14;24;26;35,39,0,0,0,0,0,0,0,41,0.272727,7,5.6667,0.174242,0.166667,0.007576,5,7,0,4.0,8,0.886429,0.038483,0.361472,0.274892,0.891256,0.856636,0,5,12;24;31;42;43;47,0;2;0;4;1;0,12,0,1,5,3,7.167,6.667,1,41,2,2
111000005,2022-01-18,111000004,SEARCH_1117,PRE_2023,2;11;12;13;21;29,19;22;33;35;38;48,11,0,0,0,0,0,0,0,39,0.272727,7,6.6667,0.136364,0.136364,0.0,4,7,1,4.5,8,0.872169,0.040554,0.378788,0.177489,0.883167,0.828935,0,3,8;13;21;30;43;47,2;0;4;0;4;5,8,1,1,4,2,13.5,6.0,1,6,3,5
111000006,2022-01-21,111000005,SEARCH_1117,PRE_2023,2;11;12;13;21;29,15;26;27;34;37;42,47,0,0,0,0,0,0,0,41,0.371212,9,6.6667,0.159091,0.151515,0.007576,7,7,0,4.1667,8,0.871974,0.042184,0.37013,0.212121,0.884916,0.852654,0,3,7;13;16;22;33;40,1;5;7;2;3;3,7,1,1,3,0,14.5,7.833,1,38,3,6
111000007,2022-01-25,111000006,SEARCH_1117,PRE_2023,2;12;13;21;26;27,2;9;10;15;27;35,44,2,1,1,0,0,0,0,41,0.325758,9,7.6667,0.166667,0.151515,0.015152,5,9,0,4.8333,7,0.86779,0.043637,0.409091,0.294372,0.845768,0.831595,0,2,1;4;11;15;24;37,9;1;2;4;9;2,1,0,1,2,0,7.5,3.5,0,21,3,12
111000008,2022-01-28,111000007,SEARCH_1117,PRE_2023,2;9;12;21;26;27,7;12;36;41;42;44,29,1,1,0,0,0,0,0,43,0.462121,11,8.0,0.181818,0.174242,0.007576,10,6,0,4.8333,7,0.8538,0.049812,0.4329,0.231602,0.854654,0.843964,0,3,2;21;23;27;39;46,0;6;1;2;1;3,2,0,0,5,1,6.5,10.833,1,9,2,1
111000009,2022-01-29,111000008,SEARCH_1117,PRE_2023,2;9;21;26;27;29,1;2;20;23;26;34,19,2,1,1,0,0,0,0,43,0.371212,9,7.1667,0.143939,0.136364,0.007576,4,3,0,4.0,7,0.884456,0.040985,0.374459,0.290043,0.857555,0.84935,0,2,1;2;11;14;36;49,2;9;3;1;9;0,1,0,1,2,1,11.167,10.5,0,18,2,9
111000010,2022-01-30,111000009,SEARCH_1117,PRE_2023,2;9;21;26;27;29,3;8;15;20;22;23,36,0,0,0,0,0,0,0,44,0.469697,11,7.8333,0.174242,0.174242,0.0,5,4,1,4.6667,7,0.867141,0.048116,0.417749,0.277056,0.853807,0.835842,0,2,9;12;16;17;29;34,2;2;5;1;1;3,9,0,2,2,0,11.333,5.0,1,30,2,3
111000011,2022-01-31,111000010,SEARCH_1117,PRE_2023,2;15;21;25;26;29,4;14;32;33;43;44,49,0,0,0,0,0,0,0,44,0.371212,9,7.1667,0.159091,0.159091,0.0,6,9,1,4.5,7,0.890078,0.041257,0.38961,0.331169,0.865173,0.841459,0,1,9;10;17;30;38;39,3;1;5;3;2;1,9,0,2,3,0,15.333,9.667,1,43,2,5
111000012,2022-02-01,111000011,SEARCH_1117,PRE_2023,2;21;25;26;27;29,8;25;34;44;45;47,24,1,1,0,0,0,0,0,37,0.348485,9,7.6667,0.166667,0.159091,0.007576,4,4,0,4.1667,7,0.853685,0.043918,0.391775,0.138528,0.853172,0.841767,0,1,6;14;18;32;39;46,0;4;0;5;6;3,6,0,0,3,2,16.833,11.833,1,43,3,6
111000013,2022-02-02,111000012,SEARCH_1117,PRE_2023,2;6;11;21;26;29,6;11;18;23;33;41,39,2,1,1,0,0,0,0,39,0.356061,9,7.0,0.174242,0.166667,0.007576,4,6,0,4.1667,8,0.858863,0.044115,0.383117,0.183983,0.866142,0.83785,0,3,4;6;13;20;29;35,4;5;3;2;2;1,4,0,0,2,0,15.833,10.0,1,25,3,5
111000014,2022-02-03,111000013,SEARCH_1117,PRE_2023,2;5;14;21;26;29,5;9;18;22;34;36,11,1,1,0,0,0,0,0,41,0.310606,8,7.1667,0.174242,0.136364,0.037879,8,7,0,4.1667,7,0.873186,0.041482,0.393939,0.214286,0.874524,0.857867,0,2,2;10;33;37;46;49,6;3;1;0;1;0,2,0,1,4,2,15.167,5.0,1,18,2,1
111000015,2022-02-04,111000014,SEARCH_1117,PRE_2023,2;9;17;21;26;29,1;18;21;29;36;38,16,2,1,1,0,0,0,0,41,0.310606,8,7.1667,0.166667,0.159091,0.007576,5,5,0,4.3333,7,0.875603,0.041369,0.380952,0.21645,0.871011,0.832302,0,2,3;5;15;20;24;47,1;4;7;7;0;4,3,0,0,2,1,15.833,14.667,1,10,2,9
111000016,2022-02-05,111000015,SEARCH_1117,PRE_2023,2;9;15;17;18;26,2;4;13;36;41;49,16,1,1,0,0,0,0,0,42,0.272727,7,6.8333,0.174242,0.174242,0.0,7,7,1,4.1667,7,0.878536,0.040385,0.37013,0.279221,0.878749,0.856933,0,2,1;14;25;37;39;42,7;2;1;2;1;1,1,0,0,4,0,6.0,6.833,0,9,2,1
111000017,2022-02-06,111000016,SEARCH_1117,PRE_2023,2;9;17;21;26;27,12;24;29;34;38;42,33,0,0,0,0,0,0,0,40,0.484848,11,8.0,0.159091,0.151515,0.007576,4,4,0,4.5,8,0.847259,0.050899,0.437229,0.255411,0.842604,0.817131,0,2,9;13;16;17;19;38,2;4;3;3;1;2,9,0,1,1,0,6.333,6.333,1,48,3,4
111000018,2022-02-07,111000017,SEARCH_1117,PRE_2023,2;9;17;21;26;29,3;18;23;32;40;45,38,0,0,0,0,0,0,0,42,0.401515,9,7.1667,0.159091,0.151515,0.007576,5,8,0,4.5,7,0.881265,0.042419,0.38961,0.285714,0.871792,0.844445,0,2,10;12;14;15;30;40,2;3;1;3;1;4,10,0,2,2,0,5.667,8.5,1,32,2,5
111000019,2022-02-08,111000018,SEARCH_1117,PRE_2023,2;9;16;21;23;26,5;23;29;33;38;49,24,1,1,0,0,0,0,0,42,0.454545,10,7.6667,0.143939,0.136364,0.007576,5,5,0,4.6667,8,0.864598,0.047357,0.417749,0.272727,0.86049,0.837739,0,2,6;8;10;21;40;42,3;5;4;1;2;1,6,1,2,3,0,8.667,3.167,1,33,2,4
111000020,2022-02-09,111000019,SEARCH_1117,PRE_2023,2;16;21;23;26;36,2;7;11;18;35;45,25,1,1,0,0,0,0,0,41,0.363636,8,6.8333,0.151515,0.151515,0.0,4,4,1,4.6667,8,0.883049,0.040367,0.361472,0.229437,0.881786,0.836058,0,1,1;13;25;37;38;48,8;1;1;3;0;1,1,0,0,4,1,9.167,6.667,0,26,2,2
111000021,2022-02-10,111000020,SEARCH_1117,PRE_2023,2;18;21;23;26;32,1;22;25;27;41;44,3,0,0,0,0,0,0,0,41,0.5,11,7.1667,0.136364,0.136364,0.0,5,9,1,4.6667,8,0.865852,0.048078,0.402597,0.229437,0.865276,0.816946,0,1,16;27;34;39;42;46,0;0;1;5;3;2,16,0,0,5,2,4.167,8.333,1,12,2,2
111000022,2022-02-11,111000021,SEARCH_1117,PRE_2023,2;18;21;23;26;27,23;24;30;42;44;46,48,1,1,0,0,0,0,0,40,0.401515,10,6.8333,0.159091,0.151515,0.007576,6,4,0,4.8333,8,0.870215,0.04314,0.376623,0.244589,0.867233,0.825908,0,1,6;16;17;23;31;36,6;1;1;2;8;7,6,0,0,3,0,4.667,13.667,1,38,2,5
111000023,2022-02-15,111000022,SEARCH_1117,PRE_2023,2;16;23;27;28;32,18;23;26;27;40;42,3,2,1,1,0,0,0,0,46,0.401515,10,6.8333,0.136364,0.121212,0.015152,4,3,0,4.1667,7,0.881476,0.044864,0.391775,0.207792,0.869607,0.86043,0,1,2;5;8;9;25;42,3;11;6;6;1;1,2,1,2,2,0,11.167,4.333,1,47,3,8
111000024,2022-02-18,111000023,SEARCH_1117,PRE_2023,2;18;21;23;26;28,16;20;36;39;47;48,35,0,0,0,0,0,0,0,44,0.318182,10,7.1667,0.159091,0.159091,0.0,5,8,1,4.5,7,0.878069,0.042559,0.396104,0.212121,0.86182,0.839348,0,1,11;19;26;28;37;38,3;2;3;4;2;3,11,0,1,4,0,6.667,18.167,1,29,2,6
111000025,2022-02-22,111000024,SEARCH_1117,PRE_2023,2;4;18;23;26;28,3;21;22;34;37;40,5,0,0,0,0,0,0,0,41,0.325758,10,6.3333,0.159091,0.159091,0.0,6,4,1,4.0,7,0.870142,0.041716,0.37013,0.168831,0.859261,0.836813,0,2,9;25;32;36;39;40,1;5;1;1;1;1,9,0,1,5,0,7.5,8.333,1,19,2,1
111000026,2022-02-25,111000025,SEARCH_1117,PRE_2023,2;18;21;23;26;27,17;18;21;26;38;49,20,3,1,1,1,0,0,0,39,0.30303,8,6.5,0.181818,0.181818,0.0,6,5,1,4.5,8,0.871216,0.040798,0.365801,0.255411,0.868052,0.833391,0,1,3;4;6;9;38;48,6;5;6;6;0;2,3,0,1,2,1,3.167,7.333,1,32,2,6
111000027,2022-03-01,111000026,SEARCH_1117,PRE_2023,2;18;21;23;26;27,7;17;19;24;31;45,38,0,0,0,0,0,0,0,41,0.310606,8,7.5,0.159091,0.151515,0.007576,5,4,0,5.1667,8,0.875644,0.041575,0.393939,0.246753,0.864549,0.821468,0,1,11;20;25;27;33;45,1;3;3;0;4;2,11,0,1,4,1,3.0,11.167,1,35,2,4
111000028,2022-03-04,111000027,SEARCH_1117,PRE_2023,2;6;18;21;26;27,1;3;18;29;30;31,26,1,1,0,0,0,0,0,42,0.424242,10,7.5,0.159091,0.159091,0.0,8,4,1,4.5,8,0.847609,0.049634,0.437229,0.222944,0.857533,0.816339,0,2,3;17;22;24;35;46,1;1;6;3;0;1,3,0,0,4,1,5.667,4.667,1,4,2,1
111000029,2022-03-08,111000028,SEARCH_1117,PRE_2023,4;6;18;21;26;27,13;14;16;19;30;44,20,0,0,0,0,0,0,0,41,0.333333,10,7.5,0.181818,0.151515,0.030303,4,4,0,4.5,8,0.858925,0.045192,0.415584,0.238095,0.860123,0.843927,0,2,15;21;22;37;40;42,0;2;1;1;1;7,15,0,0,5,1,7.0,7.667,1,44,2,1
111000030,2022-03-11,111000029,SEARCH_1117,PRE_2023,2;4;18;21;27;28,3;4;8;15;21;24,29,2,1,1,0,0,0,0,40,0.356061,10,7.0,0.166667,0.166667,0.0,8,5,1,4.3333,8,0.870263,0.042756,0.387446,0.272727,0.865419,0.833473,0,2,3;4;11;31;41;44,0;5;3;2;7;0,3,0,1,3,2,11.167,10.167,1,25,3,3
111000031,2022-03-15,111000030,SEARCH_1117,PRE_2023,2;3;12;18;21;23,1;31;33;37;46;47,36,0,0,0,0,0,0,0,37,0.348485,10,7.1667,0.181818,0.166667,0.015152,7,8,0,4.5,8,0.835144,0.047844,0.422078,0.192641,0.849956,0.818506,0,3,11;29;31;34;44;45,3;0;0;1;3;1,11,0,1,5,2,6.333,6.667,1,13,1,0
111000032,2022-03-18,111000031,SEARCH_1117,PRE_2023,1;2;3;12;21;28,2;15;21;26;42;44,45,2,1,1,0,0,0,0,40,0.272727,6,6.1667,0.159091,0.151515,0.007576,8,5,0,4.1667,8,0.881311,0.038689,0.357143,0.194805,0.894056,0.858575,0,4,2;5;9;18;28;32,6;2;6;2;1;6,2,0,1,2,0,10.667,5.667,1,37,4,7
111000033,2022-03-22,111000032,SEARCH_1117,PRE_2023,2;3;12;18;21;26,7;21;26;36;43;49,16,2,1,1,0,0,0,0,42,0.363636,9,7.3333,0.174242,0.174242,0.0,5,10,1,4.6667,8,0.862742,0.046064,0.419913,0.257576,0.8559,0.842638,0,3,2;4;24;42;43;47,0;10;8;0;2;2,2,0,0,4,2,4.5,7.667,1,22,2,7
111000034,2022-03-25,111000033,SEARCH_1117,PRE_2023,2;12;15;18;21;26,14;17;22;45;47;49,26,0,0,0,0,0,0,0,40,0.348485,9,7.8333,0.159091,0.159091,0.0,4,9,1,4.8333,7,0.858496,0.045651,0.415584,0.229437,0.843416,0.827705,0,2,30;32;35;38;40;43,1;0;1;1;1;2,30,0,0,6,1,4.833,5.333,1,3,3,1
111000035,2022-03-29,111000034,SEARCH_1117,PRE_2023,2;12;18;21;26;44,16;21;24;27;29;43,41,1,1,0,0,0,0,0,36,0.416667,10,8.3333,0.19697,0.151515,0.045455,9,7,0,5.1667,8,0.84301,0.048069,0.424242,0.203463,0.849598,0.813862,1,2,2;19;32;38;41;42,0;8;0;2;0;2,2,0,0,4,3,5.833,5.667,1,48,2,2
111000036,2022-04-01,111000035,SEARCH_1117,PRE_2023,2;12;18;21;27;44,3;10;11;20;34;38,4,0,0,0,0,0,0,0,44,0.325758,8,7.5,0.151515,0.151515,0.0,7,8,1,4.6667,8,0.882616,0.041922,0.387446,0.322511,0.871367,0.84435,1,2,9;11;23;26;37;43,1;4;1;3;1;3,9,0,2,4,0,6.167,14.0,1,28,2,3
111000037,2022-04-05,111000036,SEARCH_1117,PRE_2023,3;12;15;18;21;23,8;15;24;27;31;33,13,1,1,0,0,0,0,0,41,0.30303,8,6.3333,0.166667,0.143939,0.022727,5,7,0,3.8333,7,0.884653,0.039252,0.367965,0.25974,0.87718,0.85646,0,2,6;17;28;35;45;46,1;5;1;4;0;0,6,0,0,4,2,8.5,4.667,1,16,2,2
111000038,2022-04-08,111000037,SEARCH_1117,PRE_2023,2;6;12;15;18;21,10;15;19;29;31;44,23,1,1,0,0,0,0,0,40,0.348485,10,6.5,0.136364,0.136364,0.0,3,3,1,4.1667,7,0.857855,0.045108,0.404762,0.194805,0.868263,0.855318,0,3,2;12;39;42;44;46,0;8;0;0;1;8,2,0,1,4,3,11.0,3.667,1,8,2,5
111000039,2022-04-12,111000038,SEARCH_1117,PRE_2023,2;6;12;15;21;44,14;17;18;22;40;42,37,0,0,0,0,0,0,0,47,0.257576,6,5.6667,0.128788,0.121212,0.007576,3,3,0,4.0,8,0.931123,0.032664,0.324675,0.363636,0.906518,0.891682,1,3,14;18;23;33;36;37,1;2;2;2;3;1,14,0,0,4,0,10.167,7.833,1,9,3,2
111000040,2022-04-15,111000039,SEARCH_1117,PRE_2023,6;12;15;18;21;44,2;9;11;14;15;30,22,1,1,0,0,0,0,0,43,0.295455,7,6.3333,0.143939,0.128788,0.015152,7,5,0,4.5,8,0.897551,0.037705,0.357143,0.270563,0.894414,0.866448,1,2,1;15;17;21;37;46,2;3;0;2;7;2,1,0,0,3,1,10.0,8.667,0,12,2,2
111000041,2022-04-19,111000040,SEARCH_1117,PRE_2023,2;6;12;14;15;21,4;5;18;20;30;41,23,0,0,0,0,0,0,0,46,0.265152,7,5.8333,0.174242,0.166667,0.007576,6,4,0,4.0,7,0.896702,0.038324,0.363636,0.253247,0.897736,0.877121,0,3,12;15;16;29;33;48,2;2;3;0;2;2,12,0,1,3,1,10.167,10.167,1,23,2,1
111000042,2022-04-22,111000041,SEARCH_1117,PRE_2023,6;12;15;18;21;28,3;28;32;36;47;49,16,1,1,0,0,0,0,0,41,0.257576,6,6.3333,0.159091,0.159091,0.0,8,4,1,4.0,7,0.897327,0.035822,0.333333,0.242424,0.887069,0.852502,0,2,6;22;29;35;40;41,1;8;6;2;3;1,6,0,0,5,0,17.667,16.167,1,44,2,9
111000043,2022-04-26,111000042,SEARCH_1117,PRE_2023,3;6;12;15;18;21,12;31;32;42;43;49,36,1,1,0,0,0,0,0,40,0.280303,7,6.3333,0.166667,0.151515,0.015152,7,4,0,4.3333,8,0.884997,0.039139,0.374459,0.199134,0.891269,0.852563,0,3,4;18;24;26;33;40,6;3;3;2;1;2,4,0,0,4,0,11.667,7.5,1,25,3,4
111000044,2022-04-29,111000043,SEARCH_1117,PRE_2023,3;6;12;15;18;21,12;14;18;25;44;48,45,2,1,1,0,0,0,0,42,0.265152,6,5.1667,0.143939,0.128788,0.015152,4,3,0,3.3333,6,0.908987,0.033967,0.318182,0.188312,0.91074,0.875809,0,3,3;5;9;13;24;41,4;2;6;4;5;2,3,0,1,2,0,8.333,9.5,1,35,2,7
111000045,2022-05-03,111000044,SEARCH_1117,PRE_2023,1;6;14;16;18;44,14;16;18;19;21;23,3,3,1,1,1,0,0,0,41,0.257576,6,6.6667,0.151515,0.136364,0.015152,4,5,0,4.8333,8,0.891192,0.037762,0.367965,0.242424,0.890847,0.830344,1,2,2;3;4;10;33;45,7;6;8;0;4;2,2,0,1,2,1,9.833,8.5,1,16,3,7
111000046,2022-05-06,111000045,SEARCH_1117,PRE_2023,1;2;6;14;15;18,1;5;19;28;45;49,29,1,1,0,0,0,0,0,41,0.386364,10,7.5,0.189394,0.166667,0.022727,5,8,0,4.6667,7,0.853242,0.048322,0.448052,0.233766,0.847638,0.835287,0,3,6;17;25;30;34;41,5;1;1;3;1;2,6,0,0,4,0,10.333,6.667,1,46,2,2
111000047,2022-05-10,111000046,SEARCH_1117,PRE_2023,6;14;15;18;21;44,2;11;20;24;32;48,27,0,0,0,0,0,0,0,41,0.340909,8,8.0,0.181818,0.121212,0.060606,9,3,0,4.5,8,0.862785,0.045764,0.437229,0.227273,0.849062,0.836283,1,1,32;34;40;41;43;44,1;0;0;1;1;1,32,0,0,6,2,8.333,6.167,1,24,1,0
111000048,2022-05-13,111000047,SEARCH_1117,PRE_2023,2;6;10;14;18;44,10;24;27;36;37;48,29,1,1,0,0,0,0,0,41,0.393939,9,8.1667,0.143939,0.143939,0.0,4,6,1,4.8333,8,0.848952,0.051555,0.467532,0.285714,0.850972,0.839004,1,3,6;24;32;44;45;49,4;0;0;1;2;0,6,0,0,5,3,9.333,7.667,1,38,2,1
111000049,2022-05-17,111000048,SEARCH_1117,PRE_2023,2;6;14;15;18;21,9;22;28;29;34;37,36,0,0,0,0,0,0,0,45,0.348485,9,6.8333,0.128788,0.121212,0.007576,4,5,0,3.8333,7,0.879304,0.043384,0.409091,0.277056,0.879283,0.858651,0,2,7;21;33;38;40;41,1;2;5;1;1;1,7,1,1,5,0,9.833,7.833,1,11,2,3
111000050,2022-05-20,111000049,SEARCH_1117,PRE_2023,2;6;14;15;18;22,5;8;12;22;42;49,46,1,1,0,0,0,0,0,42,0.340909,8,7.0,0.166667,0.136364,0.030303,7,4,0,4.5,8,0.870977,0.04433,0.422078,0.19697,0.882776,0.860806,0,2,6;7;12;22;25;41,1;4;3;7;2;2,6,1,2,3,0,10.167,5.833,1,27,2,5
111000051,2022-05-24,111000050,SEARCH_1117,PRE_2023,6;13;14;15;18;22,4;19;24;35;45;46,2,0,0,0,0,0,0,0,44,0.318182,10,6.1667,0.159091,0.128788,0.030303,4,3,0,4.3333,8,0.891978,0.039748,0.378788,0.218615,0.885632,0.857449,0,1,8;11;16;30;34;36,3;1;5;5;2;4,8,1,2,3,0,14.0,12.333,1,7,2,4
111000052,2022-05-27,111000051,SEARCH_1117,PRE_2023,6;7;15;18;24;25,4;11;18;37;39;46,27,1,1,0,0,0,0,0,39,0.333333,9,6.5,0.151515,0.128788,0.022727,5,3,0,4.0,8,0.878749,0.040067,0.378788,0.242424,0.87533,0.846955,0,2,1;8;19;35;36;47,3;1;9;0;7;3,1,1,1,3,1,14.333,7.5,0,43,2,5
111000053,2022-05-31,111000052,SEARCH_1117,PRE_2023,4;6;7;13;18;24,10;11;17;25;27;28,31,0,0,0,0,0,0,0,41,0.393939,10,7.0,0.151515,0.143939,0.007576,6,8,0,4.5,8,0.855294,0.047216,0.426407,0.170996,0.863513,0.828757,0,3,12;13;24;28;32;46,1;1;5;4;0;3,12,0,1,4,1,14.667,6.333,1,20,2,4
111000054,2022-06-03,111000053,SEARCH_1117,PRE_2023,6;7;13;18;22;24,4;11;39;42;43;48,44,0,0,0,0,0,0,0,41,0.393939,9,7.1667,0.181818,0.181818,0.0,5,7,1,4.3333,8,0.851222,0.048144,0.437229,0.281385,0.854034,0.843368,0,2,7;14;17;18;27;39,2;2;4;7;2;1,7,1,1,2,0,16.0,4.333,1,8,3,3
111000055,2022-06-07,111000054,SEARCH_1117,PRE_2023,4;6;7;11;18;42,4;17;18;19;31;44,46,2,1,1,0,0,0,0,40,0.431818,11,6.6667,0.189394,0.181818,0.007576,7,7,0,4.1667,9,0.842593,0.049755,0.4329,0.220779,0.858554,0.823086,0,4,1;4;9;28;30;46,5;1;11;1;0;8,1,0,1,3,1,11.667,5.5,0,31,3,9
111000056,2022-06-10,111000055,SEARCH_1117,PRE_2023,4;6;7;13;18;44,5;10;13;28;29;38,34,1,1,0,0,0,0,0,42,0.371212,11,7.8333,0.189394,0.181818,0.007576,7,6,0,5.0,9,0.854954,0.047029,0.430736,0.272727,0.864131,0.817226,1,3,6;22;35;39;43;47,0;1;7;1;0;2,6,0,0,5,2,16.0,11.0,1,48,2,2
111000057,2022-06-14,111000056,SEARCH_1117,PRE_2023,4;6;7;11;18;44,3;9;20;28;29;47,35,0,0,0,0,0,0,0,44,0.393939,11,7.3333,0.159091,0.143939,0.015152,4,5,0,4.5,9,0.868184,0.045932,0.430736,0.220779,0.869365,0.851166,1,4,11;13;30;31;36;47,2;3;1;2;0;2,11,0,1,4,1,12.833,8.333,1,24,3,2
111000058,2022-06-17,111000057,SEARCH_1117,PRE_2023,6;7;18;29;42;44,7;11;28;30;46;47,48,1,1,0,0,0,0,0,41,0.378788,10,7.3333,0.136364,0.128788,0.007576,6,3,0,4.5,9,0.870207,0.044115,0.400433,0.235931,0.878572,0.861247,1,2,3;7;31;32;34;49,7;3;2;2;0;2,3,1,1,4,1,13.5,9.0,1,41,2,1
111000059,2022-06-21,111000058,SEARCH_1117,PRE_2023,6;7;11;13;18;44,3;14;20;34;41;44,43,1,1,0,0,0,0,0,42,0.378788,11,8.0,0.159091,0.128788,0.030303,5,6,0,5.0,9,0.856169,0.049184,0.461039,0.281385,0.860792,0.829308,1,3,5;11;16;20;40;45,2;2;0;3;2;10,5,0,1,2,1,9.833,8.333,1,29,2,3
111000060,2022-06-24,111000059,SEARCH_1117,PRE_2023,3;6;11;14;18;44,3;18;26;29;40;43,13,2,1,1,0,0,0,0,43,0.30303,7,7.0,0.136364,0.128788,0.007576,4,4,0,4.1667,9,0.879017,0.042578,0.404762,0.272727,0.886966,0.859152,1,3,1;3;9;11;31;42,7;8;5;7;2;1,1,0,2,2,0,9.5,10.5,0,8,3,10
111000061,2022-06-28,111000060,SEARCH_1117,PRE_2023,3;4;6;7;11;18,21;24;25;41;42;45,34,0,0,0,0,0,0,0,38,0.409091,9,7.1667,0.174242,0.159091,0.015152,5,6,0,4.5,8,0.833853,0.051433,0.45671,0.175325,0.8601,0.815174,0,5,7;22;23;25;33;47,3;6;2;0;1;1,7,1,1,5,1,10.333,8.833,1,24,2,2
111000062,2022-07-01,111000061,SEARCH_1117,PRE_2023,3;4;6;11;18;24,14;20;29;32;34;43,2,0,0,0,0,0,0,0,40,0.272727,6,6.8333,0.166667,0.159091,0.007576,7,7,0,4.5,8,0.869885,0.04285,0.41342,0.274892,0.867907,0.819979,0,4,8;11;20;27;34;46,3;1;9;2;0;2,8,1,2,3,1,10.833,4.667,1,13,4,1
111000063,2022-07-05,111000062,SEARCH_1117,PRE_2023,3;4;6;11;18;29,3;8;26;38;45;47,35,1,1,0,0,0,0,0,39,0.363636,8,7.6667,0.174242,0.159091,0.015152,10,5,0,4.8333,8,0.846795,0.048715,0.448052,0.181818,0.867435,0.823986,0,4,1;7;33;36;38;46,8;5;1;0;2;2,1,1,1,4,1,11.667,5.5,0,25,3,3
111000064,2022-07-08,111000063,SEARCH_1117,PRE_2023,3;6;18;21;24;29,5;9;15;35;40;44,10,0,0,0,0,0,0,0,42,0.454545,11,7.3333,0.136364,0.128788,0.007576,6,3,0,4.6667,7,0.876491,0.045089,0.393939,0.231602,0.874491,0.840144,0,2,13;16;26;27;34;38,2;1;3;3;1;3,13,0,0,4,0,10.667,10.167,1,43,2,2
111000065,2022-07-12,111000064,SEARCH_1117,PRE_2023,3;6;7;18;20;29,7;14;17;20;29;45,30,3,1,1,1,0,0,0,41,0.363636,9,7.1667,0.159091,0.151515,0.007576,5,6,0,4.3333,8,0.862653,0.045857,0.417749,0.248918,0.864416,0.828774,0,3,4;5;6;21;27;30,4;2;1;5;10;3,4,0,0,3,0,12.0,4.667,1,45,3,6
111000066,2022-07-15,111000065,SEARCH_1117,PRE_2023,1;3;6;14;18;29,14;15;27;41;43;49,39,1,1,0,0,0,0,0,39,0.409091,10,7.8333,0.181818,0.143939,0.037879,4,5,0,4.6667,8,0.841437,0.049793,0.450216,0.170996,0.852212,0.800001,0,3,3;19;20;32;34;48,7;1;1;0;2;6,3,0,0,3,1,14.0,6.833,1,33,2,2
111000067,2022-07-19,111000066,SEARCH_1117,PRE_2023,1;3;6;14;18;29,9;16;23;29;40;41,43,1,1,0,0,0,0,0,37,0.363636,9,8.1667,0.181818,0.159091,0.022727,4,6,0,4.8333,8,0.829441,0.052557,0.478355,0.136364,0.840018,0.801175,0,3,5;16;19;27;32;47,1;3;3;10;0;1,5,0,0,3,1,14.833,8.833,1,18,2,2
111000068,2022-07-22,111000067,SEARCH_1117,PRE_2023,3;6;14;18;20;29,11;12;24;30;33;38,31,0,0,0,0,0,0,0,39,0.371212,9,8.1667,0.166667,0.159091,0.007576,5,5,0,5.1667,7,0.840319,0.050983,0.471861,0.242424,0.843243,0.792865,0,2,7;9;17;22;35;47,2;5;2;1;8;0,7,1,2,3,1,12.333,13.5,1,45,2,7
111000069,2022-07-26,111000068,SEARCH_1117,PRE_2023,1;2;3;6;14;18,10;12;17;27;29;39,47,0,0,0,0,0,0,0,38,0.348485,10,7.0,0.212121,0.212121,0.0,7,9,1,4.0,7,0.833772,0.049849,0.439394,0.199134,0.849006,0.813673,0,4,7;26;31;32;42;46,1;1;0;0;9;4,7,1,1,5,2,19.833,6.333,1,35,1,0
111000070,2022-07-29,111000069,SEARCH_1117,PRE_2023,1;2;3;14;18;29,12;18;19;21;33;37,15,1,1,0,0,0,0,0,42,0.318182,7,7.3333,0.189394,0.181818,0.007576,5,6,0,4.6667,7,0.862023,0.045839,0.426407,0.227273,0.867576,0.842478,0,3,3;14;16;34;35;42,1;8;1;2;3;1,3,0,0,3,0,11.5,9.167,1,43,2,2
111000071,2022-08-02,111000070,SEARCH_1117,PRE_2023,1;2;3;12;14;18,2;26;28;29;37;48,5,1,1,0,0,0,0,0,42,0.318182,9,6.6667,0.19697,0.189394,0.007576,5,9,0,4.3333,7,0.851873,0.046785,0.428571,0.132035,0.871612,0.836036,0,4,5;7;25;36;42;46,6;0;1;9;1;1,5,1,1,4,1,10.667,10.833,1,43,2,1
111000072,2022-08-05,111000071,SEARCH_1117,PRE_2023,1;3;6;14;18;29,5;18;21;30;43;46,26,1,1,0,0,0,0,0,44,0.318182,7,7.1667,0.174242,0.166667,0.007576,9,8,0,4.5,8,0.875186,0.043159,0.402597,0.255411,0.873186,0.858391,0,3,3;14;24;28;31;40,1;6;5;2;1;2,3,0,0,4,0,17.167,6.0,1,12,2,6
111000073,2022-08-09,111000072,SEARCH_1117,PRE_2023,1;3;6;12;14;18,9;11;21;23;30;33,34,0,0,0,0,0,0,0,41,0.295455,9,7.1667,0.19697,0.181818,0.015152,6,9,0,4.3333,7,0.854812,0.047272,0.445887,0.261905,0.860979,0.83358,0,4,8;11;21;25;42;47,0;1;7;4;2;0,8,1,2,4,2,18.0,3.667,1,22,1,0
111000074,2022-08-12,111000073,SEARCH_1117,PRE_2023,1;6;9;14;18;21,4;7;15;21;37;43,5,1,1,0,0,0,0,0,42,0.318182,7,7.6667,0.212121,0.181818,0.030303,6,9,0,4.3333,8,0.857464,0.04597,0.428571,0.24026,0.858588,0.845162,0,3,3;11;13;19;22;47,2;2;2;10;0;3,3,0,1,2,1,16.833,7.0,1,12,2,2
111000075,2022-08-16,111000074,SEARCH_1117,PRE_2023,1;3;6;18;21;29,1;7;11;16;18;31,24,2,1,1,0,0,0,0,41,0.363636,8,7.8333,0.204545,0.189394,0.015152,6,6,0,4.8333,8,0.854688,0.047413,0.435065,0.212121,0.864161,0.83542,0,3,1;5;8;20;26;30,8;2;4;1;7;2,1,1,1,2,0,18.5,10.5,0,29,2,6
111000076,2022-08-19,111000075,SEARCH_1117,PRE_2023,6;11;14;18;21;29,3;4;10;21;28;41,15,1,1,0,0,0,0,0,38,0.393939,11,9.0,0.189394,0.174242,0.015152,9,5,0,5.6667,7,0.82931,0.0537,0.484848,0.201299,0.821506,0.781823,0,2,4;20;35;39;40;47,1;0;0;9;1;0,4,0,0,4,3,13.667,6.333,1,22,1,0
111000077,2022-08-23,111000076,SEARCH_1117,PRE_2023,3;6;11;13;18;21,6;23;24;25;47;49,5,1,1,0,0,0,0,0,42,0.287879,9,7.0,0.174242,0.174242,0.0,4,4,1,4.1667,7,0.87094,0.043421,0.406926,0.274892,0.861854,0.837652,0,3,2;10;15;17;36;41,7;3;4;4;1;3,2,0,1,2,0,15.167,19.667,1,16,3,5
111000078,2022-08-26,111000077,SEARCH_1117,PRE_2023,3;6;11;13;18;21,4;16;17;30;38;42,5,0,0,0,0,0,0,0,40,0.295455,9,7.3333,0.204545,0.181818,0.022727,6,4,0,4.5,7,0.8565,0.045042,0.415584,0.227273,0.851854,0.825208,0,3,11;21;23;26;36;39,1;1;4;1;2;2,11,0,1,5,0,5.5,7.667,1,41,2,3
111000079,2022-08-30,111000078,SEARCH_1117,PRE_2023,1;4;11;14;18;21,5;8;16;27;35;45,37,0,0,0,0,0,0,0,40,0.378788,10,7.6667,0.181818,0.166667,0.015152,4,5,0,4.5,8,0.851455,0.047947,0.428571,0.225108,0.840653,0.829411,0,3,8;12;13;20;23;30,1;2;5;3;4;2,8,1,2,2,0,4.833,10.5,1,47,2,3
111000080,2022-09-02,111000079,SEARCH_1117,PRE_2023,1;4;6;11;18;21,20;23;25;36;43;45,38,0,0,0,0,0,0,0,41,0.348485,9,7.5,0.189394,0.174242,0.015152,5,5,0,4.3333,7,0.858147,0.047029,0.441558,0.238095,0.855979,0.837798,0,4,8;19;23;26;30;38,2;2;1;8;2;1,8,1,1,4,0,4.0,10.0,1,20,2,3
111000081,2022-09-06,111000080,SEARCH_1117,PRE_2023,1;2;4;11;13;21,26;32;35;36;38;49,39,0,0,0,0,0,0,0,40,0.295455,8,6.5,0.181818,0.181818,0.0,4,7,1,4.0,7,0.854553,0.04478,0.404762,0.170996,0.860587,0.830864,0,4,15;18;25;30;35;40,2;3;3;2;1;1,15,0,0,4,0,9.167,6.5,1,33,3,3
111000082,2022-09-09,111000081,SEARCH_1117,PRE_2023,1;4;11;13;18;21,7;15;17;28;36;39,1,0,0,0,0,0,0,0,41,0.318182,9,6.8333,0.181818,0.151515,0.030303,6,9,0,4.0,7,0.877256,0.041453,0.393939,0.168831,0.866942,0.850854,0,3,12;17;24;30;37;46,1;3;3;0;1;4,12,0,1,4,1,9.5,6.5,1,5,3,3
111000083,2022-09-13,111000082,SEARCH_1117,PRE_2023,1;2;7;11;18;28,7;10;15;21;34;48,38,1,1,0,0,0,0,0,40,0.310606,8,6.3333,0.174242,0.174242,0.0,8,10,1,4.0,8,0.86963,0.041566,0.374459,0.246753,0.865514,0.84505,0,4,3;9;14;15;42;49,5;0;3;7;4;0,3,0,1,2,2,6.333,8.167,1,22,2,4
111000084,2022-09-16,111000083,SEARCH_1117,PRE_2023,1;7;11;14;15;21,2;6;7;27;31;44,28,1,1,0,0,0,0,0,40,0.325758,8,6.8333,0.181818,0.181818,0.0,7,7,1,5.5,8,0.862647,0.043702,0.398268,0.19697,0.876565,0.816341,0,3,1;8;13;17;25;33,4;3;8;2;1;4,1,1,1,2,0,6.5,9.167,0,12,2,5
111000085,2022-09-20,111000084,SEARCH_1117,PRE_2023,1;4;7;11;18;21,11;13;24;29;35;43,1,1,1,0,0,0,0,0,41,0.265152,10,6.1667,0.174242,0.151515,0.022727,4,4,0,4.3333,7,0.882298,0.03927,0.37013,0.160173,0.882077,0.850691,0,4,4;9;15;20;30;31,6;6;2;4;1;5,4,0,1,2,0,6.667,11.667,1,2,3,4
111000086,2022-09-23,111000085,SEARCH_1117,PRE_2023,1;4;7;11;18;28,2;12;30;31;44;48,46,0,0,0,0,0,0,0,44,0.234848,7,5.6667,0.174242,0.166667,0.007576,4,5,0,3.6667,7,0.897186,0.036309,0.344156,0.227273,0.892716,0.857575,0,4,18;22;23;31;36;44,1;2;1;2;3;1,18,0,0,5,0,6.167,5.5,1,33,2,2
111000087,2022-09-27,111000086,SEARCH_1117,PRE_2023,1;6;7;11;18;43,10;17;28;34;40;43,29,1,1,0,0,0,0,0,41,0.219697,5,6.1667,0.174242,0.166667,0.007576,5,4,0,3.8333,7,0.892628,0.036038,0.324675,0.188312,0.890259,0.861217,1,4,4;17;21;41;42;43,0;0;4;1;4;11,4,0,0,4,2,5.667,6.667,1,12,2,4
111000088,2022-09-30,111000087,SEARCH_1117,PRE_2023,1;4;7;11;28;43,5;12;18;28;34;39,24,1,1,0,0,0,0,0,40,0.265152,6,6.5,0.174242,0.174242,0.0,4,6,1,4.5,9,0.87752,0.03883,0.352814,0.158009,0.881129,0.841914,1,4,3;7;22;39;41;48,2;0;6;8;1;0,3,1,1,4,2,5.333,5.333,1,42,2,5
111000089,2022-10-04,111000088,SEARCH_1117,PRE_2023,1;7;8;11;18;28,13;14;23;34;43;49,44,0,0,0,0,0,0,0,41,0.265152,6,6.5,0.181818,0.159091,0.022727,4,10,0,4.0,8,0.881962,0.039598,0.387446,0.268398,0.880053,0.848337,0,4,7;8;12;22;41;43,3;5;0;4;10;1,7,2,3,3,1,5.833,7.833,1,25,2,6
111000090,2022-10-07,111000089,SEARCH_1117,PRE_2023,1;7;13;17;28;43,5;10;15;16;26;30,12,0,0,0,0,0,0,0,40,0.356061,8,7.0,0.159091,0.151515,0.007576,5,4,0,4.5,9,0.871295,0.0415,0.367965,0.24026,0.869092,0.827944,1,2,13;16;27;35;39;42,2;3;0;2;1;1,13,0,0,4,1,4.667,6.0,1,41,2,1
111000091,2022-10-11,111000090,SEARCH_1117,PRE_2023,1;5;10;18;28;43,1;3;23;25;42;46,2,1,1,0,0,0,0,0,39,0.325758,8,7.6667,0.166667,0.143939,0.022727,6,5,0,5.1667,9,0.857673,0.044696,0.417749,0.177489,0.865158,0.818654,1,3,3;16;23;28;31;44,6;2;0;1;2;3,3,0,0,4,1,4.333,12.667,1,14,2,2
111000092,2022-10-14,111000091,SEARCH_1117,PRE_2023,1;5;6;10;28;43,1;11;13;25;32;36,30,1,1,0,0,0,0,0,43,0.310606,7,6.6667,0.166667,0.143939,0.022727,4,5,0,4.3333,9,0.88485,0.039851,0.372294,0.225108,0.879213,0.850531,1,4,1;7;14;30;39;46,7;5;4;0;1;3,1,1,1,3,1,3.333,5.5,0,32,2,6
111000093,2022-10-18,111000092,SEARCH_1117,PRE_2023,1;2;8;11;18;43,1;14;27;38;39;47,49,1,1,0,0,0,0,0,42,0.219697,5,6.1667,0.159091,0.151515,0.007576,5,6,0,4.3333,8,0.887551,0.036731,0.320346,0.225108,0.880366,0.84848,1,4,1;30;36;44;46;47,5;0;1;0;0;2,1,0,0,5,3,5.333,7.833,0,42,2,1
111000094,2022-10-21,111000093,SEARCH_1117,PRE_2023,1;2;6;11;28;43,11;20;36;37;42;49,3,1,1,0,0,0,0,0,41,0.19697,5,6.0,0.166667,0.159091,0.007576,4,5,0,3.8333,9,0.889798,0.035607,0.309524,0.238095,0.879575,0.854543,1,4,6;19;25;28;37;41,4;3;1;2;3;1,6,0,0,4,0,5.333,7.667,1,16,2,3
111000095,2022-10-25,111000094,SEARCH_1117,PRE_2023,1;2;11;13;28;43,18;32;36;43;48;49,23,1,1,0,0,0,0,0,43,0.409091,10,6.8333,0.136364,0.128788,0.007576,3,4,0,4.5,9,0.886683,0.041172,0.37013,0.220779,0.879556,0.854069,1,3,4;14;23;39;42;43,4;1;5;11;1;1,4,0,0,4,0,4.667,4.5,1,44,2,9
111000096,2022-10-28,111000095,SEARCH_1117,PRE_2023,2;6;11;18;28;43,17;18;19;23;25;32,26,1,1,0,0,0,0,0,40,0.325758,8,7.1667,0.159091,0.136364,0.022727,4,5,0,4.6667,9,0.868857,0.042925,0.400433,0.231602,0.86391,0.827633,1,3,3;7;24;34;35;43,2;7;5;1;0;2,3,1,1,4,1,5.667,7.667,1,44,3,4
111000097,2022-11-01,111000096,SEARCH_1117,PRE_2023,1;8;11;18;28;43,17;24;28;32;34;40,3,1,1,0,0,0,0,0,41,0.333333,10,7.3333,0.143939,0.143939,0.0,5,4,1,4.5,9,0.880477,0.041069,0.378788,0.255411,0.868378,0.845501,1,3,5;11;17;24;39;43,3;0;7;2;6;2,5,0,1,3,1,6.167,6.833,1,31,3,5
111000098,2022-11-04,111000097,SEARCH_1117,PRE_2023,1;8;11;17;18;43,11;21;23;30;36;47,6,1,1,0,0,0,0,0,39,0.325758,8,7.8333,0.174242,0.151515,0.022727,4,7,0,4.8333,8,0.853507,0.045305,0.415584,0.183983,0.854002,0.830386,1,3,1;16;21;28;34;43,8;3;3;0;2;2,1,0,0,4,1,5.667,6.167,0,8,3,4
111000099,2022-11-08,111000098,SEARCH_1117,PRE_2023,2;6;11;17;18;28,15;18;37;39;44;47,43,1,1,0,0,0,0,0,38,0.454545,11,7.0,0.174242,0.166667,0.007576,5,6,0,4.3333,8,0.845656,0.048594,0.409091,0.214286,0.846318,0.817732,0,3,2;28;30;34;41;47,0;8;1;0;1;2,2,0,0,5,2,6.0,6.167,1,8,2,2
111000100,2022-11-11,111000099,SEARCH_1117,PRE_2023,1;2;11;18;23;43,2;10;19;20;36;48,37,1,1,0,0,0,0,0,41,0.363636,8,6.5,0.143939,0.136364,0.007576,5,5,0,4.1667,9,0.866193,0.044724,0.396104,0.235931,0.872866,0.842981,1,3,4;13;25;28;41;43,4;1;1;0;5;1,4,0,0,4,1,5.167,6.833,1,38,2,1
111000101,2022-11-15,111000100,SEARCH_1117,PRE_2023,1;2;6;11;17;18,19;20;26;29;34;39,4,0,0,0,0,0,0,0,39,0.325758,9,5.6667,0.166667,0.166667,0.0,4,6,1,3.5,7,0.867587,0.041735,0.37013,0.183983,0.878048,0.84929,0,4,15;18;29;43;44;48,3;0;0;6;2;0,15,0,0,4,3,5.833,5.833,1,16,2,2
111000102,2022-11-18,111000101,SEARCH_1117,PRE_2023,1;6;8;11;18;43,10;17;27;37;44;45,22,0,0,0,0,0,0,0,39,0.386364,11,6.3333,0.151515,0.143939,0.007576,5,5,0,4.1667,8,0.868357,0.042362,0.367965,0.192641,0.877023,0.84395,1,4,8;21;22;33;35;36,2;5;2;1;4;1,8,1,1,5,0,10.667,7.333,1,10,2,4
111000103,2022-11-22,111000102,SEARCH_1117,PRE_2023,1;8;11;17;18;43,5;13;18;24;27;48,32,1,1,0,0,0,0,0,39,0.265152,6,6.3333,0.174242,0.166667,0.007576,8,5,0,4.3333,9,0.874683,0.039561,0.365801,0.15368,0.887189,0.847162,1,3,3;21;32;41;44;49,2;0;6;0;2;0,3,0,0,5,3,8.667,6.333,1,19,1,0
111000104,2022-11-25,111000103,SEARCH_1117,PRE_2023,1;6;8;11;17;18,14;15;20;26;35;41,36,0,0,0,0,0,0,0,44,0.340909,11,6.5,0.174242,0.159091,0.015152,4,7,0,4.3333,8,0.875716,0.042512,0.400433,0.231602,0.882703,0.860774,0,4,9;26;33;43;45;47,0;1;5;2;0;1,9,0,1,5,2,10.833,11.5,1,19,3,2
111000105,2022-11-29,111000104,SEARCH_1117,PRE_2023,1;6;8;17;18;20,6;21;34;37;46;49,18,1,1,0,0,0,0,0,38,0.363636,10,7.5,0.174242,0.159091,0.015152,4,9,0,4.8333,8,0.85084,0.046851,0.430736,0.251082,0.850245,0.824845,0,3,4;29;36;38;44;46,6;1;0;0;3;1,4,0,0,5,2,10.833,9.833,1,1,2,3
111000106,2022-12-02,111000105,SEARCH_1117,PRE_2023,4;6;8;18;20;43,8;22;28;40;41;45,34,1,1,0,0,0,0,0,40,0.386364,10,6.6667,0.151515,0.151515,0.0,5,6,1,4.1667,8,0.865269,0.043965,0.396104,0.168831,0.874907,0.83568,1,3,6;7;10;35;40;48,5;6;6;0;1;1,6,1,2,3,1,12.0,17.833,1,13,2,5
111000107,2022-12-06,111000106,SEARCH_1117,PRE_2023,4;8;18;20;28;43,10;15;27;32;39;42,28,0,0,0,0,0,0,0,43,0.310606,9,7.3333,0.174242,0.159091,0.015152,8,4,0,5.0,9,0.882651,0.041594,0.398268,0.231602,0.880821,0.837796,1,2,11;19;20;23;37;44,0;3;2;3;1;2,11,0,1,3,1,8.333,6.833,1,4,1,0
111000108,2022-12-09,111000107,SEARCH_1117,PRE_2023,4;9;10;15;18;21,10;16;22;40;45;48,31,1,1,0,0,0,0,0,43,0.265152,8,6.5,0.181818,0.166667,0.015152,6,7,0,4.0,8,0.87545,0.041004,0.380952,0.24026,0.887918,0.867308,0,3,2;18;21;31;41;49,6;3;3;1;2;0,2,0,0,4,1,12.5,5.0,1,14,1,0
111000109,2022-12-13,111000108,SEARCH_1117,PRE_2023,4;9;10;18;21;43,6;9;12;14;33;47,34,1,1,0,0,0,0,0,41,0.356061,9,7.1667,0.166667,0.143939,0.022727,6,4,0,4.1667,8,0.875573,0.042231,0.393939,0.19697,0.882094,0.85971,1,3,4;7;23;26;34;40,4;7;2;1;4;5,4,1,1,4,0,15.333,18.667,1,18,3,8
111000110,2022-12-16,111000109,SEARCH_1117,PRE_2023,1;4;10;15;18;43,6;11;12;40;47;49,28,0,0,0,0,0,0,0,40,0.318182,8,6.8333,0.181818,0.174242,0.007576,5,6,0,4.5,9,0.86736,0.042868,0.402597,0.242424,0.883274,0.837184,1,3,19;28;30;36;38;39,2;2;1;2;1;3,19,0,0,5,0,12.667,3.667,1,33,2,3
111000111,2022-12-20,111000110,SEARCH_1117,PRE_2023,3;4;10;11;15;21,3;4;12;16;29;32,39,2,1,1,0,0,0,0,41,0.356061,9,6.3333,0.136364,0.136364,0.0,5,7,1,4.3333,8,0.87688,0.042381,0.38961,0.212121,0.890043,0.833571,0,4,2;3;17;22;27;43,7;6;2;0;3;2,2,0,0,3,1,11.167,11.833,1,33,2,7
111000112,2022-12-23,111000111,SEARCH_1117,PRE_2023,1;3;10;12;15;43,9;13;32;34;35;39,1,0,0,0,0,0,0,0,41,0.295455,7,6.3333,0.181818,0.151515,0.030303,6,4,0,4.1667,9,0.87859,0.040282,0.380952,0.155844,0.891074,0.845348,1,4,12;25;27;34;45;47,1;1;4;4;0;0,12,0,1,5,2,7.833,5.5,1,2,2,2
111000113,2022-12-27,111000112,SEARCH_1117,PRE_2023,1;2;10;12;15;31,3;11;16;21;22;39,4,0,0,0,0,0,0,0,43,0.30303,7,6.1667,0.151515,0.128788,0.022727,8,4,0,3.5,6,0.891965,0.039045,0.37013,0.214286,0.897849,0.867969,0,4,13;18;20;24;25;27,1;3;3;2;3;4,13,0,0,3,0,12.167,3.5,1,29,2,3
111000114,2022-12-30,111000113,SEARCH_1117,PRE_2023,1;8;10;11;12;15,5;8;14;17;20;46,7,1,1,0,0,0,0,0,41,0.257576,8,5.8333,0.166667,0.159091,0.007576,5,4,0,4.0,7,0.888079,0.037865,0.354978,0.201299,0.896447,0.851326,0,5,4;15;22;27;39;42,0;6;2;4;2;3,4,0,0,4,1,7.667,9.167,1,8,2,4
112000001,2023-01-03,111000114,SEARCH_1117,POST_2023,1;2;10;11;15;16,2;4;8;19;24;39,28,1,1,0,0,0,0,0,41,0.287879,7,6.0,0.143939,0.128788,0.015152,4,5,0,4.0,8,0.885937,0.040029,0.385281,0.212121,0.897058,0.864101,0,4,1;10;18;20;25;29,7;2;4;3;2;6,1,0,1,2,0,9.333,8.0,0,33,3,7
112000002,2023-01-06,112000001,SEARCH_1117,POST_2023,1;3;10;11;15;21,19;22;29;36;43;46,30,0,0,0,0,0,0,0,42,0.272727,6,6.3333,0.166667,0.136364,0.030303,6,4,0,4.0,7,0.884768,0.038849,0.365801,0.203463,0.891396,0.864784,0,4,16;21;22;37;44;49,0;4;2;1;3;0,16,0,0,5,2,8.167,8.0,1,46,1,0
112000003,2023-01-10,112000002,SEARCH_1117,POST_2023,1;7;10;11;15;16,15;21;22;30;41;42,24,1,1,0,0,0,0,0,38,0.242424,6,5.8333,0.19697,0.174242,0.022727,5,7,0,4.0,8,0.874022,0.039758,0.383117,0.194805,0.890092,0.849495,0,4,6;7;12;16;35;44,5;7;4;0;1;4,6,1,2,2,1,14.0,9.167,1,29,2,3
112000004,2023-01-13,112000003,SEARCH_1117,POST_2023,1;3;8;10;11;21,5;21;23;24;40;44,17,1,1,0,0,0,0,0,44,0.280303,7,6.0,0.166667,0.151515,0.015152,5,5,0,4.0,7,0.889908,0.039308,0.378788,0.218615,0.889875,0.863352,0,5,2;17;29;33;43;49,1;9;4;1;0;2,2,0,0,4,1,8.167,8.667,1,15,2,1
112000005,2023-01-17,112000004,SEARCH_1117,POST_2023,1;7;10;15;18;21,5;17;23;24;36;42,16,0,0,0,0,0,0,0,44,0.287879,10,6.3333,0.143939,0.136364,0.007576,4,7,0,4.5,7,0.892699,0.039186,0.367965,0.231602,0.888359,0.867565,0,3,9;12;15;17;37;44,3;4;1;1;5;3,9,0,2,2,0,15.167,2.167,1,28,2,4
112000006,2023-01-20,112000005,SEARCH_1117,POST_2023,1;5;10;18;21;31,16;25;27;31;34;42,6,1,1,0,0,0,0,0,42,0.325758,8,7.1667,0.174242,0.159091,0.015152,8,5,0,4.6667,8,0.866516,0.044087,0.41342,0.214286,0.879873,0.852463,0,3,6;21;23;24;37;38,2;2;1;8;1;1,6,0,0,5,0,15.5,14.5,1,10,3,2
112000007,2023-01-21,112000006,SEARCH_1117,POST_2023,1;3;5;8;16;21,1;5;16;21;23;25,30,4,1,1,1,1,0,0,41,0.371212,9,6.3333,0.136364,0.136364,0.0,5,5,1,3.6667,8,0.868569,0.045183,0.411255,0.186147,0.888821,0.872783,0,4,1;2;3;6;7;31,7;9;5;8;5;2,1,1,1,1,0,8.0,6.167,0,40,3,10
112000008,2023-01-22,112000007,SEARCH_1117,POST_2023,2;3;5;16;21;23,6;8;10;22;27;29,23,0,0,0,0,0,0,0,42,0.439394,12,7.6667,0.181818,0.136364,0.045455,5,3,0,5.6667,8,0.855245,0.048715,0.441558,0.207792,0.860981,0.795838,0,3,16;17;24;32;33;41,1;2;2;1;1;1,16,0,0,4,0,3.333,7.667,1,5,2,1
112000009,2023-01-23,112000008,SEARCH_1117,POST_2023,2;3;5;10;16;21,7;10;18;23;34;35,9,1,1,0,0,0,0,0,42,0.356061,8,7.1667,0.204545,0.189394,0.015152,5,9,0,4.6667,8,0.856869,0.047441,0.445887,0.199134,0.869365,0.836916,0,4,5;7;9;10;23;47,3;7;4;9;3;0,5,1,3,2,1,4.167,12.667,1,8,3,9
112000010,2023-01-24,112000009,SEARCH_1117,POST_2023,2;5;10;16;21;23,2;4;18;20;30;32,10,1,1,0,0,0,0,0,41,0.310606,10,6.8333,0.166667,0.159091,0.007576,4,4,0,4.6667,8,0.877619,0.040573,0.376623,0.251082,0.868475,0.840908,0,3,5;13;24;44;46;47,4;1;3;0;0;0,5,0,0,4,3,3.333,8.0,1,3,1,0
112000011,2023-01-25,112000010,SEARCH_1117,POST_2023,3;5;9;10;16;23,2;3;8;23;24;27,14,2,1,1,0,0,0,0,40,0.280303,9,6.3333,0.174242,0.166667,0.007576,7,5,0,4.1667,7,0.875849,0.04121,0.391775,0.17316,0.88858,0.850858,0,4,4;6;9;19;30;32,3;5;1;7;3;2,4,0,1,2,0,6.167,4.5,1,43,2,4
112000012,2023-01-26,112000011,SEARCH_1117,POST_2023,3;7;9;10;23;27,10;12;13;21;40;42,49,1,1,0,0,0,0,0,43,0.30303,8,6.0,0.166667,0.136364,0.030303,4,3,0,3.6667,8,0.897937,0.037303,0.361472,0.227273,0.896392,0.867816,0,4,1;12;21;22;23;30,8;2;2;4;2;2,1,0,1,4,0,3.833,8.5,0,43,3,4
112000013,2023-01-27,112000012,SEARCH_1117,POST_2023,5;9;10;23;27;38,4;13;28;33;38;39,42,1,1,0,0,0,0,0,42,0.371212,9,7.0,0.143939,0.128788,0.015152,8,4,0,4.3333,8,0.882289,0.041491,0.387446,0.192641,0.888029,0.856887,0,3,6;11;27;28;34;49,1;2;1;4;8;0,6,0,1,4,1,10.0,14.833,1,21,2,6
112000014,2023-01-28,112000013,SEARCH_1117,POST_2023,1;3;9;10;23;26,1;19;23;30;35;48,45,2,1,1,0,0,0,0,41,0.272727,7,5.6667,0.136364,0.128788,0.007576,3,5,0,3.5,8,0.890911,0.037968,0.359307,0.188312,0.898909,0.863852,0,4,3;6;30;32;36;47,3;1;7;0;1;2,3,0,0,4,1,9.167,8.5,1,15,2,1
112000015,2023-01-29,112000014,SEARCH_1117,POST_2023,5;8;9;10;23;27,2;8;9;15;27;31,42,3,1,1,1,0,0,0,38,0.310606,8,6.5,0.159091,0.151515,0.007576,4,5,0,4.1667,7,0.870247,0.041922,0.383117,0.142857,0.880849,0.848469,0,4,3;4;6;14;26;31,1;4;6;3;7;3,3,0,0,2,0,6.167,8.333,1,16,3,8
112000016,2023-01-30,112000015,SEARCH_1117,POST_2023,2;3;8;10;23;27,7;18;23;39;41;43,25,1,1,0,0,0,0,0,42,0.287879,9,6.0,0.166667,0.159091,0.007576,7,6,0,4.0,8,0.889423,0.038005,0.361472,0.220779,0.894434,0.865842,0,4,1;16;24;27;29;44,0;2;9;5;4;2,1,0,0,4,1,2.333,7.5,0,47,2,6
112000017,2023-01-31,112000016,SEARCH_1117,POST_2023,5;10;18;23;26;34,1;26;33;36;40;42,37,1,1,0,0,0,0,0,42,0.30303,11,7.3333,0.136364,0.136364,0.0,7,6,1,4.8333,8,0.886289,0.039758,0.383117,0.296537,0.883342,0.84306,0,2,5;12;21;27;36;37,2;7;3;2;3;1,5,0,1,4,0,8.667,9.333,1,14,2,3
112000018,2023-02-01,112000017,SEARCH_1117,POST_2023,1;3;10;18;23;27,5;8;19;23;33;46,48,1,1,0,0,0,0,0,43,0.318182,10,6.0,0.136364,0.128788,0.007576,3,3,0,3.8333,8,0.891343,0.038877,0.361472,0.177489,0.888034,0.864015,0,3,1;13;16;29;30;39,2;1;1;10;4;2,1,0,0,3,0,3.5,6.167,0,49,2,2
112000019,2023-02-02,112000018,SEARCH_1117,POST_2023,3;5;10;18;23;27,8;13;19;21;31;45,37,0,0,0,0,0,0,0,39,0.287879,9,6.6667,0.143939,0.143939,0.0,4,4,1,4.3333,7,0.867116,0.042578,0.400433,0.170996,0.878606,0.843981,0,3,7;8;16;21;26;37,4;1;4;3;1;7,7,2,2,3,0,4.0,7.333,1,12,3,3
112000020,2023-02-03,112000019,SEARCH_1117,POST_2023,3;5;8;10;23;27,3;14;25;29;44;45,46,1,1,0,0,0,0,0,42,0.295455,7,6.6667,0.174242,0.174242,0.0,4,6,1,4.6667,8,0.871109,0.042184,0.393939,0.188312,0.885782,0.851368,0,4,3;15;22;31;46;47,5;3;0;0;3;2,3,0,0,4,2,4.5,11.833,1,42,2,2
112000021,2023-02-04,112000020,SEARCH_1117,POST_2023,3;4;6;8;13;23,2;14;20;21;22;49,38,0,0,0,0,0,0,0,41,0.280303,11,6.3333,0.181818,0.159091,0.022727,4,4,0,3.5,7,0.880686,0.039842,0.378788,0.155844,0.888857,0.855051,0,4,12;19;29;32;38;39,2;1;1;3;1;3,12,0,1,4,0,4.833,9.667,1,37,3,1
112000022,2023-02-05,112000021,SEARCH_1117,POST_2023,2;6;8;10;21;23,5;19;25;33;38;42,41,0,0,0,0,0,0,0,41,0.287879,7,7.0,0.143939,0.136364,0.007576,4,3,0,4.5,8,0.875046,0.04121,0.393939,0.21645,0.880795,0.850534,0,4,10;13;23;28;40;45,2;4;0;1;4;1,10,0,1,4,1,5.5,4.5,1,48,2,2
112000023,2023-02-07,112000022,SEARCH_1117,POST_2023,2;4;5;6;19;23,3;8;11;18;28;47,5,0,0,0,0,0,0,0,40,0.287879,7,6.5,0.181818,0.174242,0.007576,4,5,0,4.1667,8,0.862464,0.043299,0.400433,0.164502,0.878449,0.850517,0,4,7;17;20;23;28;35,1;5;2;2;1;4,7,1,1,3,0,5.667,12.5,1,2,2,3
112000024,2023-02-10,112000023,SEARCH_1117,POST_2023,5;6;8;18;19;23,7;11;24;28;33;46,3,0,0,0,0,0,0,0,43,0.310606,8,7.1667,0.19697,0.181818,0.015152,9,4,0,4.5,8,0.876709,0.0418,0.391775,0.203463,0.883482,0.853135,0,3,10;23;31;37;38;42,4;1;2;1;3;1,10,0,1,5,0,4.667,5.167,1,13,1,0
112000025,2023-02-14,112000024,SEARCH_1117,POST_2023,6;7;8;19;21;23,11;22;23;30;31;49,14,1,1,0,0,0,0,0,40,0.333333,9,7.6667,0.204545,0.151515,0.05303,9,5,0,4.1667,7,0.868844,0.043684,0.419913,0.257576,0.869986,0.863705,0,3,6;17;23;30;40;44,2;2;9;0;3;2,6,0,0,4,1,5.667,5.5,1,32,2,1
112000026,2023-02-17,112000025,SEARCH_1117,POST_2023,6;8;11;19;21;23,7;9;14;16;26;33,27,0,0,0,0,0,0,0,43,0.401515,10,8.3333,0.19697,0.098485,0.098485,8,4,0,4.6667,8,0.867438,0.047628,0.463203,0.285714,0.860286,0.851284,0,3,11;15;20;33;34;44,2;3;0;2;1;4,11,0,1,3,1,5.333,8.0,1,35,2,3
112000027,2023-02-21,112000026,SEARCH_1117,POST_2023,4;6;7;8;19;23,1;5;6;11;26;46,41,1,1,0,0,0,0,0,41,0.386364,10,6.8333,0.181818,0.174242,0.007576,5,7,0,4.3333,8,0.861798,0.045642,0.411255,0.225108,0.874761,0.851805,0,4,4;8;12;14;35;41,2;2;5;5;1;1,4,1,2,2,0,7.5,6.667,1,33,2,1
112000028,2023-02-24,112000027,SEARCH_1117,POST_2023,4;5;8;11;19;23,15;38;39;40;45;48,2,0,0,0,0,0,0,0,42,0.340909,9,7.8333,0.19697,0.166667,0.030303,5,5,0,4.5,8,0.860678,0.046513,0.443723,0.255411,0.861491,0.849346,0,4,15;16;26;36;46;49,2;4;5;0;2;0,15,0,0,4,2,5.167,10.667,1,13,2,1
112000029,2023-02-28,112000028,SEARCH_1117,POST_2023,4;5;8;11;19;23,2;11;25;26;27;35,10,1,1,0,0,0,0,0,44,0.325758,9,6.8333,0.174242,0.159091,0.015152,6,4,0,4.1667,6,0.877322,0.042081,0.396104,0.186147,0.885962,0.869689,0,4,6;10;15;21;34;39,3;6;1;1;4;3,6,0,1,3,0,6.167,8.0,1,14,3,4
112000030,2023-03-03,112000029,SEARCH_1117,POST_2023,4;5;8;11;19;21,13;16;18;22;34;42,14,0,0,0,0,0,0,0,44,0.340909,10,6.5,0.174242,0.174242,0.0,4,7,1,4.5,7,0.881027,0.041931,0.393939,0.238095,0.887277,0.849624,0,4,20;24;27;30;34;47,1;0;1;1;3;1,20,0,0,5,1,7.5,9.333,1,19,1,0
112000031,2023-03-07,112000030,SEARCH_1117,POST_2023,4;8;11;18;21;22,13;17;23;25;32;41,16,0,0,0,0,0,0,0,43,0.25,7,6.0,0.166667,0.143939,0.022727,6,5,0,4.5,8,0.894919,0.036722,0.34632,0.231602,0.891507,0.857702,0,3,9;10;17;32;34;35,2;5;6;1;2;2,9,0,2,3,0,6.667,11.833,1,28,2,3
112000032,2023-03-10,112000031,SEARCH_1117,POST_2023,4;11;19;21;22;23,15;19;29;32;39;40,35,1,1,0,0,0,0,0,40,0.242424,6,7.0,0.166667,0.151515,0.015152,7,4,0,4.5,7,0.880107,0.038605,0.361472,0.194805,0.884193,0.849939,0,2,2;20;27;30;43;46,0;7;2;2;4;0,2,0,0,4,2,7.667,5.833,1,28,2,5
112000033,2023-03-14,112000032,SEARCH_1117,POST_2023,4;8;11;19;21;23,3;4;11;12;20;37,5,2,1,1,0,0,0,0,41,0.272727,7,6.8333,0.159091,0.136364,0.022727,5,3,0,4.3333,7,0.884805,0.038708,0.376623,0.207792,0.886267,0.8636,0,3,2;6;8;10;12;14,2;6;5;3;3;7,2,1,3,0,0,8.167,18.167,1,21,4,8
112000034,2023-03-17,112000033,SEARCH_1117,POST_2023,7;8;11;13;21;23,6;7;10;24;29;40,16,1,1,0,0,0,0,0,41,0.325758,9,6.6667,0.143939,0.143939,0.0,4,5,1,4.3333,7,0.881016,0.04031,0.374459,0.229437,0.878803,0.85223,0,3,5;11;19;28;30;44,1;4;3;3;0;5,5,0,1,3,1,6.5,8.5,1,43,2,4
112000035,2023-03-21,112000034,SEARCH_1117,POST_2023,8;9;11;19;22;23,3;11;20;30;41;45,28,1,1,0,0,0,0,0,39,0.287879,7,6.0,0.151515,0.151515,0.0,4,5,1,3.5,7,0.882695,0.037621,0.339827,0.218615,0.88263,0.84943,0,3,4;27;29;33;40;48,0;5;1;3;0;2,4,0,0,5,2,5.833,4.5,1,9,2,1
112000036,2023-03-24,112000035,SEARCH_1117,POST_2023,3;8;11;23;37;43,2;14;26;34;40;46,13,0,0,0,0,0,0,0,39,0.30303,9,7.1667,0.151515,0.143939,0.007576,8,5,0,4.5,8,0.870602,0.041959,0.387446,0.229437,0.873949,0.832283,1,3,23;25;30;39;40;48,0;2;1;1;8;0,23,0,0,6,2,7.167,6.833,1,22,2,1
112000037,2023-03-28,112000036,SEARCH_1117,POST_2023,2;8;11;23;36;43,3;10;26;35;37;44,15,0,0,0,0,0,0,0,37,0.280303,9,7.5,0.166667,0.159091,0.007576,9,8,0,4.1667,9,0.858096,0.042906,0.393939,0.218615,0.854362,0.836176,1,3,10;11;12;17;30;39,3;0;5;1;3;6,10,0,3,2,1,10.667,5.833,1,25,2,4
112000038,2023-03-31,112000037,SEARCH_1117,POST_2023,2;3;8;11;26;36,10;22;26;29;45;47,41,1,1,0,0,0,0,0,37,0.333333,11,7.3333,0.174242,0.166667,0.007576,7,7,0,4.8333,8,0.835188,0.048659,0.428571,0.151515,0.84529,0.817099,0,4,6;10;11;20;31;32,4;5;7;1;1;7,6,0,2,2,0,7.167,5.333,1,28,2,6
112000039,2023-04-04,112000038,SEARCH_1117,POST_2023,3;8;10;11;22;36,10;19;21;33;35;47,9,1,1,0,0,0,0,0,39,0.30303,8,7.0,0.174242,0.159091,0.015152,7,4,0,4.8333,8,0.866956,0.042625,0.400433,0.248918,0.863374,0.833323,0,4,1;13;26;28;33;37,8;1;3;1;1;1,1,0,0,4,0,7.667,7.0,0,12,2,1
112000040,2023-04-07,112000039,SEARCH_1117,POST_2023,8;10;11;17;23;36,4;11;20;25;32;39,30,1,1,0,0,0,0,0,37,0.378788,10,6.8333,0.166667,0.159091,0.007576,6,5,0,4.1667,7,0.851909,0.044255,0.378788,0.170996,0.861905,0.826625,0,3,3;26;38;43;45;47,0;6;0;0;1;0,3,0,0,5,4,10.667,7.0,1,28,1,0
112000041,2023-04-11,112000040,SEARCH_1117,POST_2023,3;8;10;11;22;36,9;12;30;31;33;37,25,0,0,0,0,0,0,0,42,0.363636,11,6.8333,0.174242,0.166667,0.007576,6,4,0,4.6667,8,0.876218,0.042325,0.393939,0.244589,0.874944,0.842022,0,4,15;20;22;25;32;38,2;1;2;2;1;3,15,0,0,4,0,8.667,8.5,1,21,2,2
112000042,2023-04-14,112000041,SEARCH_1117,POST_2023,3;8;10;11;17;23,10;22;23;35;46;49,2,2,1,1,0,0,0,0,42,0.333333,10,6.6667,0.166667,0.166667,0.0,7,6,1,4.3333,7,0.876372,0.041819,0.385281,0.212121,0.87161,0.843145,0,4,2;6;8;32;33;49,8;5;7;1;0;4,2,1,1,3,1,8.5,7.333,1,24,3,6
112000043,2023-04-18,112000042,SEARCH_1117,POST_2023,10;11;17;22;23;28,6;8;10;28;41;43,45,2,1,1,0,0,0,0,45,0.424242,11,6.8333,0.136364,0.136364,0.0,4,3,1,4.8333,8,0.882381,0.04493,0.402597,0.300866,0.87887,0.847396,0,2,1;6;9;12;21;34,2;2;11;4;2;8,1,0,2,2,0,6.167,14.0,0,31,4,7
112000044,2023-04-21,112000043,SEARCH_1117,POST_2023,10;11;17;22;23;36,7;11;23;25;27;43,5,2,1,1,0,0,0,0,43,0.401515,11,7.5,0.143939,0.136364,0.007576,5,3,0,4.5,8,0.877062,0.04419,0.406926,0.281385,0.873689,0.844376,0,2,3;6;17;18;26;47,2;8;5;0;2;4,3,0,0,2,1,8.167,6.0,1,9,2,5
112000045,2023-04-25,112000044,SEARCH_1117,POST_2023,2;10;11;17;23;36,5;12;13;27;28;41,37,0,0,0,0,0,0,0,43,0.265152,8,7.1667,0.174242,0.151515,0.022727,4,4,0,4.5,8,0.885693,0.039242,0.374459,0.274892,0.87905,0.849568,0,3,17;22;30;32;35;49,2;1;1;2;2;0,17,0,0,5,1,9.167,6.833,1,10,2,1
112000046,2023-04-28,112000045,SEARCH_1117,POST_2023,8;10;11;17;22;23,5;31;38;41;43;47,28,0,0,0,0,0,0,0,44,0.318182,9,7.1667,0.189394,0.181818,0.007576,7,8,0,4.3333,6,0.890328,0.04046,0.396104,0.272727,0.882047,0.864891,0,3,9;15;20;31;40;44,3;2;4;2;1;1,9,0,1,3,0,4.833,5.667,1,48,2,2
112000047,2023-05-02,112000046,SEARCH_1117,POST_2023,1;5;10;11;23;36,8;9;14;37;42;46,10,0,0,0,0,0,0,0,37,0.287879,8,7.3333,0.174242,0.166667,0.007576,7,5,0,4.3333,7,0.84976,0.044302,0.393939,0.108225,0.868962,0.830065,0,4,7;14;20;32;42;49,5;0;1;4;2;0,7,1,1,3,2,10.167,8.167,1,5,2,1
112000048,2023-05-05,112000047,SEARCH_1117,POST_2023,1;5;8;11;22;23,10;13;16;19;21;48,30,0,0,0,0,0,0,0,41,0.318182,7,7.0,0.181818,0.166667,0.015152,8,5,0,4.0,8,0.874702,0.042606,0.404762,0.270563,0.876286,0.866301,0,4,8;10;15;16;23;38,5;1;4;2;2;4,8,1,2,2,0,6.333,10.667,1,39,2,3
112000049,2023-05-09,112000048,SEARCH_1117,POST_2023,1;8;10;17;22;36,1;21;22;29;31;44,3,2,1,1,0,0,0,0,44,0.310606,9,7.3333,0.159091,0.151515,0.007576,7,5,0,4.1667,7,0.886521,0.04076,0.393939,0.294372,0.887883,0.872076,0,3,2;6;12;13;27;40,6;4;7;2;1;4,2,0,1,2,0,13.667,9.333,1,24,2,8
112000050,2023-05-12,112000049,SEARCH_1117,POST_2023,2;5;8;10;15;17,2;7;9;18;20;48,14,1,1,0,0,0,0,0,44,0.30303,9,5.6667,0.159091,0.143939,0.015152,4,6,0,3.6667,7,0.893272,0.038371,0.361472,0.207792,0.891627,0.86464,0,4,2;12;14;18;34;45,5;0;3;4;3;2,2,0,1,2,1,10.0,9.167,1,19,2,6
112000051,2023-05-16,112000050,SEARCH_1117,POST_2023,6;10;15;17;19;21,1;19;26;34;38;43,48,1,1,0,0,0,0,0,45,0.30303,8,6.6667,0.174242,0.166667,0.007576,7,4,0,4.3333,8,0.88865,0.039795,0.374459,0.290043,0.886974,0.875598,0,2,3;8;21;22;33;46,0;7;1;6;3;3,3,1,1,4,1,9.167,7.167,1,45,3,5
112000052,2023-05-19,112000051,SEARCH_1117,POST_2023,3;4;10;11;19;21,5;8;9;35;38;44,31,0,0,0,0,0,0,0,41,0.257576,6,6.6667,0.212121,0.212121,0.0,7,6,1,4.5,7,0.856791,0.044358,0.402597,0.186147,0.866922,0.849159,0,4,13;22;25;28;42;48,0;3;1;2;0;2,13,0,0,5,2,7.167,4.5,1,37,1,0
112000053,2023-05-23,112000052,SEARCH_1117,POST_2023,4;5;8;10;11;19,5;20;23;38;44;46,33,1,1,0,0,0,0,0,38,0.295455,7,6.3333,0.159091,0.151515,0.007576,5,4,0,4.3333,7,0.861796,0.041903,0.376623,0.170996,0.879434,0.839034,0,5,1;12;29;35;41;49,7;0;6;1;2;0,1,0,1,4,2,5.167,3.5,0,46,2,5
112000054,2023-05-26,112000053,SEARCH_1117,POST_2023,4;5;8;11;15;17,5;10;12;15;30;36,26,2,1,1,0,0,0,0,42,0.386364,9,6.8333,0.166667,0.159091,0.007576,7,6,0,4.3333,8,0.867424,0.044021,0.396104,0.194805,0.87929,0.851883,0,4,1;3;7;10;21;44,9;6;0;6;3;8,1,1,2,2,1,12.0,14.667,0,11,2,12
112000055,2023-05-30,112000054,SEARCH_1117,POST_2023,4;5;8;10;11;23,5;6;9;29;43;45,27,1,1,0,0,0,0,0,43,0.325758,8,7.5,0.174242,0.151515,0.022727,5,6,0,4.6667,7,0.873566,0.044246,0.428571,0.238095,0.884618,0.853744,0,5,1;9;11;13;32;42,8;3;3;1;4;3,1,0,2,2,0,5.5,7.167,0,8,3,2
112000056,2023-06-02,112000055,SEARCH_1117,POST_2023,4;5;8;10;17;23,1;5;13;16;23;34,49,2,1,1,0,0,0,0,47,0.371212,9,7.1667,0.181818,0.136364,0.045455,7,6,0,4.1667,7,0.887268,0.043862,0.428571,0.277056,0.884848,0.861634,0,4,1;6;12;21;25;49,1;9;2;0;7;2,1,0,1,3,1,8.5,5.0,0,27,2,8
112000057,2023-06-06,112000056,SEARCH_1117,POST_2023,4;5;8;10;11;17,8;13;27;30;41;43,18,1,1,0,0,0,0,0,40,0.333333,8,6.3333,0.159091,0.159091,0.0,7,7,1,4.0,7,0.884132,0.03928,0.363636,0.218615,0.882497,0.835476,0,5,2;11;12;14;33;36,6;5;3;2;2;5,2,0,2,2,0,10.833,5.667,1,25,2,8
112000058,2023-06-09,112000057,SEARCH_1117,POST_2023,4;5;8;10;17;23,30;32;36;38;46;49,26,0,0,0,0,0,0,0,42,0.424242,10,7.1667,0.166667,0.159091,0.007576,5,5,0,4.5,8,0.856208,0.049624,0.435065,0.231602,0.86468,0.832531,0,4,15;24;28;35;36;41,1;2;3;4;3;4,15,0,0,5,0,9.0,8.167,1,32,3,6
112000059,2023-06-13,112000058,SEARCH_1117,POST_2023,4;5;8;10;11;17,1;6;8;9;10;21,2,2,1,1,0,0,0,0,42,0.363636,9,7.0,0.174242,0.151515,0.022727,6,6,0,4.1667,8,0.862421,0.045567,0.424242,0.233766,0.87918,0.853765,0,5,2;3;11;16;20;29,1;2;7;1;7;5,2,0,1,1,0,12.0,4.667,1,43,2,8
112000060,2023-06-16,112000059,SEARCH_1117,POST_2023,4;5;8;10;17;23,2;21;22;30;33;41,42,0,0,0,0,0,0,0,42,0.30303,9,6.8333,0.174242,0.143939,0.030303,7,4,0,4.8333,8,0.884906,0.039926,0.380952,0.229437,0.889088,0.842567,0,4,17;19;27;29;38;46,2;1;0;2;2;3,17,0,0,4,1,9.833,7.667,1,21,2,2
112000061,2023-06-20,112000060,SEARCH_1117,POST_2023,4;5;8;10;17;38,5;15;32;34;37;41,11,1,1,0,0,0,0,0,43,0.287879,8,6.1667,0.143939,0.136364,0.007576,5,6,0,4.3333,8,0.897304,0.037649,0.361472,0.270563,0.896709,0.856813,0,4,2;9;18;20;38;48,7;2;1;0;3;3,2,0,1,2,1,10.5,5.833,1,17,2,2
112000062,2023-06-23,112000061,SEARCH_1117,POST_2023,3;4;5;8;10;17,4;8;23;31;42;49,16,2,1,1,0,0,0,0,44,0.477273,11,6.8333,0.136364,0.121212,0.015152,3,5,0,4.3333,8,0.873908,0.047769,0.4329,0.268398,0.885002,0.871536,0,5,2;5;8;19;44;48,6;7;5;0;3;1,2,1,1,2,1,14.167,10.5,1,13,2,5
112000063,2023-06-27,112000062,SEARCH_1117,POST_2023,3;4;5;8;17;23,13;24;30;37;43;44,4,0,0,0,0,0,0,0,40,0.401515,9,7.3333,0.166667,0.159091,0.007576,4,6,0,4.6667,8,0.8513,0.049812,0.437229,0.203463,0.863584,0.835743,0,4,10;19;24;28;34;42,0;7;3;1;2;2,10,0,1,4,1,10.5,9.333,1,5,2,1
112000064,2023-06-30,112000063,SEARCH_1117,POST_2023,5;8;11;12;17;30,6;22;26;29;32;43,38,0,0,0,0,0,0,0,39,0.44697,10,7.8333,0.174242,0.166667,0.007576,10,6,0,4.6667,7,0.838388,0.051348,0.430736,0.203463,0.854684,0.818253,0,4,15;27;29;30;41;45,0;0;1;2;1;5,15,0,0,5,2,11.5,5.833,1,32,2,1
112000065,2023-07-04,112000064,SEARCH_1117,POST_2023,4;5;6;8;17;23,6;12;15;16;24;41,21,1,1,0,0,0,0,0,40,0.401515,9,6.5,0.151515,0.143939,0.007576,5,10,0,3.8333,7,0.859363,0.046541,0.411255,0.201299,0.871698,0.828435,0,4,3;12;13;19;21;42,5;2;0;3;4;4,3,0,1,2,1,8.0,5.167,1,43,2,5
112000066,2023-07-07,112000065,SEARCH_1117,POST_2023,5;6;8;17;41;43,3;6;15;21;24;33,14,1,1,0,0,0,0,0,44,0.393939,9,8.0,0.159091,0.151515,0.007576,10,5,0,4.6667,9,0.887544,0.04151,0.376623,0.292208,0.870951,0.842921,1,3,3;10;21;24;35;43,3;5;1;1;2;2,3,0,1,4,0,8.0,7.333,1,29,2,1
112000067,2023-07-11,112000066,SEARCH_1117,POST_2023,5;6;8;11;17;18,10;21;26;34;48;49,39,0,0,0,0,0,0,0,44,0.393939,9,6.8333,0.159091,0.136364,0.022727,6,3,0,4.0,8,0.890121,0.042156,0.402597,0.311688,0.887067,0.868314,0,4,8;10;25;36;37;44,3;1;4;3;4;2,8,1,2,4,0,14.667,6.667,1,22,3,4
112000068,2023-07-14,112000067,SEARCH_1117,POST_2023,5;6;8;10;17;21,10;15;17;33;34;45,36,2,1,1,0,0,0,0,43,0.340909,10,6.8333,0.174242,0.151515,0.022727,4,6,0,4.3333,8,0.884261,0.041444,0.402597,0.253247,0.877635,0.835538,0,4,1;3;19;29;32;40,10;1;6;3;2;3,1,0,0,3,0,9.0,9.333,0,16,2,5
112000069,2023-07-18,112000068,SEARCH_1117,POST_2023,5;6;10;11;15;21,4;5;16;19;34;40,10,1,1,0,0,0,0,0,41,0.44697,12,7.5,0.19697,0.159091,0.037879,6,6,0,5.0,7,0.855974,0.048837,0.437229,0.24026,0.857495,0.831521,0,4,2;9;21;28;34;45,3;6;0;2;3;4,2,0,1,4,1,6.667,11.833,1,1,2,2
112000070,2023-07-21,112000069,SEARCH_1117,POST_2023,4;5;6;10;11;21,3;15;35;39;41;49,38,0,0,0,0,0,0,0,38,0.378788,9,6.3333,0.166667,0.143939,0.022727,7,6,0,4.6667,7,0.862057,0.043243,0.383117,0.233766,0.868571,0.805679,0,5,9;10;15;28;37;40,0;4;1;8;9;2,9,0,2,3,1,6.167,10.333,1,47,3,5
112000071,2023-07-25,112000070,SEARCH_1117,POST_2023,5;6;10;11;14;17,12;17;28;33;40;45,39,1,1,0,0,0,0,0,41,0.310606,8,6.3333,0.143939,0.136364,0.007576,5,5,0,4.0,8,0.868506,0.042316,0.38961,0.190476,0.879464,0.847756,0,4,6;14;29;30;40;44,0;5;6;1;1;2,6,0,0,4,1,10.667,7.167,1,34,2,4
112000072,2023-07-28,112000071,SEARCH_1117,POST_2023,5;10;11;14;15;33,1;3;22;25;34;44,32,0,0,0,0,0,0,0,42,0.30303,7,6.3333,0.143939,0.136364,0.007576,6,3,0,4.0,7,0.885032,0.039626,0.365801,0.162338,0.885634,0.859757,0,3,13;19;23;31;34;43,0;1;1;3;6;1,13,0,0,4,1,10.5,10.5,1,47,2,1
112000073,2023-08-01,112000072,SEARCH_1117,POST_2023,5;6;10;11;14;15,11;26;37;38;40;41,28,1,1,0,0,0,0,0,40,0.257576,6,5.8333,0.166667,0.136364,0.030303,5,3,0,4.0,7,0.888414,0.037715,0.363636,0.248918,0.886777,0.853194,0,4,3;16;18;26;32;47,8;4;0;2;2;7,3,0,0,3,1,12.333,10.833,1,45,3,5
112000074,2023-08-04,112000073,SEARCH_1117,POST_2023,5;10;11;14;26;34,6;10;21;34;38;41,47,2,1,1,0,0,0,0,41,0.257576,7,6.8333,0.151515,0.143939,0.007576,9,6,0,4.6667,8,0.891771,0.037181,0.348485,0.257576,0.872545,0.85079,0,3,3;6;8;9;19;28,3;6;2;9;2;8,3,1,2,1,0,7.0,4.167,1,21,3,10
112000075,2023-08-08,112000074,SEARCH_1117,POST_2023,5;6;10;14;15;34,11;26;28;30;41;45,22,0,0,0,0,0,0,0,40,0.371212,10,7.5,0.189394,0.151515,0.037879,5,6,0,5.0,7,0.86434,0.044489,0.411255,0.253247,0.852096,0.815233,0,3,10;12;25;32;35;45,1;5;2;0;9;2,10,0,2,4,1,7.0,4.167,1,20,3,5
112000076,2023-08-11,112000075,SEARCH_1117,POST_2023,5;6;10;14;17;26,8;27;34;38;39;47,30,0,0,0,0,0,0,0,39,0.287879,8,6.6667,0.159091,0.159091,0.0,4,10,1,4.3333,7,0.866059,0.042269,0.38961,0.212121,0.854598,0.844458,0,3,10;14;18;21;35;38,2;1;7;4;1;7,10,0,1,3,0,7.667,12.167,1,31,2,4
112000077,2023-08-15,112000076,SEARCH_1117,POST_2023,5;6;7;10;14;26,10;22;26;30;34;43,41,2,1,1,0,0,0,0,41,0.30303,8,7.0,0.204545,0.204545,0.0,6,9,1,4.3333,8,0.861046,0.044564,0.417749,0.248918,0.85743,0.839235,0,4,1;3;7;26;34;43,8;0;9;1;9;2,1,1,1,3,1,12.167,4.333,0,9,3,9
112000078,2023-08-18,112000077,SEARCH_1117,POST_2023,7;10;14;26;34;41,13;19;21;24;41;45,44,1,1,0,0,0,0,0,40,0.454545,12,9.3333,0.159091,0.136364,0.022727,9,3,0,5.3333,7,0.840004,0.053213,0.474026,0.218615,0.819717,0.80273,0,2,6;28;29;30;31;37,1;1;1;1;9;3,6,0,0,5,0,10.833,7.667,1,33,2,3
112000079,2023-08-22,112000078,SEARCH_1117,POST_2023,7;10;14;21;26;34,2;19;26;34;43;46,31,2,1,1,0,0,0,0,39,0.393939,9,7.8333,0.189394,0.159091,0.030303,7,10,0,4.6667,7,0.848927,0.048031,0.443723,0.21645,0.848007,0.823504,0,2,2;4;25;27;35;38,1;1;9;9;3;1,2,0,0,4,0,11.333,7.833,1,24,3,8
112000080,2023-08-25,112000079,SEARCH_1117,POST_2023,7;10;14;26;34;41,2;10;20;31;33;46,24,1,1,0,0,0,0,0,39,0.424242,11,8.8333,0.204545,0.128788,0.075758,6,6,0,5.0,7,0.838541,0.05177,0.47619,0.261905,0.832632,0.804391,0,2,1;8;18;19;46;49,3;11;3;2;0;0,1,1,1,2,2,11.667,9.833,0,32,2,1
112000081,2023-08-29,112000080,SEARCH_1117,POST_2023,7;10;14;26;34;41,6;7;10;22;41;42,31,3,1,1,1,0,0,0,38,0.409091,10,8.5,0.181818,0.166667,0.015152,9,6,0,4.8333,7,0.840867,0.049877,0.445887,0.177489,0.836767,0.809655,0,2,1;2;6;12;17;40,0;7;10;2;9;5,1,0,1,1,1,12.167,10.833,0,31,2,13
112000082,2023-09-01,112000081,SEARCH_1117,POST_2023,6;10;14;26;34;41,1;19;26;34;45;49,37,2,1,1,0,0,0,0,42,0.409091,10,9.0,0.159091,0.143939,0.015152,6,6,0,5.3333,7,0.860748,0.047404,0.437229,0.285714,0.836521,0.809268,0,2,2;3;12;32;34;42,2;1;10;10;3;1,2,0,1,3,0,7.333,5.833,1,48,3,11
112000083,2023-09-05,112000082,SEARCH_1117,POST_2023,10;14;18;26;34;41,12;14;32;34;40;48,39,2,1,1,0,0,0,0,42,0.386364,9,8.6667,0.181818,0.166667,0.015152,9,4,0,4.8333,7,0.856643,0.048247,0.452381,0.300866,0.842775,0.831714,0,1,3;4;30;31;38;39,1;7;1;9;2;2,3,0,0,4,0,12.5,15.667,1,29,2,3
112000084,2023-09-08,112000083,SEARCH_1117,POST_2023,4;5;10;26;34;41,14;20;23;33;34;40,24,1,1,0,0,0,0,0,42,0.393939,9,8.1667,0.151515,0.143939,0.007576,4,6,0,4.5,7,0.853316,0.048603,0.441558,0.199134,0.843655,0.828765,0,3,4;10;18;26;37;39,3;1;3;1;9;1,4,0,1,3,0,6.5,5.5,1,30,2,2
112000085,2023-09-12,112000084,SEARCH_1117,POST_2023,4;10;18;26;34;41,21;22;26;33;34;35,46,2,1,1,0,0,0,0,42,0.378788,10,8.3333,0.181818,0.166667,0.015152,9,4,0,4.6667,7,0.857422,0.04776,0.441558,0.348485,0.825166,0.816687,0,2,2;3;14;32;38;46,0;2;10;2;9;1,2,0,0,3,1,10.5,5.167,1,35,3,11
112000086,2023-09-15,112000085,SEARCH_1117,POST_2023,4;10;21;22;26;34,12;16;19;30;37;39,14,0,0,0,0,0,0,0,37,0.393939,9,8.3333,0.227273,0.151515,0.075758,10,7,0,5.1667,8,0.831523,0.050777,0.463203,0.242424,0.81984,0.778593,0,2,29;31;40;42;43;47,0;0;0;1;0;2,29,0,0,6,4,4.333,9.333,1,41,1,0
112000087,2023-09-19,112000086,SEARCH_1117,POST_2023,4;10;21;22;26;34,3;16;24;35;37;41,27,0,0,0,0,0,0,0,42,0.30303,7,7.5,0.219697,0.136364,0.083333,7,8,0,4.8333,8,0.868288,0.04419,0.4329,0.298701,0.843805,0.815192,0,2,7;20;22;28;31;39,1;1;2;1;1;8,7,1,1,4,0,5.333,5.667,1,32,2,1
112000088,2023-09-22,112000087,SEARCH_1117,POST_2023,4;10;18;21;26;34,2;13;32;36;38;43,34,0,0,0,0,0,0,0,41,0.287879,7,8.0,0.151515,0.136364,0.015152,7,8,0,4.6667,7,0.868392,0.043534,0.417749,0.233766,0.848612,0.821277,0,2,8;17;18;24;45;47,3;2;0;6;0;6,8,1,1,3,2,12.167,12.333,1,4,4,2
112000089,2023-09-26,112000088,SEARCH_1117,POST_2023,2;4;5;10;21;34,9;14;26;37;38;39,8,0,0,0,0,0,0,0,39,0.348485,9,6.5,0.166667,0.143939,0.022727,4,9,0,4.0,7,0.865204,0.04314,0.396104,0.162338,0.85831,0.823918,0,4,11;16;19;26;46;47,3;3;4;0;2;0,11,0,1,3,2,9.5,7.5,1,29,1,0
112000090,2023-09-29,112000089,SEARCH_1117,POST_2023,4;10;14;18;26;34,6;9;18;35;38;48,25,1,1,0,0,0,0,0,40,0.287879,10,7.1667,0.166667,0.166667,0.0,7,5,1,4.3333,7,0.868558,0.042278,0.396104,0.24026,0.85966,0.833968,0,2,6;11;13;27;37;40,1;3;7;1;5;1,6,0,1,3,0,12.833,10.167,1,24,2,2
112000091,2023-10-03,112000090,SEARCH_1117,POST_2023,4;6;7;10;26;34,3;22;29;31;40;44,48,0,0,0,0,0,0,0,42,0.295455,8,6.6667,0.143939,0.143939,0.0,4,4,1,4.0,7,0.8748,0.042156,0.400433,0.231602,0.867881,0.839885,0,4,20;26;28;33;40;49,1;2;5;1;0;1,20,0,0,5,1,8.5,12.333,1,41,2,2
112000092,2023-10-06,112000091,SEARCH_1117,POST_2023,4;7;10;11;26;34,6;16;21;27;30;49,26,0,0,0,0,0,0,0,40,0.333333,11,7.0,0.136364,0.136364,0.0,5,3,1,4.3333,7,0.863474,0.044133,0.404762,0.179654,0.866461,0.832472,0,4,22;26;29;40;45;46,1;2;1;0;0;1,22,0,0,6,2,12.0,7.667,1,3,1,0
112000093,2023-10-10,112000092,SEARCH_1117,POST_2023,4;5;6;10;21;34,3;8;17;33;34;48,11,1,1,0,0,0,0,0,39,0.333333,9,6.8333,0.143939,0.136364,0.007576,5,5,0,4.3333,8,0.858483,0.044386,0.402597,0.175325,0.858224,0.81213,0,4,4;11;17;20;37;41,0;2;6;5;9;1,4,0,1,2,1,11.667,10.0,1,14,2,3
112000094,2023-10-13,112000093,SEARCH_1117,POST_2023,3;4;10;21;26;34,1;9;13;14;28;30,31,0,0,0,0,0,0,0,41,0.310606,9,7.0,0.181818,0.151515,0.030303,5,4,0,4.3333,8,0.869232,0.04254,0.393939,0.201299,0.861566,0.827622,0,3,24;25;28;32;43;44,1;1;0;0;3;1,24,0,0,6,2,7.833,8.0,1,46,2,1
112000095,2023-10-17,112000094,SEARCH_1117,POST_2023,4;7;10;21;26;34,5;12;13;20;24;34,27,1,1,0,0,0,0,0,42,0.295455,8,7.1667,0.159091,0.151515,0.007576,4,9,0,3.8333,7,0.869629,0.042793,0.402597,0.253247,0.847495,0.840035,0,3,3;14;22;25;34;35,3;2;2;1;1;11,3,0,0,4,0,10.833,9.5,1,38,3,2
112000096,2023-10-20,112000095,SEARCH_1117,POST_2023,4;7;10;21;26;34,32;37;38;39;40;44,24,0,0,0,0,0,0,0,38,0.295455,8,7.1667,0.181818,0.181818,0.0,5,9,1,3.8333,7,0.844684,0.045848,0.404762,0.21645,0.836034,0.822812,0,3,10;20;43;46;47;48,0;0;6;0;0;2,10,0,1,4,4,11.5,6.333,1,22,2,1
112000097,2023-10-24,112000096,SEARCH_1117,POST_2023,4;7;21;26;34;38,7;29;34;41;43;49,22,2,1,1,0,0,0,0,41,0.272727,6,6.6667,0.151515,0.151515,0.0,4,5,1,4.0,6,0.88963,0.038183,0.363636,0.257576,0.860226,0.843193,0,2,4;6;8;25;39;41,4;1;8;9;2;1,4,1,1,3,0,10.0,8.0,1,36,2,6
112000098,2023-10-27,112000097,SEARCH_1117,POST_2023,4;11;18;21;34;38,6;15;22;27;28;31,24,0,0,0,0,0,0,0,37,0.310606,7,6.8333,0.181818,0.174242,0.007576,5,6,0,4.5,7,0.864737,0.041585,0.378788,0.272727,0.854231,0.830802,0,2,14;24;26;30;45;46,1;4;1;2;0;0,14,0,0,5,2,11.5,9.667,1,44,2,1
112000099,2023-10-31,112000098,SEARCH_1117,POST_2023,4;6;11;26;34;38,2;10;18;36;42;47,24,0,0,0,0,0,0,0,38,0.30303,7,7.1667,0.166667,0.166667,0.0,5,8,1,4.6667,7,0.864893,0.042559,0.393939,0.183983,0.85746,0.822962,0,3,8;11;13;17;18;31,2;3;6;1;4;8,8,1,2,1,0,11.667,15.0,1,45,3,8
112000100,2023-11-03,112000099,SEARCH_1117,POST_2023,4;6;11;26;34;38,8;20;24;28;40;48,3,0,0,0,0,0,0,0,43,0.265152,6,7.0,0.189394,0.159091,0.030303,6,4,0,4.6667,7,0.892747,0.038418,0.367965,0.305195,0.865988,0.84282,0,3,18;24;42;47;48;49,1;0;0;1;2;0,18,0,0,5,3,12.667,5.0,1,45,1,0
112000101,2023-11-07,112000100,SEARCH_1117,POST_2023,4;6;26;34;38;41,7;8;21;41;44;47,13,1,1,0,0,0,0,0,42,0.272727,6,7.3333,0.181818,0.166667,0.015152,9,5,0,4.5,7,0.894308,0.037443,0.363636,0.305195,0.874734,0.854034,0,2,6;9;10;29;35;36,3;3;1;9;1;6,6,0,2,3,0,10.0,4.167,1,39,2,6
112000102,2023-11-10,112000101,SEARCH_1117,POST_2023,4;6;11;34;38;41,2;4;6;8;11;31,26,3,1,1,1,0,0,0,41,0.310606,7,7.1667,0.166667,0.166667,0.0,5,6,1,4.6667,7,0.886896,0.038999,0.363636,0.248918,0.873357,0.847695,0,3,1;5;6;11;14;48,2;7;5;3;5;0,1,0,1,1,1,12.667,12.0,0,24,2,8
112000103,2023-11-14,112000102,SEARCH_1117,POST_2023,2;6;10;17;34;41,6;12;15;30;38;43,41,1,1,0,0,0,0,0,44,0.295455,8,6.3333,0.136364,0.121212,0.015152,5,3,0,4.5,8,0.908355,0.035091,0.331169,0.307359,0.894119,0.855755,0,3,1;8;9;20;31;32,8;1;2;5;5;3,1,1,2,2,0,4.0,6.0,0,5,3,7
112000104,2023-11-17,112000103,SEARCH_1117,POST_2023,6;10;17;30;34;41,15;30;31;34;40;45,47,2,1,1,0,0,0,0,41,0.393939,10,7.0,0.136364,0.136364,0.0,5,4,1,4.6667,7,0.885817,0.040095,0.352814,0.242424,0.874253,0.832287,0,2,3;5;22;26;27;28,2;7;3;6;2;2,3,0,0,4,0,4.667,6.167,1,36,2,6
112000105,2023-11-21,112000104,SEARCH_1117,POST_2023,6;17;30;34;38;41,16;21;26;30;37;47,31,1,1,0,0,0,0,0,38,0.272727,10,7.5,0.159091,0.136364,0.022727,7,3,0,4.6667,7,0.88194,0.038043,0.354978,0.222944,0.86579,0.836326,0,1,1;12;13;14;32;35,3;1;3;10;3;3,1,0,1,2,0,3.667,7.833,0,18,3,5
112000106,2023-11-24,112000105,SEARCH_1117,POST_2023,6;17;21;26;30;34,9;16;20;42;43;48,2,0,0,0,0,0,0,0,43,0.265152,7,7.0,0.166667,0.166667,0.0,7,5,1,4.8333,7,0.898767,0.036759,0.34632,0.287879,0.871421,0.84368,0,1,7;29;30;32;42;46,1;5;0;1;2;1,7,1,1,5,1,3.5,5.833,1,25,2,2
112000107,2023-11-28,112000106,SEARCH_1117,POST_2023,3;5;6;30;34;41,12;18;23;27;33;44,39,0,0,0,0,0,0,0,43,0.227273,6,6.3333,0.159091,0.151515,0.007576,4,6,0,4.3333,7,0.91221,0.033498,0.320346,0.268398,0.878998,0.852929,0,3,9;10;27;34;44;46,0;4;5;0;2;2,9,0,2,4,2,6.833,10.667,1,48,2,4
112000108,2023-12-01,112000107,SEARCH_1117,POST_2023,6;17;21;26;30;34,4;15;18;23;40;47,42,0,0,0,0,0,0,0,44,0.19697,8,6.6667,0.166667,0.159091,0.007576,6,8,0,4.5,7,0.916867,0.033058,0.311688,0.322511,0.879916,0.859444,0,1,10;18;22;31;38;39,3;2;2;1;2;3,10,0,1,4,0,5.5,3.167,1,32,2,4
112000109,2023-12-05,112000108,SEARCH_1117,POST_2023,6;21;26;30;34;41,10;14;30;38;42;48,37,1,1,0,0,0,0,0,45,0.234848,6,6.5,0.143939,0.143939,0.0,6,5,1,4.6667,6,0.9186,0.033227,0.311688,0.367965,0.886372,0.856512,0,1,6;7;18;26;35;44,2;1;6;5;2;1,6,1,1,3,0,5.167,6.833,1,16,2,3
112000110,2023-12-08,112000109,SEARCH_1117,POST_2023,1;5;6;30;34;40,5;8;22;27;28;29,16,1,1,0,0,0,0,0,43,0.242424,9,6.1667,0.151515,0.143939,0.007576,4,5,0,4.0,7,0.904812,0.034426,0.318182,0.272727,0.87616,0.851748,0,3,6;34;35;44;47;49,4;0;0;2;2;0,6,0,0,5,3,7.833,10.167,1,45,2,1
112000111,2023-12-12,112000110,SEARCH_1117,POST_2023,1;6;26;30;34;41,6;20;30;33;38;46,16,2,1,1,0,0,0,0,43,0.257576,7,7.0,0.181818,0.181818,0.0,4,5,1,4.8333,7,0.887787,0.038183,0.352814,0.255411,0.868158,0.837312,0,2,1;2;9;19;33;42,7;1;8;1;5;8,1,0,1,2,0,8.333,8.667,0,46,3,9
112000112,2023-12-15,112000111,SEARCH_1117,POST_2023,1;6;11;26;30;34,1;9;22;28;33;39,7,1,1,0,0,0,0,0,38,0.484848,12,7.8333,0.159091,0.151515,0.007576,5,4,0,5.0,8,0.830828,0.054328,0.461039,0.214286,0.844446,0.819776,0,3,3;35;40;44;46;48,5;0;0;0;2;0,3,0,0,5,4,7.5,7.5,1,10,1,0
112000113,2023-12-19,112000112,SEARCH_1117,POST_2023,5;6;26;30;33;34,14;18;20;26;38;48,2,1,1,0,0,0,0,0,42,0.378788,9,7.1667,0.159091,0.143939,0.015152,6,5,0,4.5,6,0.880467,0.042231,0.387446,0.272727,0.870984,0.847781,0,2,3;17;23;27;44;49,0;1;2;6;6;0,3,0,0,4,2,4.167,4.167,1,26,2,4
112000114,2023-12-22,112000113,SEARCH_1117,POST_2023,6;18;26;30;33;34,8;9;20;34;35;49,40,1,1,0,0,0,0,0,42,0.30303,7,7.0,0.174242,0.136364,0.037879,9,3,0,4.6667,7,0.879032,0.040235,0.374459,0.190476,0.869594,0.844674,0,1,3;9;31;34;38;41,1;1;4;8;2;2,3,0,1,4,0,3.333,9.667,1,29,2,2
112000115,2023-12-26,112000114,SEARCH_1117,POST_2023,6;9;20;26;30;34,8;19;28;29;30;46,10,1,1,0,0,0,0,0,43,0.234848,6,6.1667,0.166667,0.166667,0.0,6,9,1,4.6667,7,0.889742,0.037331,0.335498,0.205628,0.875804,0.838755,0,2,5;10;11;36;46;49,3;5;2;0;6;0,5,0,2,3,2,2.167,7.667,1,32,2,3
112000116,2023-12-29,112000115,SEARCH_1117,POST_2023,8;26;30;33;34;38,1;11;23;31;39;46,17,0,0,0,0,0,0,0,41,0.265152,9,7.5,0.159091,0.151515,0.007576,9,5,0,4.5,7,0.877147,0.039589,0.357143,0.162338,0.859525,0.83711,0,1,7;28;36;42;46;49,0;5;1;0;1;0,7,1,1,5,3,2.333,7.167,1,12,1,0
113000001,2024-01-02,112000116,SEARCH_1117,POST_2023,4;20;26;30;34;38,4;14;18;21;36;38,1,2,1,1,0,0,0,0,39,0.265152,9,7.3333,0.19697,0.181818,0.015152,10,4,0,4.8333,7,0.864974,0.041294,0.383117,0.218615,0.861927,0.831483,0,1,3;6;21;32;41;43,5;0;0;1;5;10,3,0,0,4,2,4.167,8.5,1,14,2,4
113000002,2024-01-05,113000001,SEARCH_1117,POST_2023,5;17;26;30;34;38,2;20;23;30;35;47,40,1,1,0,0,0,0,0,41,0.287879,10,6.6667,0.143939,0.136364,0.007576,5,5,0,4.0,7,0.892619,0.036862,0.333333,0.244589,0.869264,0.850331,0,1,1;9;25;39;46;48,1;4;0;10;0;2,1,0,1,4,2,7.667,6.5,0,18,2,4
113000003,2024-01-09,113000002,SEARCH_1117,POST_2023,5;7;20;30;34;38,12;29;31;37;44;49,3,0,0,0,0,0,0,0,44,0.25,10,6.8333,0.166667,0.159091,0.007576,5,6,0,4.3333,7,0.893796,0.037162,0.348485,0.242424,0.874702,0.861416,0,2,23;28;35;39;44;49,1;1;0;2;2;1,23,0,0,6,1,6.0,8.333,1,10,2,2
113000004,2024-01-12,113000003,SEARCH_1117,POST_2023,4;5;20;30;34;38,4;25;29;38;42;46,6,2,1,1,0,0,0,0,42,0.227273,6,6.5,0.159091,0.159091,0.0,9,6,1,4.0,7,0.897294,0.036309,0.341991,0.277056,0.872577,0.864203,0,2,2;6;12;13;18;49,5;7;5;9;2;0,2,0,1,1,1,4.333,11.667,1,16,2,7
113000005,2024-01-16,113000004,SEARCH_1117,POST_2023,5;7;20;26;30;38,1;3;20;21;36;40,44,1,1,0,0,0,0,0,38,0.318182,9,7.5,0.174242,0.166667,0.007576,9,6,0,4.3333,7,0.867818,0.041369,0.374459,0.244589,0.846899,0.834264,0,2,1;10;19;22;23;39,0;3;9;2;4;5,1,0,1,3,1,7.667,9.5,0,24,2,5
113000006,2024-01-19,113000005,HELDOUT_300,POST_2023,7;13;20;26;30;38,1;3;7;19;31;46,40,1,1,0,0,0,0,0,43,0.318182,9,7.3333,0.166667,0.159091,0.007576,5,5,0,4.8333,8,0.888823,0.039261,0.37013,0.309524,0.867071,0.839862,0,1,2;13;22;23;29;33,2;1;6;2;2;5,2,0,0,4,0,10.667,5.833,1,32,2,3
113000007,2024-01-23,113000006,HELDOUT_300,POST_2023,1;13;20;26;30;38,2;14;17;26;27;47,4,1,1,0,0,0,0,0,40,0.318182,9,7.3333,0.174242,0.159091,0.015152,7,4,0,4.6667,8,0.867565,0.042428,0.387446,0.220779,0.862872,0.830044,0,1,6;8;24;37;41;45,1;0;6;7;0;1,6,1,1,4,2,8.167,11.5,1,14,2,1
113000008,2024-01-26,113000007,HELDOUT_300,POST_2023,1;5;11;13;20;26,2;11;20;34;46;47,40,2,1,1,0,0,0,0,41,0.318182,10,5.8333,0.166667,0.159091,0.007576,5,6,0,3.5,7,0.878784,0.03942,0.339827,0.21645,0.863887,0.835786,0,3,1;6;8;10;29;33,3;5;10;7;4;2,1,1,2,2,0,9.5,4.167,0,49,3,11
113000009,2024-01-30,113000008,HELDOUT_300,POST_2023,2;5;13;20;30;34,7;19;30;38;40;45,27,1,1,0,0,0,0,0,39,0.393939,9,7.3333,0.159091,0.136364,0.022727,4,3,0,4.8333,8,0.853913,0.047029,0.417749,0.17316,0.86055,0.820338,0,2,5;14;15;34;42;49,3;0;7;7;0;2,5,0,0,3,2,9.167,7.167,1,27,2,5
113000010,2024-02-02,113000009,HELDOUT_300,POST_2023,2;13;20;30;34;38,5;9;25;35;38;39,24,1,1,0,0,0,0,0,44,0.348485,10,7.8333,0.166667,0.136364,0.030303,4,3,0,5.0,8,0.887308,0.042053,0.404762,0.313853,0.864742,0.843063,0,1,3;8;20;32;39;45,3;0;4;1;10;3,3,1,1,3,1,6.5,8.833,1,26,2,4
113000011,2024-02-06,113000010,HELDOUT_300,POST_2023,2;5;20;30;34;38,14;19;23;26;34;40,5,1,1,0,0,0,0,0,41,0.30303,7,7.5,0.174242,0.159091,0.015152,9,5,0,4.5,8,0.868915,0.043627,0.41342,0.255411,0.864811,0.839899,0,2,5;14;22;23;25;43,0;2;2;3;7;5,5,0,0,4,1,2.167,4.0,1,4,3,6
113000012,2024-02-07,113000011,HELDOUT_300,POST_2023,4;14;20;30;34;38,20;22;31;34;35;37,7,2,1,1,0,0,0,0,42,0.356061,11,8.3333,0.181818,0.166667,0.015152,4,5,0,5.0,8,0.856539,0.046991,0.4329,0.30303,0.830768,0.810778,0,1,2;4;31;37;41;48,8;1;0;8;1;1,2,0,0,4,1,3.167,6.333,1,17,2,7
113000013,2024-02-08,113000012,HELDOUT_300,POST_2023,5;13;20;30;34;38,5;8;25;31;39;47,22,1,1,0,0,0,0,0,45,0.424242,11,8.0,0.166667,0.166667,0.0,4,4,1,4.5,7,0.872837,0.046129,0.415584,0.296537,0.844002,0.842509,0,1,6;9;17;21;43;49,4;2;4;6;0;1,6,0,1,3,1,7.667,4.833,1,36,2,4
113000014,2024-02-09,113000013,HELDOUT_300,POST_2023,11;13;20;30;31;34,3;7;16;20;25;30,37,2,1,1,0,0,0,0,40,0.393939,9,7.3333,0.174242,0.174242,0.0,4,9,1,4.6667,8,0.86407,0.04492,0.411255,0.294372,0.83698,0.814233,0,1,1;4;21;24;41;42,0;0;3;9;3;7,1,0,0,4,2,8.5,7.5,0,22,2,7
113000015,2024-02-10,113000014,HELDOUT_300,POST_2023,10;13;20;30;34;38,5;6;11;13;28;34,4,2,1,1,0,0,0,0,40,0.371212,9,8.0,0.174242,0.166667,0.007576,4,6,0,4.5,7,0.855577,0.046438,0.422078,0.222944,0.828935,0.825984,0,1,2;4;10;15;24;37,1;2;3;6;1;11,2,0,1,2,0,11.333,14.0,1,41,2,5
113000016,2024-02-11,113000015,HELDOUT_300,POST_2023,10;14;20;30;34;38,11;13;23;29;44;45,27,0,0,0,0,0,0,0,39,0.401515,10,8.3333,0.166667,0.159091,0.007576,9,6,0,5.0,7,0.847837,0.048547,0.437229,0.251082,0.824887,0.82949,0,1,19;25;31;32;37;45,2;1;0;1;1;4,19,0,0,5,1,6.5,6.5,1,22,2,2
113000017,2024-02-12,113000016,HELDOUT_300,POST_2023,10;17;20;30;32;34,16;22;37;46;47;49,4,0,0,0,0,0,0,0,37,0.356061,9,8.1667,0.181818,0.159091,0.022727,9,4,0,4.3333,7,0.843797,0.047169,0.426407,0.220779,0.816628,0.830162,0,1,31;33;35;36;37;44,1;0;1;1;2;2,31,0,0,6,1,13.167,6.667,1,40,2,3
113000018,2024-02-13,113000017,HELDOUT_300,POST_2023,10;20;24;30;31;38,2;3;6;39;44;47,34,0,0,0,0,0,0,0,36,0.356061,8,7.0,0.159091,0.136364,0.022727,7,6,0,4.6667,8,0.860483,0.042512,0.376623,0.205628,0.853312,0.817661,0,1,9;18;31;32;33;38,3;0;1;1;1;6,9,0,1,4,1,13.333,4.167,1,7,2,1
113000019,2024-02-14,113000018,HELDOUT_300,POST_2023,10;20;24;30;37;38,7;12;19;26;32;39,44,0,0,0,0,0,0,0,43,0.333333,8,6.6667,0.159091,0.143939,0.015152,5,6,0,4.1667,8,0.883644,0.04047,0.380952,0.264069,0.86251,0.835319,0,1,8;30;33;41;45;46,1;0;0;1;7;1,8,1,1,5,2,13.667,12.833,1,37,2,1
113000020,2024-02-15,113000019,HELDOUT_300,POST_2023,10;20;24;30;38;41,4;8;18;19;20;33,3,1,1,0,0,0,0,0,44,0.242424,6,7.0,0.136364,0.136364,0.0,9,4,1,4.0,6,0.904952,0.035803,0.34632,0.244589,0.878662,0.859065,0,1,2;13;17;20;28;47,1;0;2;3;6;3,2,0,0,2,1,20.0,12.167,1,14,2,2
113000021,2024-02-16,113000020,HELDOUT_300,POST_2023,8;10;20;24;38;41,19;24;33;42;43;45,16,1,1,0,0,0,0,0,42,0.265152,7,6.8333,0.151515,0.151515,0.0,6,6,1,4.0,7,0.896154,0.036815,0.348485,0.341991,0.872828,0.850739,0,2,6;10;23;29;30;39,3;6;1;1;3;4,6,0,1,4,0,19.0,15.333,1,40,3,6
113000022,2024-02-17,113000021,HELDOUT_300,POST_2023,10;15;19;20;30;38,4;5;20;27;32;40,6,1,1,0,0,0,0,0,43,0.272727,7,6.5,0.166667,0.151515,0.015152,7,5,0,4.3333,7,0.885208,0.040067,0.380952,0.305195,0.863899,0.840153,0,1,2;17;22;25;32;40,1;1;7;1;4;3,2,0,0,4,0,13.667,6.667,1,34,2,2
113000023,2024-02-18,113000022,HELDOUT_300,POST_2023,8;10;20;30;31;38,6;12;24;32;36;44,45,0,0,0,0,0,0,0,42,0.287879,8,6.3333,0.143939,0.136364,0.007576,8,3,0,4.3333,8,0.901719,0.035944,0.339827,0.220779,0.881565,0.854931,0,2,14;21;22;26;36;43,0;1;3;3;4;2,14,0,0,5,1,11.0,5.833,1,32,3,3
113000024,2024-02-19,113000023,HELDOUT_300,POST_2023,6;10;15;19;20;38,2;10;17;32;38;48,8,2,1,1,0,0,0,0,41,0.272727,7,6.6667,0.159091,0.143939,0.015152,5,5,0,4.3333,7,0.882282,0.039392,0.380952,0.253247,0.87668,0.855061,0,2,4;5;14;16;31;36,2;5;4;2;8;2,4,0,0,2,0,13.833,16.0,1,20,2,5
113000025,2024-02-20,113000024,HELDOUT_300,POST_2023,2;5;10;15;20;38,6;8;17;27;34;46,25,0,0,0,0,0,0,0,44,0.265152,7,5.5,0.159091,0.136364,0.022727,4,4,0,3.8333,8,0.904467,0.035597,0.344156,0.24026,0.889625,0.866018,0,3,11;12;23;26;39;43,1;3;5;1;2;4,11,0,2,4,0,7.0,4.833,1,31,2,2
113000026,2024-02-21,113000025,HELDOUT_300,POST_2023,6;8;15;20;30;34,13;21;25;27;31;43,47,0,0,0,0,0,0,0,43,0.393939,10,7.6667,0.159091,0.151515,0.007576,10,4,0,4.3333,7,0.873007,0.04478,0.409091,0.242424,0.856613,0.857416,0,2,7;25;31;32;36;42,4;2;2;1;1;1,7,1,1,5,0,8.833,10.333,1,29,2,3
113000027,2024-02-22,113000026,HELDOUT_300,POST_2023,8;10;15;16;20;34,9;11;18;31;39;46,5,0,0,0,0,0,0,0,42,0.287879,7,6.3333,0.166667,0.159091,0.007576,4,7,0,4.1667,8,0.892893,0.03808,0.363636,0.270563,0.877199,0.856806,0,2,16;20;21;24;30;48,2;2;2;3;0;4,16,0,0,4,1,9.5,7.667,1,43,2,4
113000028,2024-02-23,113000027,HELDOUT_300,POST_2023,3;8;15;20;30;31,3;8;9;21;34;49,22,2,1,1,0,0,0,0,42,0.242424,6,5.8333,0.174242,0.151515,0.022727,4,6,0,4.1667,8,0.900167,0.035794,0.341991,0.272727,0.878915,0.848037,0,2,2;6;11;19;42;43,5;4;3;0;6;2,2,0,1,2,1,11.667,5.0,1,37,2,5
113000029,2024-02-24,113000028,HELDOUT_300,POST_2023,1;8;15;20;31;38,8;15;21;27;46;48,31,2,1,1,0,0,0,0,41,0.287879,8,6.5,0.151515,0.151515,0.0,6,7,1,4.1667,7,0.885726,0.038221,0.350649,0.229437,0.869601,0.842532,0,2,1;5;12;13;44;49,8;7;0;4;7;0,1,0,1,2,2,12.5,8.167,0,4,3,5
113000030,2024-02-27,113000029,HELDOUT_300,POST_2023,1;4;8;13;20;31,7;15;17;29;41;42,28,0,0,0,0,0,0,0,43,0.416667,10,5.8333,0.136364,0.136364,0.0,3,5,1,3.8333,8,0.882699,0.043075,0.376623,0.264069,0.869037,0.847302,0,3,11;20;24;28;42;46,0;2;5;1;8;1,11,0,1,4,1,8.0,14.167,1,19,2,6
113000031,2024-03-01,113000030,HELDOUT_300,POST_2023,1;8;17;20;27;46,1;29;30;39;46;47,17,2,1,1,0,0,0,0,45,0.348485,8,6.6667,0.128788,0.128788,0.0,4,5,1,4.1667,8,0.899652,0.039364,0.365801,0.290043,0.88399,0.858285,1,2,2;5;13;29;30;36,6;3;2;1;10;6,2,0,0,3,0,6.833,10.333,1,6,3,7
113000032,2024-03-05,113000031,HELDOUT_300,POST_2023,8;16;17;20;21;46,10;15;21;24;26;38,37,1,1,0,0,0,0,0,42,0.378788,9,6.8333,0.143939,0.136364,0.007576,5,3,0,4.1667,7,0.886413,0.040226,0.357143,0.248918,0.875531,0.853493,1,1,5;8;21;26;37;49,3;1;5;3;1;0,5,1,1,4,1,5.667,7.167,1,48,2,4
113000033,2024-03-08,113000032,HELDOUT_300,POST_2023,8;10;16;20;21;46,7;26;27;29;36;40,32,0,0,0,0,0,0,0,45,0.340909,8,6.3333,0.143939,0.128788,0.015152,9,4,0,4.0,7,0.904249,0.037424,0.348485,0.331169,0.883325,0.868922,1,2,8;18;27;38;41;49,2;1;5;1;2;0,8,1,1,4,1,5.833,5.167,1,48,2,2
113000034,2024-03-12,113000033,HELDOUT_300,POST_2023,2;8;13;16;20;27,3;13;22;27;45;49,17,2,1,1,0,0,0,0,38,0.348485,8,5.8333,0.159091,0.151515,0.007576,4,9,0,3.8333,8,0.87004,0.041051,0.367965,0.181818,0.878664,0.841812,0,2,3;6;15;34;37;39,0;4;5;8;1;2,3,0,0,3,1,8.833,8.5,1,23,2,4
113000035,2024-03-15,113000034,HELDOUT_300,POST_2023,3;8;10;16;20;27,8;18;33;37;40;43,31,1,1,0,0,0,0,0,41,0.340909,8,5.6667,0.159091,0.159091,0.0,4,5,1,3.5,7,0.883874,0.039214,0.354978,0.190476,0.889209,0.862113,0,3,1;26;28;39;45;49,8;0;2;1;0;3,1,0,0,5,2,7.0,9.5,0,15,1,0
113000036,2024-03-19,113000035,HELDOUT_300,POST_2023,8;14;16;20;27;46,8;14;19;20;21;36,28,3,1,1,1,0,0,0,45,0.431818,10,6.8333,0.143939,0.136364,0.007576,4,3,0,4.1667,7,0.901831,0.04062,0.365801,0.30303,0.889029,0.874276,1,1,1;3;6;8;10;48,10;4;4;5;4;0,1,1,2,1,1,11.0,10.333,0,23,3,11
113000037,2024-03-22,113000036,HELDOUT_300,POST_2023,8;10;13;16;20;27,4;16;38;40;41;48,35,1,1,0,0,0,0,0,41,0.462121,11,6.8333,0.128788,0.128788,0.0,4,4,1,4.1667,8,0.867412,0.047338,0.41342,0.277056,0.868374,0.841761,0,2,3;8;14;30;39;40,3;7;4;1;4;1,3,1,1,3,0,5.5,9.5,1,25,2,7
113000038,2024-03-26,113000037,HELDOUT_300,POST_2023,8;10;12;20;21;27,6;19;21;29;32;46,11,1,1,0,0,0,0,0,42,0.409091,10,5.8333,0.136364,0.136364,0.0,3,7,1,3.6667,7,0.885192,0.041594,0.372294,0.244589,0.878612,0.84932,0,3,4;10;11;26;33;48,1;2;5;5;0;9,4,0,2,3,1,5.167,7.167,1,37,3,6
113000039,2024-03-29,113000038,HELDOUT_300,POST_2023,6;8;12;19;20;21,2;3;13;15;43;48,1,0,0,0,0,0,0,0,43,0.386364,10,6.1667,0.143939,0.143939,0.0,4,6,1,4.0,7,0.893579,0.039776,0.359307,0.277056,0.879774,0.859659,0,3,9;13;15;25;30;42,3;2;3;3;2;1,9,0,1,3,0,4.167,6.333,1,12,4,5
113000040,2024-04-02,113000039,HELDOUT_300,POST_2023,2;3;8;10;12;20,27;32;38;39;46;49,24,0,0,0,0,0,0,0,43,0.348485,9,5.1667,0.166667,0.136364,0.030303,4,5,0,3.1667,8,0.892858,0.038183,0.348485,0.225108,0.886786,0.860825,0,5,13;14;15;34;43;47,5;0;5;2;9;1,13,0,0,3,1,5.833,4.667,1,23,3,5
113000041,2024-04-05,113000040,HELDOUT_300,POST_2023,8;10;19;21;27;38,4;31;35;38;40;48,18,1,1,0,0,0,0,0,40,0.378788,9,6.8333,0.151515,0.143939,0.007576,7,4,0,4.5,7,0.872838,0.042156,0.37013,0.227273,0.867079,0.831017,0,2,6;23;33;36;41;46,0;0;5;7;1;2,6,0,0,5,2,3.667,9.0,1,31,3,2
113000042,2024-04-09,113000041,HELDOUT_300,POST_2023,8;10;12;20;27;38,3;16;17;19;22;26,1,0,0,0,0,0,0,0,41,0.340909,8,6.6667,0.159091,0.151515,0.007576,6,4,0,4.1667,7,0.870569,0.041856,0.376623,0.181818,0.87564,0.844246,0,3,12;13;17;26;33;37,2;4;2;3;1;1,12,0,1,3,0,7.333,6.833,1,42,2,3
113000043,2024-04-12,113000042,HELDOUT_300,POST_2023,3;5;8;12;19;38,3;5;12;15;17;39,24,3,1,1,1,0,0,0,41,0.280303,8,6.5,0.174242,0.166667,0.007576,4,8,0,4.0,8,0.881525,0.039533,0.376623,0.244589,0.884151,0.859624,0,4,3;5;6;22;28;30,5;4;6;2;2;2,3,0,0,3,0,8.667,8.333,1,24,3,7
113000044,2024-04-16,113000043,HELDOUT_300,POST_2023,3;8;10;19;23;38,5;8;17;33;35;40,10,1,1,0,0,0,0,0,43,0.356061,8,6.6667,0.136364,0.136364,0.0,3,8,1,3.8333,8,0.884629,0.040929,0.383117,0.268398,0.879253,0.862526,0,3,3;9;23;26;38;47,3;6;1;0;1;4,3,0,1,4,1,9.0,4.167,1,6,2,1
113000045,2024-04-19,113000044,HELDOUT_300,POST_2023,3;8;17;19;20;38,7;10;16;22;31;46,42,0,0,0,0,0,0,0,44,0.265152,9,6.6667,0.151515,0.136364,0.015152,5,3,0,4.5,7,0.89603,0.037556,0.354978,0.222944,0.883257,0.867239,0,2,8;12;30;35;46;48,0;3;1;1;0;5,8,1,2,4,2,3.333,6.667,1,19,2,1
113000046,2024-04-23,113000045,HELDOUT_300,POST_2023,3;8;10;19;20;38,13;14;17;32;33;36,31,0,0,0,0,0,0,0,42,0.234848,6,6.0,0.151515,0.143939,0.007576,5,9,0,4.0,7,0.897358,0.035644,0.333333,0.274892,0.878289,0.859306,0,3,13;18;28;40;41;47,1;3;3;1;0;1,13,0,0,4,1,4.167,6.167,1,26,2,1
113000047,2024-04-26,113000046,HELDOUT_300,POST_2023,3;8;13;17;38;46,13;21;22;26;33;34,35,1,1,0,0,0,0,0,39,0.257576,7,6.8333,0.143939,0.143939,0.0,4,5,1,4.1667,8,0.889427,0.03571,0.316017,0.25974,0.876472,0.865658,1,2,6;26;34;42;43;45,4;1;0;0;2;0,6,0,0,5,3,2.833,6.167,1,46,2,1
113000048,2024-04-30,113000047,HELDOUT_300,POST_2023,3;8;10;13;17;19,3;9;13;22;33;43,14,2,1,1,0,0,0,0,42,0.272727,6,5.3333,0.151515,0.136364,0.015152,5,3,0,3.5,7,0.904912,0.035522,0.344156,0.229437,0.903448,0.889688,0,3,1;2;18;28;30;31,6;2;6;2;3;2,1,0,0,3,0,3.5,6.167,0,41,4,5
113000049,2024-05-03,113000048,HELDOUT_300,POST_2023,1;3;8;10;13;31,6;11;12;22;34;39,42,0,0,0,0,0,0,0,44,0.378788,9,5.6667,0.136364,0.121212,0.015152,3,4,0,3.6667,7,0.897142,0.038792,0.350649,0.266234,0.895133,0.87713,0,4,10;17;26;29;45;46,0;2;0;4;2;4,10,0,1,4,2,5.5,8.0,1,13,2,1
113000050,2024-05-07,113000049,HELDOUT_300,POST_2023,1;3;13;21;22;24,7;9;15;28;30;33,26,0,0,0,0,0,0,0,45,0.30303,7,6.0,0.136364,0.128788,0.007576,5,4,0,4.0,8,0.904201,0.036984,0.357143,0.235931,0.89614,0.868909,0,2,9;20;26;33;47;48,0;1;2;7;0;5,9,0,1,4,2,7.5,11.667,1,29,2,1
113000051,2024-05-10,113000050,HELDOUT_300,POST_2023,1;3;13;19;23;38,15;19;30;35;38;41,25,2,1,1,0,0,0,0,40,0.401515,9,6.1667,0.151515,0.136364,0.015152,5,5,0,4.1667,7,0.872072,0.043065,0.380952,0.194805,0.884923,0.847851,0,2,5;6;14;25;45;48,3;5;0;0;6;5,5,0,0,3,2,13.333,7.0,1,21,2,5
113000052,2024-05-14,113000051,HELDOUT_300,POST_2023,1;3;15;19;23;38,6;7;10;25;32;43,33,0,0,0,0,0,0,0,42,0.310606,7,6.5,0.159091,0.136364,0.022727,6,4,0,4.1667,8,0.882381,0.040479,0.385281,0.220779,0.884476,0.853997,0,2,13;23;28;29;38;43,0;1;3;2;1;2,13,0,0,5,1,10.667,8.0,1,9,2,1
113000053,2024-05-17,113000052,HELDOUT_300,POST_2023,1;3;7;19;23;38,15;33;34;40;41;49,27,0,0,0,0,0,0,0,41,0.287879,8,6.5,0.181818,0.174242,0.007576,7,6,0,4.3333,7,0.880363,0.039992,0.378788,0.19697,0.885351,0.849711,0,3,7;18;20;28;40;41,6;4;1;4;2;2,7,1,1,3,0,11.5,5.5,1,45,2,5
113000054,2024-05-21,113000053,HELDOUT_300,POST_2023,1;3;7;15;19;33,1;30;34;35;38;42,15,1,1,0,0,0,0,0,42,0.295455,8,6.6667,0.181818,0.181818,0.0,6,6,1,4.6667,7,0.875969,0.041154,0.385281,0.246753,0.880143,0.835226,0,3,2;9;12;18;29;48,5;3;7;0;3;4,2,0,2,2,1,6.0,9.5,1,3,3,4
113000055,2024-05-24,113000054,HELDOUT_300,POST_2023,3;7;18;19;23;34,4;23;24;28;30;40,41,1,1,0,0,0,0,0,41,0.265152,6,6.6667,0.166667,0.151515,0.015152,5,5,0,4.1667,7,0.884765,0.038914,0.372294,0.214286,0.877167,0.848919,0,2,3;9;13;14;18;26,1;7;5;4;3;5,3,0,1,1,0,12.333,14.0,1,48,3,8
113000056,2024-05-28,113000055,HELDOUT_300,POST_2023,3;13;15;18;23;34,12;17;18;21;33;37,9,1,1,0,0,0,0,0,43,0.242424,6,5.6667,0.143939,0.143939,0.0,5,4,1,3.6667,8,0.904107,0.034576,0.318182,0.253247,0.888544,0.848026,0,1,3;11;14;25;36;45,0;1;5;2;6;5,3,0,1,3,1,7.167,11.833,1,20,2,6
113000057,2024-05-31,113000056,HELDOUT_300,POST_2023,1;15;17;19;33;34,8;14;16;19;23;32,49,1,1,0,0,0,0,0,41,0.234848,6,7.0,0.151515,0.151515,0.0,5,9,1,4.6667,7,0.891558,0.037359,0.363636,0.225108,0.867073,0.84141,0,1,6;10;18;28;33;46,3;2;1;5;2;0,6,0,1,3,1,3.0,8.167,1,41,2,1
113000058,2024-06-04,113000057,HELDOUT_300,POST_2023,1;2;8;19;33;34,7;30;33;34;35;46,49,2,1,1,0,0,0,0,41,0.310606,8,7.0,0.136364,0.136364,0.0,3,3,1,4.3333,7,0.883754,0.039598,0.374459,0.242424,0.860659,0.84405,0,3,2;3;12;28;39;47,1;4;10;11;0;2,2,0,1,3,1,5.167,5.333,1,41,3,10
113000059,2024-06-07,113000058,HELDOUT_300,POST_2023,2;5;7;30;33;34,19;24;29;36;37;43,17,0,0,0,0,0,0,0,38,0.333333,8,7.5,0.174242,0.143939,0.030303,4,4,0,4.8333,8,0.860393,0.043571,0.398268,0.188312,0.856837,0.82103,0,3,7;30;32;33;44;47,4;0;1;1;0;1,7,1,1,5,2,6.5,8.333,1,20,1,0
113000060,2024-06-11,113000059,HELDOUT_300,POST_2023,2;7;8;19;33;34,7;10;12;27;36;46,18,1,1,0,0,0,0,0,41,0.310606,9,7.3333,0.174242,0.151515,0.022727,9,9,0,4.1667,7,0.875823,0.040957,0.383117,0.186147,0.867115,0.854609,0,3,5;35;37;38;44;49,4;1;0;1;0;3,5,0,0,5,2,5.167,6.167,1,46,2,1
113000061,2024-06-14,113000060,HELDOUT_300,POST_2023,1;2;7;8;19;33,1;7;9;18;36;47,32,2,1,1,0,0,0,0,41,0.30303,7,6.8333,0.181818,0.181818,0.0,4,10,1,3.8333,7,0.860317,0.044124,0.406926,0.24026,0.850042,0.846914,0,4,1;6;27;33;39;46,4;7;1;0;1;4,1,0,0,4,1,6.5,9.167,0,18,2,3
113000062,2024-06-18,113000061,HELDOUT_300,POST_2023,1;2;7;8;33;34,6;24;31;35;36;42,18,0,0,0,0,0,0,0,43,0.409091,10,7.0,0.174242,0.136364,0.037879,5,5,0,4.5,8,0.878365,0.044012,0.415584,0.274892,0.877306,0.847971,0,4,11;15;19;31;48;49,2;1;0;0;4;5,11,0,1,3,2,6.333,7.167,1,25,2,1
113000063,2024-06-21,113000062,HELDOUT_300,POST_2023,2;7;8;19;30;33,2;17;31;42;44;46,10,1,1,0,0,0,0,0,45,0.393939,9,7.0,0.143939,0.136364,0.007576,5,9,0,4.6667,8,0.885471,0.043712,0.417749,0.311688,0.876719,0.853018,0,3,3;7;13;27;28;30,6;1;2;1;9;5,3,1,1,3,0,7.667,12.667,1,34,2,8
113000064,2024-06-25,113000063,HELDOUT_300,POST_2023,1;7;17;30;33;38,6;8;12;29;41;48,14,0,0,0,0,0,0,0,43,0.295455,7,6.0,0.136364,0.136364,0.0,3,3,1,4.1667,8,0.898611,0.036647,0.337662,0.209957,0.881843,0.849473,0,2,19;33;38;40;44;49,2;0;1;1;0;2,19,0,0,5,2,4.833,8.667,1,11,2,1
113000065,2024-06-28,113000064,HELDOUT_300,POST_2023,6;7;14;20;30;33,10;11;25;31;36;41,27,0,0,0,0,0,0,0,44,0.272727,7,6.5,0.151515,0.143939,0.007576,6,5,0,4.3333,8,0.893267,0.037893,0.363636,0.235931,0.88641,0.849397,0,2,20;21;33;39;46;49,0;1;4;2;1;0,20,0,0,5,2,9.333,6.667,1,48,1,0
113000066,2024-07-02,113000065,HELDOUT_300,POST_2023,5;7;20;30;33;34,1;33;38;39;41;45,46,1,1,0,0,0,0,0,43,0.287879,7,6.0,0.151515,0.136364,0.015152,6,5,0,4.0,8,0.895947,0.036909,0.344156,0.246753,0.888746,0.857005,0,2,2;10;16;24;40;43,2;8;5;1;1;6,2,0,1,3,0,13.5,12.5,1,15,2,4
113000067,2024-07-05,113000066,HELDOUT_300,POST_2023,1;5;7;8;14;33,2;11;20;25;37;49,42,0,0,0,0,0,0,0,43,0.325758,12,6.6667,0.166667,0.151515,0.015152,6,4,0,4.3333,8,0.874929,0.042803,0.396104,0.203463,0.877491,0.851397,0,4,9;28;38;39;44;48,0;1;6;0;1;3,9,0,1,5,2,7.333,10.167,1,25,2,1
113000068,2024-07-09,113000067,HELDOUT_300,POST_2023,3;5;7;8;30;33,15;18;19;31;39;40,25,0,0,0,0,0,0,0,43,0.310606,10,6.6667,0.136364,0.121212,0.015152,3,3,0,4.5,8,0.888914,0.04061,0.393939,0.203463,0.884432,0.858389,0,4,10;12;20;34;36;42,4;1;4;3;2;2,10,0,2,3,0,11.167,8.167,1,48,3,2
113000069,2024-07-12,113000068,HELDOUT_300,POST_2023,3;5;7;15;19;33,2;13;19;33;46;49,23,2,1,1,0,0,0,0,40,0.242424,6,6.1667,0.166667,0.151515,0.015152,4,6,0,4.1667,8,0.887548,0.037593,0.361472,0.194805,0.893162,0.868254,0,3,3;5;21;24;30;37,1;3;6;9;6;3,3,0,0,4,0,9.833,5.833,1,15,3,8
113000070,2024-07-16,113000069,HELDOUT_300,POST_2023,2;5;8;19;31;33,4;12;22;29;36;47,15,0,0,0,0,0,0,0,41,0.340909,10,6.8333,0.151515,0.136364,0.015152,5,10,0,4.5,7,0.877566,0.041135,0.378788,0.222944,0.866294,0.84464,0,3,9;11;14;28;30;36,3;3;2;1;6;4,9,0,2,3,0,6.167,10.333,1,10,2,4
113000071,2024-07-19,113000070,HELDOUT_300,POST_2023,5;12;14;17;19;33,11;13;25;28;33;40,31,1,1,0,0,0,0,0,39,0.280303,7,6.8333,0.189394,0.174242,0.015152,6,4,0,4.0,7,0.861327,0.043121,0.396104,0.179654,0.867188,0.860725,0,2,4;17;22;31;32;45,1;1;0;5;8;3,4,0,0,4,1,9.0,5.167,1,8,2,2
113000072,2024-07-23,113000071,HELDOUT_300,POST_2023,5;11;14;15;17;33,3;6;10;23;33;35,24,1,1,0,0,0,0,0,43,0.257576,6,6.5,0.166667,0.166667,0.0,5,5,1,4.1667,8,0.881642,0.040329,0.378788,0.201299,0.87649,0.852532,0,2,2;9;17;30;42;47,3;1;0;4;9;1,2,0,1,3,1,9.667,10.833,1,15,2,1
113000073,2024-07-26,113000072,HELDOUT_300,POST_2023,5;14;15;17;31;33,6;19;23;35;41;46,8,0,0,0,0,0,0,0,42,0.325758,11,6.6667,0.151515,0.143939,0.007576,6,7,0,4.5,8,0.885365,0.039889,0.37013,0.227273,0.879828,0.846235,0,1,14;18;20;36;39;45,2;0;3;2;2;6,14,0,0,3,1,11.0,3.0,1,22,1,0
113000074,2024-07-30,113000073,HELDOUT_300,POST_2023,5;6;14;15;19;33,5;15;24;35;46;48,17,2,1,1,0,0,0,0,43,0.280303,9,6.5,0.151515,0.143939,0.007576,5,5,0,4.1667,8,0.888476,0.039926,0.391775,0.277056,0.890489,0.858264,0,2,2;5;10;18;42;48,6;6;0;4;6;1,2,0,1,2,1,9.5,10.0,1,7,3,6
113000075,2024-08-02,113000074,HELDOUT_300,POST_2023,5;9;14;15;20;33,2;4;5;15;20;33,25,4,1,1,1,1,0,0,41,0.295455,10,6.1667,0.151515,0.136364,0.015152,4,3,0,4.0,8,0.880896,0.039027,0.363636,0.164502,0.890324,0.849567,0,2,1;2;3;5;42;43,0;0;5;7;6;10,1,0,0,2,2,7.5,4.0,0,46,2,10
113000076,2024-08-06,113000075,HELDOUT_300,POST_2023,1;6;14;15;19;33,20;27;31;33;38;46,23,1,1,0,0,0,0,0,40,0.356061,10,6.3333,0.128788,0.121212,0.007576,3,3,0,4.0,7,0.873092,0.0424,0.378788,0.222944,0.874206,0.83293,0,2,2;10;11;23;38;46,3;0;2;10;1;6,2,0,2,3,1,6.167,6.333,1,36,2,9
113000077,2024-08-09,113000076,HELDOUT_300,POST_2023,1;14;15;19;21;33,14;20;27;42;44;47,40,1,1,0,0,0,0,0,43,0.234848,7,5.1667,0.128788,0.128788,0.0,4,6,1,3.5,7,0.910847,0.033451,0.318182,0.272727,0.893405,0.856159,0,1,2;10;20;23;24;32,5;2;4;2;5;5,2,0,1,3,0,9.833,9.5,1,31,3,7
113000078,2024-08-13,113000077,HELDOUT_300,POST_2023,5;12;15;16;19;33,2;28;30;37;40;48,8,0,0,0,0,0,0,0,42,0.272727,8,5.5,0.159091,0.151515,0.007576,4,6,0,4.0,8,0.897623,0.036262,0.337662,0.188312,0.898205,0.85229,0,2,17;18;21;29;40;48,2;4;3;0;3;1,17,0,0,4,1,7.0,8.667,1,23,2,1
113000079,2024-08-16,113000078,HELDOUT_300,POST_2023,1;2;9;15;19;33,4;6;14;31;44;45,1,0,0,0,0,0,0,0,42,0.280303,9,6.1667,0.174242,0.143939,0.030303,6,6,0,4.0,8,0.889486,0.038727,0.378788,0.248918,0.881001,0.838002,0,3,19;23;25;31;37;43,1;0;2;2;4;5,19,0,0,5,1,7.5,5.0,1,3,2,5
113000080,2024-08-20,113000079,HELDOUT_300,POST_2023,1;9;12;15;19;33,12;13;18;28;39;49,2,1,1,0,0,0,0,0,45,0.227273,5,5.1667,0.143939,0.128788,0.015152,5,3,0,3.3333,7,0.920084,0.032786,0.309524,0.242424,0.906285,0.871986,0,3,6;35;41;43;45;46,5;0;1;1;1;2,6,0,0,5,1,9.833,9.333,1,16,1,0
113000081,2024-08-23,113000080,HELDOUT_300,POST_2023,1;11;15;19;21;33,16;20;32;34;37;43,17,0,0,0,0,0,0,0,46,0.227273,5,5.6667,0.143939,0.143939,0.0,5,8,1,3.6667,7,0.907594,0.034876,0.318182,0.227273,0.904546,0.873193,0,2,12;22;23;25;38;49,5;2;1;2;0;3,12,0,1,5,1,11.5,16.667,1,35,4,1
113000082,2024-08-27,113000081,HELDOUT_300,POST_2023,1;6;9;15;19;33,12;22;24;38;40;46,21,0,0,0,0,0,0,0,44,0.25,8,5.6667,0.143939,0.128788,0.015152,5,3,0,3.8333,7,0.911359,0.034548,0.341991,0.274892,0.899895,0.869686,0,3,8;9;35;36;38;43,1;1;1;1;6;7,8,1,2,4,0,10.333,6.333,1,27,3,6
113000083,2024-08-30,113000082,HELDOUT_300,POST_2023,9;12;19;26;33;40,2;17;25;29;32;38,24,0,0,0,0,0,0,0,38,0.257576,7,6.6667,0.159091,0.151515,0.007576,8,6,0,4.1667,8,0.876893,0.038596,0.34632,0.188312,0.862626,0.842522,0,2,13;22;27;35;45;47,1;3;0;1;0;5,13,0,0,5,2,12.833,8.833,1,36,1,0
113000084,2024-09-03,113000083,HELDOUT_300,POST_2023,1;2;26;33;38;40,5;22;25;27;36;41,11,0,0,0,0,0,0,0,41,0.272727,6,7.6667,0.166667,0.159091,0.007576,8,5,0,4.6667,8,0.879594,0.040779,0.38961,0.292208,0.853179,0.837879,0,2,17;22;27;33;35;38,2;1;2;1;2;2,17,0,0,5,0,11.167,7.333,1,19,2,1
113000085,2024-09-06,113000084,HELDOUT_300,POST_2023,1;9;19;33;38;40,9;15;17;38;45;49,47,2,1,1,0,0,0,0,40,0.272727,6,6.5,0.159091,0.151515,0.007576,4,8,0,3.8333,7,0.888723,0.037303,0.34632,0.19697,0.868031,0.856567,0,2,3;5;11;15;37;39,5;3;1;8;5;2,3,0,1,2,0,11.5,8.167,1,29,2,5
113000086,2024-09-10,113000085,HELDOUT_300,POST_2023,1;8;26;33;38;46,6;14;16;25;35;38,31,1,1,0,0,0,0,0,40,0.272727,6,7.8333,0.143939,0.136364,0.007576,7,3,0,4.8333,7,0.88431,0.038586,0.357143,0.231602,0.863779,0.842028,1,2,3;22;24;33;43;44,1;0;0;2;2;10,3,0,0,5,2,16.0,5.667,1,37,2,4
113000087,2024-09-13,113000086,HELDOUT_300,POST_2023,1;6;8;33;35;38,13;17;26;39;43;48,3,0,0,0,0,0,0,0,43,0.272727,6,7.1667,0.204545,0.143939,0.060606,6,6,0,4.8333,8,0.880544,0.041285,0.404762,0.290043,0.863325,0.842785,0,3,9;15;16;22;39;49,3;2;7;1;2;0,9,0,1,3,1,9.667,11.833,1,13,2,2
113000088,2024-09-17,113000087,HELDOUT_300,POST_2023,1;8;15;33;38;46,26;34;35;40;44;46,32,1,1,0,0,0,0,0,42,0.272727,6,7.6667,0.159091,0.151515,0.007576,5,4,0,4.8333,7,0.883138,0.039598,0.374459,0.274892,0.866477,0.847503,1,2,5;10;11;17;18;42,5;1;5;3;4;10,5,0,2,1,0,11.5,5.167,1,47,2,10
113000089,2024-09-20,113000088,HELDOUT_300,POST_2023,1;8;33;35;38;46,4;8;18;30;35;49,11,2,1,1,0,0,0,0,43,0.272727,6,8.0,0.174242,0.121212,0.05303,10,3,0,5.0,8,0.901347,0.037153,0.372294,0.359307,0.8654,0.84415,1,2,4;5;13;34;42;48,2;6;2;0;8;2,4,0,0,3,1,11.0,10.0,1,20,2,4
113000090,2024-09-24,113000089,HELDOUT_300,POST_2023,1;3;17;33;35;38,5;13;14;16;37;48,39,0,0,0,0,0,0,0,40,0.30303,9,7.0,0.189394,0.174242,0.015152,7,9,0,4.5,7,0.865226,0.042822,0.400433,0.257576,0.854952,0.831713,0,2,12;18;39;41;43;49,0;2;0;1;3;0,12,0,1,4,3,10.667,4.833,1,38,1,0
113000091,2024-09-27,113000090,HELDOUT_300,POST_2023,1;3;17;33;35;38,2;3;5;21;45;49,47,1,1,0,0,0,0,0,41,0.272727,8,6.8333,0.181818,0.143939,0.037879,5,7,0,4.3333,7,0.881545,0.039917,0.383117,0.28355,0.863115,0.851467,0,2,5;8;9;14;15;41,2;5;3;7;5;2,5,1,2,1,0,11.667,11.833,1,25,3,8
113000092,2024-10-01,113000091,HELDOUT_300,POST_2023,1;2;12;33;37;46,10;12;13;19;27;33,30,2,1,1,0,0,0,0,42,0.318182,7,6.3333,0.151515,0.143939,0.007576,4,5,0,4.3333,7,0.889763,0.037659,0.333333,0.140693,0.882961,0.851498,1,3,2;4;16;20;30;46,3;6;3;2;0;8,2,0,0,2,1,9.833,12.5,1,37,2,8
113000093,2024-10-04,113000092,HELDOUT_300,POST_2023,1;12;13;33;37;46,12;17;19;27;38;42,40,1,1,0,0,0,0,0,44,0.272727,6,6.5,0.136364,0.128788,0.007576,8,4,0,4.1667,8,0.915023,0.034651,0.335498,0.352814,0.89548,0.858257,1,2,3;7;11;15;26;45,6;0;2;4;4;4,3,1,2,2,1,6.333,5.333,1,24,3,3
113000094,2024-10-08,113000093,HELDOUT_300,POST_2023,1;3;12;13;33;38,3;5;7;31;33;45,19,2,1,1,0,0,0,0,39,0.325758,9,6.8333,0.159091,0.159091,0.0,4,4,1,4.6667,8,0.860301,0.04463,0.409091,0.218615,0.871727,0.827154,0,3,5;6;11;15;26;28,4;2;3;3;6;3,5,0,1,2,0,6.167,9.833,1,13,3,2
113000095,2024-10-11,113000094,HELDOUT_300,POST_2023,1;3;12;13;33;38,7;9;12;21;26;32,27,1,1,0,0,0,0,0,45,0.272727,6,6.3333,0.174242,0.143939,0.030303,8,4,0,4.1667,7,0.896514,0.038174,0.372294,0.309524,0.886445,0.86468,0,3,2;17;22;28;29;37,1;2;6;3;3;1,2,0,0,4,0,6.333,6.0,1,20,2,4
113000096,2024-10-15,113000095,HELDOUT_300,POST_2023,1;11;12;13;33;38,5;10;13;28;39;41,49,1,1,0,0,0,0,0,43,0.272727,6,6.5,0.174242,0.136364,0.037879,6,4,0,4.0,7,0.891739,0.038268,0.367965,0.270563,0.881127,0.867408,0,3,3;14;29;31;38;40,2;1;6;2;1;2,3,0,0,4,0,10.833,7.833,1,42,2,1
113000097,2024-10-18,113000096,HELDOUT_300,POST_2023,1;11;12;13;33;38,14;20;26;43;45;49,7,0,0,0,0,0,0,0,43,0.272727,6,6.6667,0.174242,0.166667,0.007576,6,4,0,4.1667,7,0.883842,0.039729,0.367965,0.264069,0.875656,0.856092,0,3,15;19;32;34;40;44,0;2;1;4;2;3,15,0,0,4,1,11.167,7.333,1,30,3,2
113000098,2024-10-22,113000097,HELDOUT_300,POST_2023,1;5;11;12;13;33,2;24;29;30;38;49,47,0,0,0,0,0,0,0,45,0.318182,7,7.0,0.181818,0.174242,0.007576,4,7,0,4.1667,8,0.879143,0.043908,0.428571,0.277056,0.874528,0.845632,0,4,9;21;31;35;36;42,1;2;2;1;6;5,9,0,1,5,0,11.667,8.833,1,20,2,2
113000099,2024-10-25,113000098,HELDOUT_300,POST_2023,1;5;12;33;35;38,7;19;25;35;36;38,42,2,1,1,0,0,0,0,42,0.318182,7,7.0,0.189394,0.181818,0.007576,9,6,0,4.6667,7,0.866616,0.044236,0.411255,0.238095,0.853687,0.822152,0,3,3;6;38;43;45;46,0;0;0;8;2;9,3,0,0,4,3,9.333,8.167,1,17,2,6
113000100,2024-10-29,113000099,HELDOUT_300,POST_2023,1;3;19;33;35;38,19;26;36;38;39;49,16,2,1,1,0,0,0,0,41,0.318182,7,7.6667,0.189394,0.166667,0.022727,7,6,0,4.8333,8,0.858326,0.045961,0.424242,0.242424,0.860304,0.830733,0,2,3;4;16;21;47;48,9;3;0;9;0;8,3,0,0,3,2,8.167,2.0,1,19,3,10
113000101,2024-11-01,113000100,HELDOUT_300,POST_2023,1;3;12;19;35;38,6;10;23;27;34;47,22,0,0,0,0,0,0,0,43,0.393939,12,7.5,0.181818,0.166667,0.015152,6,6,0,4.6667,8,0.860714,0.046645,0.422078,0.181818,0.843149,0.817885,0,3,10;21;28;33;39;42,3;1;2;1;1;5,10,0,1,5,0,8.667,15.5,1,20,2,5
113000102,2024-11-05,113000101,HELDOUT_300,POST_2023,1;3;12;19;33;38,4;17;21;30;41;49,48,0,0,0,0,0,0,0,40,0.318182,7,7.3333,0.189394,0.159091,0.030303,9,6,0,4.6667,8,0.851896,0.046523,0.435065,0.199134,0.846871,0.826941,0,3,10;14;29;40;41;47,0;3;3;0;1;11,10,0,1,4,2,10.5,6.833,1,49,2,1
113000103,2024-11-08,113000102,HELDOUT_300,POST_2023,1;3;9;12;19;33,1;11;42;46;47;49,7,1,1,0,0,0,0,0,36,0.318182,7,6.6667,0.174242,0.166667,0.007576,6,7,0,4.1667,8,0.840982,0.046354,0.406926,0.149351,0.834711,0.81383,0,4,1;7;10;18;33;48,7;7;4;0;2;10,1,1,2,2,1,12.333,16.167,0,12,3,8
113000104,2024-11-12,113000103,HELDOUT_300,POST_2023,3;5;8;33;35;38,11;25;26;33;34;41,27,1,1,0,0,0,0,0,38,0.280303,7,6.5,0.189394,0.181818,0.007576,6,4,0,4.1667,8,0.859558,0.042138,0.378788,0.164502,0.85591,0.82882,0,3,5;13;25;31;45;48,4;1;2;6;0;0,5,0,0,4,2,8.667,4.167,1,37,2,1
113000105,2024-11-15,113000104,HELDOUT_300,POST_2023,3;8;12;19;33;38,24;25;30;36;41;43,21,0,0,0,0,0,0,0,43,0.227273,7,6.6667,0.189394,0.174242,0.015152,6,6,0,4.6667,8,0.892354,0.037921,0.352814,0.305195,0.853009,0.829576,0,3,13;19;20;27;32;45,0;3;2;2;3;1,13,0,0,3,1,8.0,4.167,1,42,3,2
113000106,2024-11-19,113000105,HELDOUT_300,POST_2023,1;3;25;33;36;38,5;7;11;22;25;44,13,1,1,0,0,0,0,0,40,0.272727,7,6.8333,0.181818,0.174242,0.007576,4,5,0,4.3333,8,0.870841,0.040938,0.374459,0.238095,0.852934,0.817053,0,2,1;13;16;26;29;33,3;1;1;6;7;2,1,0,0,3,0,4.167,10.0,0,20,3,3
113000107,2024-11-22,113000106,HELDOUT_300,POST_2023,1;3;8;25;33;36,14;16;22;33;36;48,3,2,1,1,0,0,0,0,39,0.325758,9,6.3333,0.174242,0.166667,0.007576,5,7,0,3.5,7,0.874109,0.040732,0.374459,0.24026,0.85626,0.835166,0,3,2;3;16;22;27;49,3;3;2;6;9;0,2,0,0,3,1,6.833,8.333,1,4,2,7
113000108,2024-11-26,113000107,HELDOUT_300,POST_2023,2;3;8;25;33;36,11;40;42;45;47;49,27,0,0,0,0,0,0,0,43,0.325758,9,7.1667,0.136364,0.128788,0.007576,3,7,0,4.5,8,0.863981,0.046307,0.437229,0.266234,0.850218,0.82425,0,3,10;23;25;26;36;40,1;4;1;1;1;9,10,0,1,5,0,7.833,8.0,1,47,4,2
113000109,2024-11-29,113000108,HELDOUT_300,POST_2023,3;8;11;25;36;38,13;20;28;32;38;49,46,1,1,0,0,0,0,0,41,0.318182,10,7.3333,0.166667,0.159091,0.007576,8,5,0,4.3333,8,0.861968,0.045726,0.4329,0.264069,0.85406,0.82724,0,3,6;8;35;41;46;47,1;0;0;2;8;10,6,1,1,4,2,8.333,10.333,1,24,2,8
113000110,2024-12-03,113000109,HELDOUT_300,POST_2023,3;8;25;33;36;38,5;6;7;12;17;35,45,0,0,0,0,0,0,0,43,0.30303,10,7.6667,0.159091,0.151515,0.007576,7,10,0,4.8333,8,0.867988,0.044115,0.41342,0.242424,0.846903,0.820984,0,2,14;22;23;32;41;45,0;1;1;3;1;1,14,0,0,5,1,8.0,8.5,1,38,3,1
113000111,2024-12-06,113000110,HELDOUT_300,POST_2023,1;3;5;8;25;38,9;15;18;33;44;47,28,0,0,0,0,0,0,0,43,0.287879,8,6.3333,0.181818,0.174242,0.007576,4,8,0,3.8333,8,0.87856,0.041247,0.380952,0.246753,0.857782,0.823267,0,4,11;12;19;30;35;41,5;3;3;5;1;1,11,0,2,3,0,9.167,12.667,1,48,3,4
113000112,2024-12-10,113000111,HELDOUT_300,POST_2023,2;3;5;8;25;33,1;5;8;26;47;49,38,2,1,1,0,0,0,0,39,0.265152,8,6.3333,0.181818,0.159091,0.022727,4,6,0,4.3333,8,0.858552,0.043121,0.38961,0.205628,0.854319,0.80603,0,4,1;6;8;12;18;33,3;4;8;1;5;10,1,1,2,1,0,10.667,7.667,0,11,3,10
113000113,2024-12-13,113000112,HELDOUT_300,POST_2023,1;3;5;8;25;33,7;11;28;29;38;39,33,0,0,0,0,0,0,0,42,0.378788,10,7.3333,0.189394,0.181818,0.007576,6,7,0,4.6667,8,0.849386,0.04909,0.443723,0.209957,0.842557,0.79868,0,4,7;9;27;28;31;47,1;4;0;2;7;1,7,1,2,4,1,5.167,7.333,1,5,2,2
113000114,2024-12-17,113000113,HELDOUT_300,POST_2023,3;5;25;33;38;49,8;10;22;24;31;34,44,0,0,0,0,0,0,0,40,0.386364,10,9.0,0.159091,0.151515,0.007576,11,4,0,5.1667,9,0.854147,0.047778,0.4329,0.222944,0.835736,0.817074,1,2,12;14;16;18;19;33,3;3;1;2;2;3,12,0,1,1,0,6.0,10.167,1,30,2,4
113000115,2024-12-20,113000114,HELDOUT_300,POST_2023,3;5;8;11;25;33,3;8;18;26;40;46,22,2,1,1,0,0,0,0,35,0.386364,10,7.6667,0.181818,0.181818,0.0,8,4,1,4.8333,8,0.832608,0.048762,0.419913,0.168831,0.836716,0.799768,0,4,3;5;23;40;47;49,6;6;0;2;0;0,3,0,0,4,3,6.667,8.0,1,10,2,4
113000116,2024-12-24,113000115,HELDOUT_300,POST_2023,1;5;7;13;25;33,5;9;10;29;35;48,13,1,1,0,0,0,0,0,40,0.318182,8,6.5,0.166667,0.159091,0.007576,4,4,0,4.6667,8,0.868968,0.040976,0.357143,0.164502,0.864339,0.823417,0,3,1;13;28;31;39;45,8;4;1;0;1;2,1,0,0,4,1,5.5,4.833,0,5,2,3
113000117,2024-12-27,113000116,HELDOUT_300,POST_2023,1;2;5;21;26;33,21;26;28;30;32;34,40,2,1,1,0,0,0,0,41,0.477273,11,6.3333,0.159091,0.151515,0.007576,6,10,0,4.0,8,0.859147,0.047422,0.387446,0.160173,0.866088,0.821301,0,3,4;6;40;41;46;47,6;6;0;0;1;1,4,0,0,4,2,8.0,7.333,1,35,2,2
113000118,2024-12-31,113000117,HELDOUT_300,POST_2023,1;5;8;26;33;35,10;25;34;35;42;48,21,1,1,0,0,0,0,0,41,0.393939,9,7.3333,0.159091,0.151515,0.007576,7,10,0,5.0,8,0.864425,0.046214,0.411255,0.242424,0.844682,0.811672,0,3,6;18;30;35;40;45,1;0;2;7;4;2,6,0,0,4,1,3.5,4.833,1,11,2,1
114000001,2025-01-03,113000118,HELDOUT_300,POST_2023,5;10;26;33;35;38,6;9;15;29;30;48,23,0,0,0,0,0,0,0,41,0.439394,10,7.1667,0.151515,0.143939,0.007576,7,9,0,5.0,8,0.873251,0.044414,0.383117,0.246753,0.861254,0.814373,0,2,15;16;25;29;39;42,0;3;3;2;1;3,15,0,0,4,1,3.5,4.333,1,10,3,2
114000002,2025-01-07,114000001,HELDOUT_300,POST_2023,1;2;5;26;35;38,1;8;20;26;29;35,19,3,1,1,1,0,0,0,44,0.393939,9,6.5,0.159091,0.143939,0.015152,7,5,0,4.1667,8,0.895204,0.03987,0.367965,0.277056,0.880877,0.847448,0,3,2;3;5;15;23;46,4;3;0;7;3;8,2,0,0,2,1,7.667,5.0,1,27,2,8
114000003,2025-01-10,114000002,HELDOUT_300,POST_2023,1;4;5;8;26;35,14;29;35;36;37;49,40,1,1,0,0,0,0,0,41,0.333333,8,7.1667,0.151515,0.143939,0.007576,4,5,0,4.5,8,0.860912,0.045848,0.424242,0.24026,0.855773,0.832627,0,4,4;8;10;20;24;33,2;5;10;1;7;7,4,1,2,2,0,4.667,11.667,1,48,3,10
114000004,2025-01-14,114000003,HELDOUT_300,POST_2023,4;5;26;29;35;49,1;3;13;15;37;48,42,0,0,0,0,0,0,0,41,0.287879,7,8.1667,0.151515,0.143939,0.007576,10,6,0,5.5,9,0.884034,0.040404,0.387446,0.266234,0.860093,0.813433,1,2,11;12;13;23;41;47,2;2;3;2;0;1,11,0,2,3,1,5.167,4.833,1,22,2,2
114000005,2025-01-17,114000004,HELDOUT_300,POST_2023,1;4;5;16;26;35,11;18;32;39;44;49,46,0,0,0,0,0,0,0,40,0.265152,9,6.5,0.159091,0.143939,0.015152,5,5,0,4.1667,7,0.876548,0.040385,0.380952,0.253247,0.856054,0.834564,0,3,8;10;21;34;45;47,2;6;0;0;1;9,8,1,2,4,2,8.333,8.0,1,49,2,2
114000006,2025-01-21,114000005,HELDOUT_300,POST_2023,4;5;26;29;35;49,6;21;35;36;38;42,22,1,1,0,0,0,0,0,39,0.272727,9,7.8333,0.151515,0.143939,0.007576,6,6,0,5.1667,9,0.870063,0.040807,0.372294,0.296537,0.839812,0.807636,1,2,2;7;21;34;38;40,0;1;10;1;6;2,2,1,1,4,1,6.833,5.833,1,20,2,7
114000007,2025-01-24,114000006,HELDOUT_300,POST_2023,1;2;4;5;26;35,6;22;23;30;36;37,13,0,0,0,0,0,0,0,42,0.265152,9,6.5,0.174242,0.159091,0.015152,4,11,0,4.3333,8,0.871619,0.040976,0.37013,0.227273,0.852909,0.824863,0,4,10;19;31;33;34;48,4;1;5;1;1;0,10,0,1,4,1,11.333,7.667,1,26,2,1
114000008,2025-01-25,114000007,HELDOUT_300,POST_2023,2;4;5;6;26;35,2;3;10;12;34;40,41,1,1,0,0,0,0,0,42,0.318182,8,6.5,0.159091,0.151515,0.007576,4,4,0,4.0,8,0.882667,0.04121,0.398268,0.279221,0.883057,0.858524,0,4,2;10;17;18;32;49,6;2;3;2;0;1,2,0,1,2,1,11.833,12.5,1,42,2,3
114000009,2025-01-26,114000008,HELDOUT_300,POST_2023,4;5;16;26;30;35,7;12;16;31;40;43,34,1,1,0,0,0,0,0,43,0.265152,11,6.5,0.151515,0.151515,0.0,5,4,1,4.0,8,0.890177,0.038071,0.354978,0.285714,0.875668,0.854267,0,2,6;18;24;26;31;49,2;2;5;3;0;4,6,0,0,4,1,11.333,11.833,1,9,3,5
114000010,2025-01-27,114000009,HELDOUT_300,POST_2023,4;5;19;29;34;35,11;22;30;35;37;38,33,1,1,0,0,0,0,0,43,0.212121,5,5.5,0.166667,0.159091,0.007576,5,6,0,3.5,8,0.907137,0.034295,0.313853,0.296537,0.894198,0.868625,0,2,2;8;11;23;45;48,0;2;6;8;0;6,2,1,2,3,2,13.167,3.667,1,41,3,9
114000011,2025-01-28,114000010,HELDOUT_300,POST_2023,4;11;19;26;30;35,4;8;20;26;31;34,16,2,1,1,0,0,0,0,41,0.204545,8,6.1667,0.159091,0.151515,0.007576,6,4,0,3.8333,8,0.900867,0.034229,0.316017,0.229437,0.88985,0.869697,0,2,2;6;22;30;45;47,5;1;0;6;0;3,2,0,0,4,2,11.333,9.833,1,44,2,1
114000012,2025-01-29,114000011,HELDOUT_300,POST_2023,1;4;5;26;30;35,15;17;22;26;32;42,12,1,1,0,0,0,0,0,40,0.30303,9,6.8333,0.181818,0.181818,0.0,4,6,1,4.3333,8,0.864093,0.043224,0.400433,0.21645,0.873565,0.838326,0,3,1;10;17;23;34;48,3;3;1;9;0;2,1,0,1,3,1,4.667,7.333,0,16,2,1
114000013,2025-01-30,114000012,HELDOUT_300,POST_2023,1;5;19;26;34;35,5;8;27;29;30;48,35,1,1,0,0,0,0,0,39,0.318182,8,7.0,0.174242,0.159091,0.015152,6,7,0,4.8333,8,0.873979,0.040385,0.37013,0.194805,0.874751,0.825597,0,2,1;10;11;21;39;42,8;0;6;3;5;1,1,0,2,3,1,10.167,11.5,0,3,3,6
114000014,2025-01-31,114000013,HELDOUT_300,POST_2023,1;4;5;19;26;35,7;11;13;23;39;42,15,0,0,0,0,0,0,0,42,0.287879,8,6.6667,0.136364,0.136364,0.0,4,6,1,4.3333,8,0.887655,0.039654,0.380952,0.264069,0.877596,0.832175,0,3,19;25;29;37;44;46,0;0;2;3;2;2,19,0,0,5,2,8.667,6.167,1,48,2,1
114000015,2025-02-01,114000014,HELDOUT_300,POST_2023,5;11;19;26;30;35,2;9;10;18;39;40,8,0,0,0,0,0,0,0,45,0.219697,6,5.6667,0.136364,0.136364,0.0,4,8,1,4.3333,8,0.921258,0.032299,0.300866,0.274892,0.890152,0.85308,0,2,8;11;14;19;37;39,2;3;3;4;1;1,8,1,2,2,0,7.667,7.5,1,18,3,2
114000016,2025-02-02,114000015,HELDOUT_300,POST_2023,1;2;5;26;30;35,10;16;25;28;33;37,13,0,0,0,0,0,0,0,43,0.257576,7,6.0,0.159091,0.151515,0.007576,6,4,0,4.1667,8,0.89767,0.036946,0.352814,0.251082,0.889957,0.853486,0,3,16;21;25;37;40;47,2;2;0;1;2;1,16,0,0,5,1,4.833,11.667,1,35,1,0
114000017,2025-02-03,114000016,HELDOUT_300,POST_2023,1;5;10;11;19;30,7;20;29;32;33;39,47,0,0,0,0,0,0,0,45,0.219697,7,5.5,0.181818,0.174242,0.007576,5,7,0,3.8333,8,0.912618,0.034679,0.335498,0.305195,0.890997,0.877452,0,4,27;28;31;38;39;42,1;1;1;1;2;1,27,0,0,6,0,10.0,3.5,1,30,2,1
114000018,2025-02-04,114000017,HELDOUT_300,POST_2023,1;5;7;10;26;35,15;17;21;26;30;47,48,1,1,0,0,0,0,0,43,0.234848,7,6.0,0.174242,0.143939,0.030303,8,4,0,3.6667,8,0.897019,0.036506,0.350649,0.233766,0.901784,0.886717,0,4,1;9;38;42;45;47,0;1;0;7;5;2,1,0,1,4,2,6.0,9.833,0,39,2,3
114000019,2025-02-05,114000018,HELDOUT_300,POST_2023,1;4;5;26;30;35,3;6;13;32;33;41,44,0,0,0,0,0,0,0,45,0.234848,7,6.0,0.174242,0.174242,0.0,8,6,1,3.6667,7,0.90679,0.035325,0.331169,0.264069,0.895699,0.868845,0,3,20;26;28;29;39;45,1;1;1;1;1;5,20,0,0,5,0,6.667,10.667,1,32,2,1
114000020,2025-02-06,114000019,HELDOUT_300,POST_2023,1;4;5;7;14;26,2;5;18;19;42;45,11,1,1,0,0,0,0,0,39,0.234848,7,5.1667,0.166667,0.159091,0.007576,4,6,0,3.8333,6,0.883596,0.037387,0.344156,0.183983,0.881342,0.843109,0,4,5;11;13;28;30;40,0;5;1;4;1;8,5,0,1,3,1,9.0,15.167,1,42,2,4
114000021,2025-02-07,114000020,HELDOUT_300,POST_2023,4;5;7;10;30;33,14;22;25;44;46;49,16,0,0,0,0,0,0,0,42,0.212121,5,6.0,0.166667,0.159091,0.007576,6,4,0,4.0,7,0.896615,0.035888,0.331169,0.231602,0.890264,0.859901,0,4,14;18;20;25;26;27,2;2;2;5;7;6,14,0,0,3,0,4.167,14.667,1,24,4,7
114000022,2025-02-08,114000021,HELDOUT_300,POST_2023,1;4;5;7;10;30,3;6;23;26;40;43,2,0,0,0,0,0,0,0,41,0.30303,7,5.6667,0.143939,0.143939,0.0,6,7,1,3.5,7,0.886351,0.038633,0.350649,0.225108,0.892704,0.868672,0,5,10;13;15;16;27;39,1;2;4;5;1;6,10,0,1,2,0,7.667,6.333,1,42,2,5
114000023,2025-02-09,114000022,HELDOUT_300,POST_2023,1;3;5;7;10;26,4;6;13;14;22;25,35,0,0,0,0,0,0,0,41,0.318182,7,6.5,0.159091,0.151515,0.007576,6,4,0,4.3333,8,0.873121,0.041931,0.393939,0.175325,0.883278,0.854235,0,5,7;18;20;32;45;46,4;2;2;1;0;0,7,1,1,3,2,6.167,3.833,1,17,2,1
114000024,2025-02-10,114000023,HELDOUT_300,POST_2023,1;2;4;7;10;26,1;18;28;34;35;43,24,1,1,0,0,0,0,0,41,0.272727,6,6.6667,0.181818,0.166667,0.015152,5,4,0,4.1667,7,0.865697,0.043552,0.409091,0.188312,0.881327,0.844477,0,5,1;18;20;26;29;42,6;0;2;3;3;1,1,0,0,3,1,7.0,10.167,0,9,2,1
114000025,2025-02-11,114000024,HELDOUT_300,POST_2023,6;7;22;24;25;26,7;19;25;27;34;35,12,2,1,1,0,0,0,0,43,0.257576,10,5.8333,0.143939,0.136364,0.007576,6,3,0,3.5,7,0.910995,0.033583,0.309524,0.270563,0.896644,0.870378,0,2,2;4;11;20;24;27,6;2;5;4;3;4,2,0,1,2,0,7.667,4.833,1,26,2,8
114000026,2025-02-12,114000025,HELDOUT_300,POST_2023,1;7;16;25;26;30,12;30;31;37;47;49,38,1,1,0,0,0,0,0,42,0.295455,7,6.0,0.136364,0.136364,0.0,3,3,1,4.1667,7,0.901023,0.035522,0.318182,0.168831,0.892568,0.853178,0,2,5;12;17;22;26;40,4;6;4;3;1;6,5,0,1,3,0,4.333,10.5,1,29,2,8
114000027,2025-02-14,114000026,HELDOUT_300,POST_2023,4;7;8;16;24;26,8;11;14;29;33;45,34,1,1,0,0,0,0,0,42,0.219697,6,5.6667,0.159091,0.159091,0.0,6,7,1,3.5,7,0.900809,0.034894,0.316017,0.19697,0.88837,0.866823,0,3,1;20;24;36;37;43,6;2;0;1;1;5,1,0,0,4,1,11.167,9.333,0,18,2,2
114000028,2025-02-18,114000027,HELDOUT_300,POST_2023,4;5;9;11;25;26,5;9;10;31;35;37,30,2,1,1,0,0,0,0,42,0.204545,7,4.8333,0.159091,0.136364,0.022727,4,5,0,3.3333,8,0.914901,0.032121,0.290043,0.253247,0.895247,0.880649,0,4,4;5;11;14;29;47,4;4;4;1;7;0,4,0,1,2,1,6.0,6.667,1,7,2,5
114000029,2025-02-21,114000028,HELDOUT_300,POST_2023,2;16;25;26;30;35,2;7;27;30;38;49,6,2,1,1,0,0,0,0,42,0.234848,8,6.1667,0.136364,0.136364,0.0,3,3,1,4.0,7,0.9099,0.033461,0.305195,0.227273,0.891604,0.872559,0,1,5;6;18;23;31;33,3;1;4;6;2;6,5,0,0,3,0,6.167,7.0,1,7,2,7
114000030,2025-02-25,114000029,HELDOUT_300,POST_2023,4;7;16;25;26;30,13;15;24;37;38;43,44,0,0,0,0,0,0,0,41,0.265152,7,5.8333,0.143939,0.143939,0.0,5,8,1,4.3333,7,0.896822,0.035747,0.322511,0.227273,0.886134,0.853588,0,2,8;16;26;33;36;44,0;2;6;3;1;2,8,1,1,4,1,6.0,10.333,1,37,2,1
114000031,2025-02-28,114000030,HELDOUT_300,POST_2023,4;7;16;25;30;35,7;19;25;26;38;39,4,2,1,1,0,0,0,0,41,0.227273,7,6.3333,0.174242,0.143939,0.030303,4,5,0,3.5,7,0.89417,0.035916,0.337662,0.24026,0.88699,0.870083,0,2,2;3;7;21;38;44,5;0;7;5;3;1,2,1,1,3,1,6.0,6.333,1,6,3,6
114000032,2025-03-04,114000031,HELDOUT_300,POST_2023,2;7;16;26;30;35,7;21;31;36;46;47,8,1,1,0,0,0,0,0,40,0.30303,7,6.6667,0.166667,0.159091,0.007576,8,5,0,4.3333,8,0.875116,0.040292,0.372294,0.209957,0.883156,0.847887,0,2,1;24;28;36;37;39,7;2;1;4;3;1,1,0,0,5,0,4.667,10.167,0,18,2,4
114000033,2025-03-07,114000032,HELDOUT_300,POST_2023,4;7;16;25;26;30,5;7;26;30;40;48,8,3,1,1,1,0,0,0,43,0.409091,10,6.5,0.151515,0.143939,0.007576,5,8,0,4.0,7,0.876225,0.044002,0.398268,0.244589,0.879024,0.858204,0,2,1;5;6;29;39;49,1;10;6;5;0;3,1,0,0,3,1,6.0,7.167,0,15,3,8
114000034,2025-03-11,114000033,HELDOUT_300,POST_2023,1;4;7;16;26;30,2;18;25;37;38;47,42,0,0,0,0,0,0,0,41,0.416667,10,6.8333,0.136364,0.121212,0.015152,3,4,0,4.1667,7,0.8654,0.046298,0.415584,0.225108,0.867754,0.845875,0,3,11;19;21;27;28;37,1;2;3;4;6;2,11,0,1,4,0,7.0,4.5,1,25,3,6
114000035,2025-03-14,114000034,HELDOUT_300,POST_2023,4;7;8;16;17;25,6;7;13;17;21;23,48,2,1,1,0,0,0,0,41,0.295455,8,5.8333,0.159091,0.159091,0.0,4,7,1,4.0,7,0.884337,0.039289,0.363636,0.160173,0.887959,0.8478,0,3,2;5;22;28;43;45,0;6;0;6;1;4,2,0,0,4,2,9.833,8.667,1,38,2,4
114000036,2025-03-18,114000035,HELDOUT_300,POST_2023,4;7;16;25;30;37,7;8;13;17;29;36,18,1,1,0,0,0,0,0,43,0.333333,8,6.8333,0.166667,0.159091,0.007576,4,6,0,4.3333,8,0.889553,0.039083,0.361472,0.264069,0.876174,0.842735,0,2,1;16;21;24;30;34,8;2;2;1;2;1,1,0,0,4,0,6.833,4.167,0,42,2,4
114000037,2025-03-21,114000036,HELDOUT_300,POST_2023,4;7;16;25;30;37,13;25;29;40;46;47,22,1,1,0,0,0,0,0,39,0.356061,8,6.6667,0.143939,0.143939,0.0,6,6,1,4.3333,8,0.881014,0.04047,0.380952,0.279221,0.883872,0.83725,0,2,3;9;14;17;29;30,4;7;5;3;3;5,3,0,1,2,0,7.667,2.833,1,33,3,7
114000038,2025-03-25,114000037,HELDOUT_300,POST_2023,4;7;13;16;25;35,17;24;40;41;46;48,27,0,0,0,0,0,0,0,40,0.318182,7,7.1667,0.166667,0.151515,0.015152,8,6,0,4.8333,7,0.871731,0.041585,0.387446,0.21645,0.861299,0.802575,0,2,15;19;22;23;26;39,2;3;2;6;3;1,15,0,0,4,0,8.5,6.0,1,13,3,6
114000039,2025-03-28,114000038,HELDOUT_300,POST_2023,4;7;13;16;26;29,1;7;11;15;27;30,42,1,1,0,0,0,0,0,43,0.318182,7,6.1667,0.151515,0.128788,0.022727,5,6,0,4.1667,7,0.892667,0.03853,0.359307,0.248918,0.882712,0.852031,0,2,1;7;14;16;30;39,2;7;1;3;6;2,1,1,1,2,0,8.667,9.167,0,22,2,4
114000040,2025-04-01,114000039,HELDOUT_300,POST_2023,4;7;16;26;30;38,4;16;18;29;35;37,33,2,1,1,0,0,0,0,40,0.310606,7,6.3333,0.151515,0.136364,0.015152,7,6,0,4.3333,7,0.886333,0.037902,0.350649,0.225108,0.884277,0.841234,0,2,2;5;7;11;13;27,4;7;2;4;6;3,2,1,2,1,0,9.333,11.333,1,34,2,9
114000041,2025-04-04,114000040,HELDOUT_300,POST_2023,4;7;16;26;29;37,7;20;29;40;43;47,28,2,1,1,0,0,0,0,43,0.348485,8,6.8333,0.159091,0.159091,0.0,9,7,1,5.1667,8,0.887024,0.041041,0.385281,0.298701,0.868642,0.819888,0,2,1;4;16;19;34;35,8;3;7;2;1;4,1,0,0,2,0,2.333,7.5,0,48,3,9
114000042,2025-04-08,114000041,HELDOUT_300,POST_2023,7;19;26;29;37;41,10;26;33;39;45;46,19,1,1,0,0,0,0,0,43,0.393939,9,7.1667,0.136364,0.128788,0.007576,4,3,0,4.8333,8,0.889185,0.041575,0.376623,0.264069,0.870229,0.813844,0,1,4;21;28;37;42;49,1;5;1;0;4;4,4,0,0,5,1,4.667,11.333,1,6,1,0
114000043,2025-04-11,114000042,HELDOUT_300,POST_2023,4;7;12;26;29;40,6;10;11;17;23;32,27,0,0,0,0,0,0,0,44,0.272727,6,5.6667,0.143939,0.136364,0.007576,6,4,0,3.6667,7,0.908528,0.035269,0.335498,0.251082,0.894749,0.856579,0,3,7;8;32;34;41;48,1;4;1;1;0;6,7,2,2,4,1,4.5,8.333,1,26,2,4
114000044,2025-04-15,114000043,HELDOUT_300,POST_2023,4;7;12;19;26;29,18;28;37;41;43;46,11,0,0,0,0,0,0,0,44,0.348485,8,5.6667,0.143939,0.128788,0.015152,5,7,0,3.5,6,0.90652,0.036684,0.339827,0.322511,0.889091,0.85541,0,3,11;15;20;32;36;44,1;1;5;5;2;3,11,0,1,3,0,7.167,6.5,1,23,3,2
114000045,2025-04-18,114000044,HELDOUT_300,POST_2023,7;12;26;29;37;38,2;8;15;22;29;45,9,1,1,0,0,0,0,0,45,0.356061,8,6.3333,0.143939,0.136364,0.007576,4,3,0,4.1667,7,0.908919,0.036862,0.350649,0.322511,0.892258,0.865898,0,2,4;17;19;28;29;41,1;2;1;3;6;1,4,0,0,3,0,7.0,9.167,1,32,2,1
114000046,2025-04-22,114000045,HELDOUT_300,POST_2023,4;7;12;26;29;37,1;6;14;19;35;49,8,0,0,0,0,0,0,0,43,0.30303,7,6.0,0.136364,0.113636,0.022727,3,4,0,4.1667,7,0.900627,0.037181,0.359307,0.333333,0.877336,0.842674,0,3,9;18;25;31;43;44,0;1;2;5;5;1,9,0,1,4,1,6.333,11.167,1,15,2,2
114000047,2025-04-25,114000046,HELDOUT_300,POST_2023,7;12;16;26;29;37,20;21;24;25;31;35,28,0,0,0,0,0,0,0,43,0.295455,7,6.1667,0.151515,0.136364,0.015152,5,3,0,4.1667,7,0.907994,0.035354,0.335498,0.32684,0.88093,0.854224,0,2,8;23;24;31;42;46,1;0;3;2;1;6,8,1,1,5,1,7.333,8.833,1,41,2,1
114000048,2025-04-29,114000047,HELDOUT_300,POST_2023,4;7;12;29;35;37,7;11;24;26;30;42,37,1,1,0,0,0,0,0,40,0.272727,7,6.5,0.143939,0.136364,0.007576,6,3,0,4.3333,7,0.886494,0.037921,0.357143,0.218615,0.877174,0.837701,0,3,1;8;10;12;27;43,7;0;4;3;6;5,1,1,3,2,1,7.5,9.333,0,5,3,6
114000049,2025-05-02,114000048,HELDOUT_300,POST_2023,3;4;7;9;26;29,2;5;39;43;45;47,26,0,0,0,0,0,0,0,41,0.393939,9,6.3333,0.166667,0.166667,0.0,7,8,1,4.6667,7,0.872072,0.04299,0.378788,0.194805,0.864875,0.825874,0,4,10;24;31;35;37;38,1;3;1;1;1;3,10,0,1,5,0,10.5,7.333,1,6,3,1
114000050,2025-05-06,114000049,HELDOUT_300,POST_2023,3;4;7;9;29;37,5;8;9;25;30;45,31,1,1,0,0,0,0,0,43,0.310606,7,6.1667,0.166667,0.151515,0.015152,4,5,0,4.1667,8,0.896345,0.037921,0.365801,0.225108,0.883278,0.856718,0,4,2;11;19;27;40;44,1;0;6;4;6;3,2,0,1,3,1,12.167,5.667,1,17,2,3
114000051,2025-05-09,114000050,HELDOUT_300,POST_2023,6;7;12;29;30;37,15;27;33;42;48;49,39,0,0,0,0,0,0,0,41,0.295455,7,7.0,0.181818,0.174242,0.007576,5,4,0,5.0,8,0.889277,0.038333,0.367965,0.261905,0.866995,0.825727,0,3,25;29;30;41;44;49,0;2;1;1;0;1,25,0,0,6,2,7.833,8.0,1,48,2,1
114000052,2025-05-13,114000051,HELDOUT_300,POST_2023,4;7;12;15;29;37,1;23;29;41;45;49,24,1,1,0,0,0,0,0,41,0.272727,6,6.0,0.174242,0.151515,0.022727,5,7,0,3.6667,8,0.89616,0.036956,0.361472,0.229437,0.883606,0.849107,0,3,2;21;32;41;42;48,0;0;7;4;3;2,2,0,0,5,2,9.667,5.5,1,39,2,2
114000053,2025-05-16,114000052,HELDOUT_300,POST_2023,4;7;12;29;30;37,13;16;22;23;34;39,14,0,0,0,0,0,0,0,43,0.272727,6,7.1667,0.159091,0.143939,0.015152,5,6,0,4.5,8,0.893351,0.038586,0.374459,0.279221,0.871378,0.836497,0,3,11;22;23;27;37;42,1;4;2;2;2;1,11,0,1,5,0,9.667,11.667,1,43,2,2
114000054,2025-05-20,114000053,HELDOUT_300,POST_2023,3;4;7;12;13;37,2;11;15;26;29;48,31,0,0,0,0,0,0,0,43,0.272727,6,6.8333,0.159091,0.151515,0.007576,6,7,0,4.3333,7,0.882082,0.041379,0.406926,0.222944,0.867388,0.847164,0,4,7;11;25;34;43;44,0;1;3;1;7;1,7,1,2,4,1,15.167,4.167,1,15,2,2
114000055,2025-05-23,114000054,HELDOUT_300,POST_2023,2;3;4;7;29;37,1;7;11;24;44;48,10,1,1,0,0,0,0,0,44,0.272727,6,6.0,0.159091,0.143939,0.015152,7,6,0,3.8333,7,0.900553,0.037696,0.363636,0.229437,0.879063,0.848914,0,4,1;12;13;14;44;49,2;6;3;1;9;0,1,0,1,2,1,11.333,8.833,0,32,2,2
114000056,2025-05-27,114000055,HELDOUT_300,POST_2023,1;3;4;7;11;37,16;17;26;29;32;40,10,0,0,0,0,0,0,0,42,0.287879,7,5.8333,0.159091,0.151515,0.007576,5,7,0,4.1667,8,0.885209,0.039579,0.365801,0.264069,0.881503,0.839039,0,5,8;9;16;21;26;47,1;2;6;6;0;4,8,1,2,3,1,10.833,8.0,1,18,2,6
114000057,2025-05-30,114000056,HELDOUT_300,POST_2023,3;4;7;26;29;37,3;4;13;21;38;46,2,2,1,1,0,0,0,0,41,0.310606,7,7.3333,0.189394,0.159091,0.030303,8,6,0,5.0,8,0.866251,0.043777,0.409091,0.28355,0.87381,0.831109,0,3,1;4;11;31;34;44,7;6;0;1;6;2,1,0,1,3,1,11.5,17.0,0,12,3,9
114000058,2025-06-03,114000057,HELDOUT_300,POST_2023,3;7;10;12;26;29,9;24;32;40;41;49,27,0,0,0,0,0,0,0,42,0.340909,8,6.1667,0.166667,0.151515,0.015152,5,6,0,4.1667,8,0.887775,0.038999,0.359307,0.233766,0.88113,0.847497,0,4,8;9;22;27;42;48,4;0;1;7;3;1,8,1,2,4,1,9.167,4.5,1,38,2,3
114000059,2025-06-06,114000058,HELDOUT_300,POST_2023,3;7;12;26;29;37,11;13;15;39;42;46,28,0,0,0,0,0,0,0,42,0.30303,7,5.8333,0.136364,0.136364,0.0,3,4,1,4.0,8,0.902801,0.036066,0.339827,0.246753,0.885928,0.855131,0,3,8;22;24;27;32;49,2;5;2;0;1;4,8,1,1,5,1,10.0,4.5,1,11,1,0
114000060,2025-06-10,114000059,HELDOUT_300,POST_2023,3;7;11;12;13;15,3;5;12;16;22;48,30,2,1,1,0,0,0,0,38,0.44697,13,7.8333,0.181818,0.181818,0.0,6,10,1,5.1667,8,0.830059,0.053372,0.467532,0.17316,0.833129,0.785138,0,4,4;5;9;24;31;49,5;3;7;1;1;0,4,0,1,3,1,7.5,10.5,1,19,3,6
114000061,2025-06-13,114000060,HELDOUT_300,POST_2023,3;7;10;11;13;29,1;2;10;13;20;27,49,2,1,1,0,0,0,0,42,0.287879,7,6.3333,0.151515,0.151515,0.0,4,7,1,4.1667,8,0.883165,0.04032,0.378788,0.270563,0.877186,0.845548,0,4,2;6;15;26;31;39,1;2;4;9;1;2,2,0,0,3,0,5.667,9.5,1,35,3,4
114000062,2025-06-17,114000061,HELDOUT_300,POST_2023,4;7;11;13;15;29,13;20;21;26;31;44,28,1,1,0,0,0,0,0,41,0.462121,11,7.5,0.143939,0.136364,0.007576,8,3,0,5.0,8,0.859774,0.04775,0.406926,0.194805,0.859111,0.832658,0,3,2;12;18;21;37;43,9;0;1;6;3;5,2,0,1,3,1,4.167,5.833,1,11,2,7
114000063,2025-06-20,114000062,HELDOUT_300,POST_2023,2;4;7;11;13;26,4;20;31;40;42;48,24,1,1,0,0,0,0,0,41,0.431818,10,7.5,0.174242,0.143939,0.030303,4,4,0,4.8333,8,0.846974,0.051245,0.441558,0.264069,0.842722,0.826489,0,4,6;19;24;25;30;48,4;2;1;0;1;5,6,0,0,4,1,3.667,3.333,1,34,2,1
114000064,2025-06-24,114000063,HELDOUT_300,POST_2023,2;7;11;13;26;29,3;8;20;37;45;49,21,0,0,0,0,0,0,0,41,0.378788,9,7.0,0.136364,0.128788,0.007576,3,3,0,4.5,8,0.867006,0.044911,0.396104,0.233766,0.859315,0.843449,0,3,12;15;21;31;34;41,2;2;3;2;1;1,12,0,1,4,0,4.833,9.5,1,28,2,1
114000065,2025-06-27,114000064,HELDOUT_300,POST_2023,3;7;13;25;29;40,4;8;9;14;21;39,37,0,0,0,0,0,0,0,43,0.393939,10,7.6667,0.136364,0.128788,0.007576,3,4,0,4.8333,7,0.867472,0.047394,0.419913,0.268398,0.857394,0.844952,0,2,7;20;22;26;27;29,1;2;1;4;1;2,7,1,1,4,0,6.667,6.333,1,36,2,1
114000066,2025-07-01,114000065,HELDOUT_300,POST_2023,4;7;13;25;28;29,8;9;21;25;33;34,2,1,1,0,0,0,0,0,42,0.424242,11,6.3333,0.128788,0.121212,0.007576,5,3,0,4.1667,7,0.886208,0.04254,0.372294,0.190476,0.87712,0.852744,0,2,4;7;9;10;18;38,3;3;1;5;3;5,4,1,3,1,0,10.667,7.833,1,27,3,5
114000067,2025-07-04,114000066,HELDOUT_300,POST_2023,7;8;12;13;19;21,5;13;15;18;33;37,45,1,1,0,0,0,0,0,40,0.401515,9,7.5,0.128788,0.128788,0.0,4,9,1,4.8333,8,0.841019,0.051939,0.45671,0.231602,0.850276,0.826363,0,3,2;11;20;25;44;46,0;10;0;4;2;2,2,0,1,3,2,7.833,7.833,1,28,2,2
114000068,2025-07-08,114000067,HELDOUT_300,POST_2023,7;8;12;13;15;19,6;8;12;14;25;35,49,2,1,1,0,0,0,0,41,0.401515,11,6.5,0.143939,0.143939,0.0,4,6,1,4.1667,8,0.866646,0.045239,0.396104,0.251082,0.869528,0.83992,0,3,4;5;7;14;35;36,2;4;4;1;6;1,4,1,1,2,0,7.833,9.667,1,41,2,2
114000069,2025-07-11,114000068,HELDOUT_300,POST_2023,7;8;12;13;25;28,15;16;26;34;48;49,46,0,0,0,0,0,0,0,41,0.340909,10,7.0,0.143939,0.128788,0.015152,4,3,0,4.6667,8,0.871998,0.044255,0.411255,0.218615,0.880585,0.843166,0,3,14;16;19;29;39;41,3;3;2;3;2;1,14,0,0,3,0,7.333,5.333,1,26,2,2
114000070,2025-07-15,114000069,HELDOUT_300,POST_2023,7;8;13;25;26;28,32;33;41;45;46;49,10,0,0,0,0,0,0,0,42,0.371212,9,7.8333,0.143939,0.136364,0.007576,5,3,0,4.5,8,0.865164,0.046832,0.424242,0.257576,0.860059,0.843095,0,2,15;16;36;46;48;49,4;0;0;1;0;6,15,0,0,4,3,8.167,7.5,1,17,2,1
114000071,2025-07-18,114000070,HELDOUT_300,POST_2023,7;8;13;19;25;28,2;25;36;37;38;46,24,1,1,0,0,0,0,0,41,0.318182,8,6.1667,0.143939,0.128788,0.015152,5,3,0,4.1667,8,0.87947,0.040873,0.380952,0.21645,0.876205,0.835288,0,2,6;7;14;28;40;48,3;5;7;1;0;4,6,1,1,3,1,13.0,11.167,1,47,2,5
114000072,2025-07-22,114000071,HELDOUT_300,POST_2023,3;7;8;13;19;25,5;17;19;26;27;39,10,1,1,0,0,0,0,0,45,0.257576,6,5.5,0.159091,0.151515,0.007576,4,7,0,4.1667,8,0.907519,0.036169,0.354978,0.324675,0.890718,0.846221,0,3,3;11;12;31;38;39,1;3;6;5;1;1,3,0,2,3,0,10.167,11.333,1,35,2,3
114000073,2025-07-25,114000072,HELDOUT_300,POST_2023,3;7;13;25;26;37,2;4;23;35;41;47,6,0,0,0,0,0,0,0,43,0.30303,7,6.1667,0.143939,0.136364,0.007576,6,7,0,4.6667,7,0.898923,0.037246,0.357143,0.251082,0.896546,0.845856,0,2,15;16;29;30;33;35,2;1;3;1;2;4,15,0,0,4,0,6.333,10.333,1,44,2,3
114000074,2025-07-29,114000073,HELDOUT_300,POST_2023,2;3;7;13;25;37,2;5;14;19;36;45,43,1,1,0,0,0,0,0,43,0.318182,7,6.0,0.166667,0.151515,0.015152,7,7,0,4.0,7,0.892777,0.038989,0.374459,0.285714,0.890315,0.854305,0,3,5;11;15;32;38;46,4;2;0;1;5;2,5,0,1,3,1,7.167,3.0,1,23,2,1
114000075,2025-08-01,114000074,HELDOUT_300,POST_2023,2;3;7;13;22;37,4;14;19;28;40;41,31,0,0,0,0,0,0,0,41,0.340909,8,6.0,0.151515,0.151515,0.0,5,6,1,4.1667,8,0.887064,0.039673,0.376623,0.270563,0.885105,0.839239,0,3,8;12;26;29;42;44,0;2;0;7;3;3,8,1,2,4,2,9.833,8.167,1,30,2,3
114000076,2025-08-05,114000075,HELDOUT_300,POST_2023,2;3;7;13;22;37,1;20;34;36;37;40,3,1,1,0,0,0,0,0,43,0.325758,8,5.3333,0.136364,0.128788,0.007576,3,3,0,3.8333,8,0.909734,0.035054,0.329004,0.227273,0.901076,0.857799,0,3,3;12;20;25;37;41,2;1;4;1;6;3,3,0,1,3,0,10.833,7.0,1,2,2,2
114000077,2025-08-08,114000076,HELDOUT_300,POST_2023,2;3;7;13;29;37,11;16;17;21;24;29,34,1,1,0,0,0,0,0,44,0.333333,8,6.5,0.136364,0.128788,0.007576,3,5,0,4.5,7,0.897654,0.038361,0.363636,0.242424,0.886603,0.842438,0,3,5;11;21;23;36;42,3;1;2;1;3;7,5,0,1,4,0,11.667,13.667,1,31,3,4
114000078,2025-08-12,114000077,HELDOUT_300,POST_2023,2;3;6;7;13;37,6;7;15;22;37;42,36,3,1,1,1,0,0,0,42,0.348485,9,6.0,0.166667,0.128788,0.037879,5,3,0,4.1667,7,0.894802,0.038792,0.37013,0.279221,0.888953,0.859292,0,4,1;3;5;8;27;45,4;9;0;5;8;2,1,1,1,2,1,10.667,12.833,0,30,2,9
114000079,2025-08-15,114000078,HELDOUT_300,POST_2023,2;3;7;13;15;37,3;5;7;15;17;47,34,3,1,1,1,0,0,0,41,0.280303,7,7.1667,0.19697,0.166667,0.030303,8,5,0,5.0,7,0.870265,0.043224,0.422078,0.246753,0.879689,0.826989,0,3,2;3;5;33;43;46,6;0;7;8;0;3,2,0,0,3,2,5.833,5.0,1,41,2,6
114000080,2025-08-19,114000079,HELDOUT_300,POST_2023,3;7;9;13;15;37,2;23;25;33;41;46,22,0,0,0,0,0,0,0,42,0.295455,7,6.6667,0.181818,0.181818,0.0,4,5,1,4.5,7,0.882289,0.041041,0.396104,0.231602,0.877105,0.844396,0,3,15;21;29;38;39;43,0;1;1;1;4;5,15,0,0,5,1,5.333,7.667,1,35,2,3
114000081,2025-08-22,114000080,HELDOUT_300,POST_2023,2;7;9;10;25;38,23;33;38;43;45;47,36,1,1,0,0,0,0,0,44,0.287879,8,5.8333,0.151515,0.143939,0.007576,5,8,0,4.3333,7,0.892999,0.037752,0.350649,0.218615,0.882296,0.835734,0,4,6;10;25;31;36;37,1;1;5;8;1;6,6,0,1,4,0,8.167,8.833,1,33,3,6
114000082,2025-08-26,114000081,HELDOUT_300,POST_2023,2;5;7;9;10;13,3;6;22;32;35;39,27,0,0,0,0,0,0,0,41,0.310606,8,6.3333,0.159091,0.159091,0.0,4,6,1,4.3333,7,0.885507,0.040039,0.383117,0.235931,0.882289,0.850709,0,5,12;23;29;39;43;48,2;0;1;0;1;2,12,0,1,5,2,10.0,7.0,1,47,2,1
114000083,2025-08-29,114000082,HELDOUT_300,POST_2023,2;7;9;10;13;40,13;20;25;27;28;32,2,1,1,0,0,0,0,0,41,0.287879,7,6.6667,0.174242,0.136364,0.037879,4,5,0,4.5,7,0.87816,0.040507,0.385281,0.214286,0.877354,0.836419,0,4,3;10;28;35;39;46,9;1;1;0;5;2,3,0,1,4,1,11.5,7.667,1,1,3,2
114000084,2025-09-02,114000083,HELDOUT_300,POST_2023,2;10;12;13;25;30,2;6;9;19;20;30,25,2,1,1,0,0,0,0,39,0.30303,7,7.0,0.128788,0.113636,0.015152,8,3,0,4.5,7,0.881882,0.040076,0.385281,0.244589,0.873432,0.824038,0,3,1;6;7;23;34;44,7;1;3;0;2;8,1,1,1,3,1,13.167,11.333,0,4,2,4
114000085,2025-09-05,114000084,HELDOUT_300,POST_2023,2;10;12;13;15;18,10;13;14;17;19;29,40,2,1,1,0,0,0,0,40,0.310606,7,6.1667,0.174242,0.166667,0.007576,6,7,0,4.3333,7,0.875688,0.041107,0.380952,0.264069,0.868404,0.820993,0,3,2;3;9;25;32;33,6;7;1;1;1;6,2,0,1,3,0,11.333,8.5,1,20,2,5
114000086,2025-09-09,114000085,HELDOUT_300,POST_2023,2;12;13;15;18;20,12;20;25;26;40;45,34,2,1,1,0,0,0,0,40,0.280303,7,6.0,0.181818,0.174242,0.007576,8,8,0,4.5,8,0.875129,0.039383,0.354978,0.168831,0.865171,0.81769,0,2,3;6;18;20;21;32,5;8;3;1;3;7,3,0,0,2,0,8.167,8.667,1,38,2,9
114000087,2025-09-12,114000086,HELDOUT_300,POST_2023,2;12;13;17;20;25,2;3;4;11;15;41,26,1,1,0,0,0,0,0,39,0.310606,7,7.3333,0.181818,0.181818,0.0,5,5,1,4.8333,8,0.856975,0.044461,0.404762,0.266234,0.85261,0.80295,0,2,1;16;18;21;24;32,7;1;2;2;2;1,1,0,0,3,0,1.667,7.5,0,25,2,3
114000088,2025-09-16,114000087,HELDOUT_300,POST_2023,2;3;15;18;20;31,7;17;18;22;25;47,38,1,1,0,0,0,0,0,41,0.454545,11,7.3333,0.151515,0.151515,0.0,4,9,1,4.3333,7,0.855982,0.048968,0.4329,0.270563,0.850327,0.806694,0,2,5;14;15;18;34;36,2;3;5;1;5;2,5,0,0,2,0,8.5,8.0,1,32,2,3
114000089,2025-09-19,114000088,HELDOUT_300,POST_2023,2;12;15;17;20;31,14;17;26;36;38;41,8,1,1,0,0,0,0,0,41,0.363636,9,7.0,0.159091,0.151515,0.007576,5,9,0,4.0,8,0.86793,0.043712,0.391775,0.25974,0.848552,0.817773,0,2,6;20;24;25;35;44,0;5;1;3;3;3,6,0,0,4,1,6.167,5.167,1,18,2,4
114000090,2025-09-23,114000089,HELDOUT_300,POST_2023,2;14;17;20;26;45,5;14;22;25;27;45,3,2,1,1,0,0,0,0,40,0.325758,8,7.6667,0.174242,0.151515,0.022727,6,4,0,5.1667,9,0.863809,0.043599,0.398268,0.257576,0.85614,0.803715,1,1,3;5;12;27;42;46,0;6;1;6;0;9,3,0,1,3,2,2.333,4.5,1,31,2,7
114000091,2025-09-26,114000090,HELDOUT_300,POST_2023,2;14;18;20;25;45,1;2;25;29;41;49,35,2,1,1,0,0,0,0,39,0.272727,8,7.6667,0.189394,0.159091,0.030303,9,6,0,4.8333,9,0.866804,0.041453,0.383117,0.207792,0.846532,0.807083,1,1,3;6;8;24;39;44,3;6;9;0;4;2,3,1,1,3,1,2.5,8.167,1,46,3,7
114000092,2025-09-30,114000091,HELDOUT_300,POST_2023,2;12;16;25;31;45,19;20;22;32;36;42,35,0,0,0,0,0,0,0,41,0.431818,10,7.0,0.136364,0.136364,0.0,3,5,1,4.5,8,0.879777,0.043093,0.374459,0.294372,0.865833,0.824874,1,2,23;29;31;34;36;43,0;1;2;1;2;1,23,0,0,6,1,9.0,6.833,1,35,2,1
114000093,2025-10-03,114000092,HELDOUT_300,POST_2023,2;10;14;20;25;41,4;18;36;40;41;43,29,1,1,0,0,0,0,0,42,0.318182,7,6.8333,0.159091,0.136364,0.022727,9,3,0,4.8333,8,0.895961,0.03794,0.365801,0.320346,0.873481,0.821961,0,2,6;7;21;26;37;40,3;2;1;2;9;2,6,1,1,4,0,3.0,5.5,1,20,3,2
114000094,2025-10-07,114000093,HELDOUT_300,POST_2023,2;5;15;20;25;41,2;9;16;34;42;43,33,1,1,0,0,0,0,0,42,0.340909,8,6.8333,0.151515,0.143939,0.007576,6,4,0,4.8333,6,0.878527,0.04017,0.352814,0.238095,0.85867,0.820892,0,2,1;20;23;25;28;30,8;1;2;3;1;2,1,0,0,4,0,3.333,8.5,0,47,2,2
114000095,2025-10-10,114000094,HELDOUT_300,POST_2023,2;8;10;15;20;25,13;16;18;22;39;42,30,0,0,0,0,0,0,0,41,0.409091,9,6.8333,0.121212,0.121212,0.0,3,4,1,4.6667,7,0.869245,0.044658,0.404762,0.270563,0.853875,0.809037,0,3,20;21;23;26;35;36,2;1;3;2;1;1,20,0,0,5,0,8.833,5.0,1,13,2,1
114000096,2025-10-14,114000095,HELDOUT_300,POST_2023,2;12;13;20;25;31,11;16;20;31;39;41,6,2,1,1,0,0,0,0,42,0.30303,7,6.5,0.143939,0.136364,0.007576,7,8,0,4.5,7,0.886108,0.038699,0.352814,0.194805,0.872628,0.829735,0,2,5;6;7;27;34;37,1;1;5;7;2;8,5,1,1,3,0,9.167,8.5,1,21,3,7
114000097,2025-10-17,114000096,HELDOUT_300,POST_2023,2;8;13;16;20;25,3;15;16;31;32;45,42,1,1,0,0,0,0,0,43,0.424242,10,6.6667,0.128788,0.121212,0.007576,4,3,0,4.8333,7,0.883436,0.042503,0.372294,0.253247,0.862656,0.815111,0,2,6;15;17;19;26;38,2;2;4;1;1;8,6,0,0,2,0,7.0,5.667,1,21,3,3
114000098,2025-10-21,114000097,HELDOUT_300,POST_2023,2;8;20;25;28;41,14;20;25;42;44;49,12,2,1,1,0,0,0,0,41,0.318182,7,6.6667,0.143939,0.136364,0.007576,5,3,0,4.3333,7,0.889583,0.037574,0.333333,0.177489,0.870379,0.829936,0,2,3;4;14;22;27;41,1;7;7;3;8;1,3,0,0,3,0,10.0,10.5,1,11,3,8
114000099,2025-10-24,114000098,HELDOUT_300,POST_2023,2;8;10;17;20;25,13;22;23;33;39;40,31,0,0,0,0,0,0,0,40,0.234848,8,6.0,0.174242,0.166667,0.007576,4,4,0,4.3333,8,0.875006,0.039654,0.359307,0.186147,0.867692,0.812084,0,3,20;26;31;32;35;48,1;2;1;0;3;1,20,0,0,5,1,10.333,8.833,1,30,1,0
114000100,2025-10-28,114000099,HELDOUT_300,POST_2023,2;3;10;13;20;25,5;8;11;12;18;39,37,0,0,0,0,0,0,0,41,0.219697,8,6.1667,0.174242,0.166667,0.007576,4,5,0,4.3333,7,0.883136,0.038268,0.354978,0.222944,0.879772,0.830462,0,3,7;12;14;28;40;49,2;3;1;5;1;0,7,1,2,3,1,4.833,11.0,1,29,2,2
114000101,2025-10-31,114000100,HELDOUT_300,POST_2023,2;10;13;20;24;41,3;4;7;10;18;21,15,1,1,0,0,0,0,0,44,0.272727,7,6.3333,0.174242,0.136364,0.037879,5,4,0,4.1667,7,0.89855,0.036609,0.34632,0.209957,0.883537,0.845246,0,2,3;13;17;18;26;43,2;1;2;5;1;4,3,0,0,2,0,9.5,11.0,1,9,3,3
114000102,2025-11-04,114000101,HELDOUT_300,POST_2023,2;13;14;17;20;24,16;25;27;35;47;48,14,0,0,0,0,0,0,0,41,0.272727,7,6.1667,0.181818,0.181818,0.0,4,8,1,3.6667,7,0.874249,0.041022,0.378788,0.188312,0.873445,0.835141,0,1,8;11;12;22;31;46,5;8;0;5;3;6,8,1,3,3,1,9.5,14.667,1,6,2,7
114000103,2025-11-07,114000102,HELDOUT_300,POST_2023,2;13;16;20;24;25,4;11;22;32;33;41,43,0,0,0,0,0,0,0,40,0.287879,8,7.1667,0.189394,0.174242,0.015152,6,5,0,4.8333,7,0.86989,0.042212,0.400433,0.179654,0.865795,0.829648,0,1,12;18;33;38;42;45,0;0;1;1;4;9,12,0,1,4,2,7.667,4.333,1,17,2,3
114000104,2025-11-11,114000103,HELDOUT_300,POST_2023,2;4;20;24;25;30,11;16;24;42;44;47,32,1,1,0,0,0,0,0,44,0.318182,8,7.1667,0.136364,0.136364,0.0,5,3,1,4.5,8,0.891916,0.039711,0.372294,0.244589,0.870203,0.843223,0,2,4;8;18;21;33;38,1;5;6;2;5;2,4,1,1,3,0,11.0,7.333,1,19,3,6
114000105,2025-11-14,114000104,HELDOUT_300,POST_2023,1;4;6;16;20;25,21;25;26;38;41;46,4,1,1,0,0,0,0,0,42,0.25,8,6.3333,0.159091,0.151515,0.007576,5,4,0,4.5,8,0.884228,0.038867,0.363636,0.201299,0.882718,0.839061,0,3,4;8;20;29;39;46,0;8;2;1;8;5,4,1,1,3,1,8.0,11.0,1,6,2,8
114000106,2025-11-18,114000105,HELDOUT_300,POST_2023,1;2;16;20;25;41,8;9;10;23;24;43,45,0,0,0,0,0,0,0,41,0.318182,7,7.0,0.166667,0.151515,0.015152,8,5,0,5.1667,8,0.88058,0.040348,0.378788,0.233766,0.878482,0.810599,0,2,12;24;26;30;44;46,1;0;3;0;2;4,12,0,1,5,2,6.5,7.333,1,22,3,3
114000107,2025-11-21,114000106,HELDOUT_300,POST_2023,1;2;4;6;13;20,14;20;21;28;31;46,37,1,1,0,0,0,0,0,40,0.287879,9,5.8333,0.166667,0.159091,0.007576,5,6,0,3.8333,6,0.873464,0.039804,0.354978,0.179654,0.877551,0.83566,0,4,3;12;23;33;35;45,2;7;0;5;1;3,3,0,1,4,1,12.167,9.333,1,22,2,1
114000108,2025-11-25,114000107,HELDOUT_300,POST_2023,1;2;6;14;16;20,2;10;12;20;23;24,28,2,1,1,0,0,0,0,41,0.280303,8,6.8333,0.181818,0.159091,0.022727,5,4,0,4.3333,8,0.861488,0.044152,0.411255,0.203463,0.865923,0.832767,0,3,1;5;16;36;44;45,8;1;3;7;0;0,1,0,0,3,2,10.167,4.833,0,12,2,7
114000109,2025-11-28,114000108,HELDOUT_300,POST_2023,1;2;6;16;20;25,8;12;18;28;37;46,34,0,0,0,0,0,0,0,43,0.318182,8,6.8333,0.143939,0.136364,0.007576,6,8,0,4.6667,8,0.882827,0.041622,0.404762,0.25974,0.87492,0.848595,0,3,8;11;26;27;30;31,1;2;1;4;6;3,8,1,2,4,0,9.0,7.833,1,23,2,5
114000110,2025-12-02,114000109,HELDOUT_300,POST_2023,1;2;6;14;20;25,14;20;32;35;42;48,28,2,1,1,0,0,0,0,44,0.227273,5,6.0,0.174242,0.166667,0.007576,7,6,0,4.0,7,0.901756,0.036553,0.357143,0.300866,0.879223,0.848662,0,3,4;5;28;29;35;49,5;7;1;1;1;0,4,0,0,4,1,9.5,5.667,1,39,2,3
114000111,2025-12-05,114000110,HELDOUT_300,POST_2023,1;2;6;14;20;25,8;15;23;24;41;47,2,0,0,0,0,0,0,0,42,0.280303,9,6.8333,0.143939,0.136364,0.007576,6,3,0,4.5,7,0.885921,0.039636,0.385281,0.313853,0.872334,0.845758,0,3,8;14;23;36;39;45,2;2;0;1;7;3,8,1,1,4,1,9.667,5.833,1,4,2,3
114000112,2025-12-09,114000111,HELDOUT_300,POST_2023,1;2;6;8;14;20,5;10;18;26;28;44,48,0,0,0,0,0,0,0,41,0.257576,7,5.8333,0.166667,0.159091,0.007576,4,9,0,4.0,8,0.890737,0.038062,0.367965,0.320346,0.874538,0.838317,0,4,19;21;34;39;43;45,1;0;2;1;0;5,19,0,0,5,2,9.667,6.167,1,40,1,0
114000113,2025-12-12,114000112,HELDOUT_300,POST_2023,1;2;4;6;14;20,15;17;24;26;40;47,33,0,0,0,0,0,0,0,41,0.280303,9,6.8333,0.166667,0.159091,0.007576,5,7,0,4.6667,7,0.878114,0.040816,0.393939,0.28355,0.869697,0.841473,0,4,22;23;28;34;41;44,0;2;1;1;2;4,22,0,0,6,1,12.0,7.5,1,16,2,2
114000114,2025-12-16,114000113,HELDOUT_300,POST_2023,1;2;6;8;14;20,6;7;15;19;24;33,46,1,1,0,0,0,0,0,43,0.272727,6,5.8333,0.159091,0.151515,0.007576,6,8,0,4.3333,7,0.902223,0.035925,0.339827,0.274892,0.886393,0.86109,0,4,3;17;19;27;29;36,5;2;3;2;2;2,3,0,0,3,0,11.667,13.0,1,18,3,4
114000115,2025-12-19,114000114,HELDOUT_300,POST_2023,1;14;15;25;29;30,6;8;11;12;18;46,37,0,0,0,0,0,0,0,43,0.318182,7,7.1667,0.174242,0.151515,0.022727,8,6,0,4.6667,7,0.891067,0.03897,0.372294,0.261905,0.87652,0.849085,0,1,10;13;19;38;45;46,3;2;0;0;3;2,10,0,1,3,2,15.833,5.167,1,12,2,2
114000116,2025-12-23,114000115,HELDOUT_300,POST_2023,1;2;6;15;25;30,1;3;12;33;39;41,29,1,1,0,0,0,0,0,41,0.272727,6,6.0,0.166667,0.166667,0.0,4,6,1,4.0,8,0.87902,0.039392,0.348485,0.199134,0.877885,0.826984,0,3,1;9;18;39;44;49,6;2;0;1;0;8,1,0,1,3,2,13.167,10.667,0,8,2,2
114000117,2025-12-26,114000116,HELDOUT_300,POST_2023,1;15;18;20;29;41,5;7;9;14;17;30,47,0,0,0,0,0,0,0,42,0.227273,5,6.6667,0.166667,0.159091,0.007576,6,7,0,4.6667,8,0.906584,0.034604,0.329004,0.339827,0.885512,0.849337,0,1,7;8;10;31;43;45,0;1;3;6;0;7,7,2,3,3,2,6.667,10.5,1,39,2,3
114000118,2025-12-30,114000117,HELDOUT_300,POST_2023,2;14;20;29;30;41,5;10;15;20;24;29,34,2,1,1,0,0,0,0,41,0.257576,7,7.1667,0.151515,0.143939,0.007576,5,5,0,4.6667,8,0.90109,0.035597,0.339827,0.307359,0.879781,0.842545,0,1,2;5;12;18;24;40,2;2;5;7;1;8,2,0,1,2,0,8.167,8.333,1,16,3,7
115000001,2026-01-02,114000118,HELDOUT_300,POST_2023,1;5;14;15;20;25,3;7;16;19;40;42,12,0,0,0,0,0,0,0,42,0.287879,9,7.0,0.166667,0.151515,0.015152,8,4,0,4.3333,7,0.889171,0.038839,0.367965,0.246753,0.865214,0.849047,0,2,10;28;29;30;31;49,1;1;4;1;0;1,10,0,1,5,1,3.667,6.667,1,35,2,2
115000002,2026-01-06,115000001,HELDOUT_300,POST_2023,2;14;15;20;30;41,2;23;33;38;39;45,6,1,1,0,0,0,0,0,42,0.280303,9,7.0,0.166667,0.159091,0.007576,8,7,0,4.5,7,0.884521,0.03912,0.365801,0.25974,0.873417,0.853048,0,1,3;25;28;41;48;49,6;1;0;1;0;3,3,0,0,5,2,4.333,11.167,1,43,1,0
115000003,2026-01-09,115000002,HELDOUT_300,POST_2023,2;5;15;20;30;34,1;7;13;14;34;45,8,1,1,0,0,0,0,0,45,0.287879,7,6.5,0.136364,0.128788,0.007576,7,5,0,4.1667,8,0.913128,0.036094,0.354978,0.387446,0.887453,0.8676,0,2,6;7;11;13;15;29,2;2;2;5;7;3,6,1,2,1,0,6.833,10.167,1,36,2,5
115000004,2026-01-13,115000003,HELDOUT_300,POST_2023,1;2;5;7;14;20,2;10;18;19;39;49,24,1,1,0,0,0,0,0,44,0.227273,6,5.8333,0.136364,0.136364,0.0,3,3,1,4.3333,7,0.907852,0.035185,0.341991,0.261905,0.891498,0.85537,0,4,3;10;24;25;33;38,6;2;4;1;3;8,3,0,1,4,0,2.167,7.0,1,20,2,6
115000005,2026-01-16,115000004,HELDOUT_300,POST_2023,2;7;14;18;20;27,9;10;21;22;25;36,20,0,0,0,0,0,0,0,40,0.333333,8,7.0,0.159091,0.128788,0.030303,6,3,0,4.6667,8,0.871465,0.041585,0.391775,0.15368,0.875831,0.830592,0,2,9;11;13;26;29;44,0;3;1;3;6;4,9,0,2,3,1,5.333,15.167,1,6,3,3
115000006,2026-01-20,115000005,HELDOUT_300,POST_2023,2;7;14;18;20;27,2;7;26;41;44;45,46,2,1,1,0,0,0,0,45,0.265152,8,6.5,0.151515,0.151515,0.0,6,5,1,4.5,8,0.892102,0.039036,0.372294,0.201299,0.886959,0.854783,0,2,3;4;10;26;29;35,6;6;1;6;1;3,3,0,1,3,0,6.333,6.5,1,43,2,7
115000007,2026-01-23,115000006,HELDOUT_300,POST_2023,2;7;10;18;27;41,21;23;32;36;39;43,12,0,0,0,0,0,0,0,40,0.310606,7,7.0,0.166667,0.159091,0.007576,5,5,0,4.6667,8,0.864771,0.042503,0.385281,0.145022,0.879226,0.832476,0,3,16;17;21;39;45;46,0;0;3;1;4;4,16,0,0,4,2,5.167,7.667,1,36,2,3
115000008,2026-01-27,115000007,HELDOUT_300,POST_2023,2;4;7;20;27;31,4;11;24;25;29;30,8,1,1,0,0,0,0,0,41,0.333333,9,6.6667,0.166667,0.143939,0.022727,5,5,0,4.1667,7,0.871609,0.042943,0.396104,0.227273,0.865449,0.832037,0,3,4;9;13;36;45;46,4;1;0;5;0;4,4,0,1,3,2,13.0,10.333,1,18,2,1
115000009,2026-01-30,115000008,HELDOUT_300,POST_2023,2;7;20;24;25;27,9;13;27;31;32;39,19,1,1,0,0,0,0,0,42,0.310606,9,7.5,0.19697,0.143939,0.05303,6,7,0,5.0,8,0.879335,0.042044,0.417749,0.292208,0.872227,0.816442,0,2,4;15;16;21;38;43,1;0;7;4;2;5,4,0,0,3,1,7.0,9.833,1,25,2,4
115000010,2026-02-03,115000009,HELDOUT_300,POST_2023,1;2;7;20;25;39,6;14;32;33;39;43,13,1,1,0,0,0,0,0,41,0.272727,6,6.6667,0.151515,0.143939,0.007576,5,7,0,4.5,6,0.888853,0.038005,0.354978,0.231602,0.875164,0.832406,0,3,5;9;14;18;34;39,3;2;3;1;9;1,5,0,1,2,0,4.667,5.5,1,21,2,3
115000011,2026-02-06,115000010,HELDOUT_300,POST_2023,1;2;20;25;32;35,4;12;24;25;39;48,9,1,1,0,0,0,0,0,42,0.30303,8,6.6667,0.166667,0.143939,0.022727,6,9,0,4.0,8,0.891715,0.037855,0.34632,0.244589,0.86135,0.844723,0,2,4;7;21;22;25;31,1;2;2;5;9;4,4,1,1,4,0,7.833,7.0,1,26,2,6
115000012,2026-02-10,115000011,HELDOUT_300,POST_2023,1;2;24;25;32;39,6;16;20;21;24;35,13,1,1,0,0,0,0,0,41,0.257576,7,7.5,0.174242,0.166667,0.007576,10,6,0,4.8333,8,0.887824,0.037968,0.350649,0.270563,0.861991,0.828467,0,2,5;7;12;24;26;43,1;2;6;0;6;6,5,1,2,3,1,3.333,8.5,1,32,2,4
115000013,2026-02-12,115000012,HELDOUT_300,POST_2023,1;14;20;24;25;39,1;3;8;15;20;48,46,2,1,1,0,0,0,0,38,0.265152,10,7.6667,0.219697,0.181818,0.037879,10,5,0,4.8333,8,0.863676,0.042709,0.406926,0.229437,0.84157,0.794432,0,1,4;5;11;14;16;30,5;2;3;3;6;3,4,0,1,1,0,3.167,9.0,1,28,3,5
115000014,2026-02-13,115000013,HELDOUT_300,POST_2023,1;5;20;24;25;39,9;20;25;35;39;48,47,3,1,1,1,0,0,0,41,0.378788,9,7.5,0.166667,0.151515,0.015152,4,9,0,4.6667,8,0.873407,0.043543,0.400433,0.233766,0.836763,0.798348,0,2,1;3;5;23;31;33,1;9;9;1;10;3,1,0,0,3,0,4.0,2.5,0,37,3,10
115000015,2026-02-14,115000014,HELDOUT_300,POST_2023,14;20;24;25;37;39,1;11;22;35;36;40,28,0,0,0,0,0,0,0,43,0.401515,10,9.0,0.151515,0.143939,0.007576,5,4,0,5.6667,8,0.868976,0.046185,0.417749,0.227273,0.837739,0.803669,0,0,20;21;41;43;45;49,1;0;2;1;0;1,20,0,0,5,2,5.833,7.0,1,11,2,1
115000016,2026-02-15,115000015,HELDOUT_300,POST_2023,2;20;24;25;28;39,3;6;11;18;25;28,35,2,1,1,0,0,0,0,43,0.318182,8,8.0,0.181818,0.166667,0.015152,9,6,0,4.8333,8,0.873648,0.043834,0.41342,0.246753,0.8418,0.832437,0,1,3;5;18;20;21;31,1;1;1;2;10;6,3,0,0,2,0,7.0,7.333,1,14,2,3
115000017,2026-02-16,115000016,HELDOUT_300,POST_2023,6;11;20;24;25;39,11;16;18;27;38;46,43,1,1,0,0,0,0,0,42,0.333333,10,7.8333,0.174242,0.174242,0.0,4,8,1,4.8333,8,0.873156,0.04225,0.387446,0.268398,0.847947,0.834961,0,2,2;8;9;22;31;38,6;1;6;3;4;2,2,1,2,3,0,2.333,8.333,1,23,3,5
115000018,2026-02-17,115000017,HELDOUT_300,POST_2023,11;13;18;20;25;34,6;12;24;26;37;46,36,0,0,0,0,0,0,0,40,0.386364,10,7.1667,0.151515,0.151515,0.0,4,5,1,4.8333,7,0.858816,0.045323,0.398268,0.220779,0.847765,0.815012,0,1,10;14;15;30;40;47,2;1;5;0;7;1,10,0,1,3,1,5.333,9.167,1,39,1,0
115000019,2026-02-18,115000018,HELDOUT_300,POST_2023,6;11;13;18;24;25,16;35;36;37;39;49,45,0,0,0,0,0,0,0,39,0.333333,9,7.3333,0.174242,0.166667,0.007576,5,9,0,4.6667,7,0.864641,0.042925,0.393939,0.203463,0.840234,0.811114,0,2,7;9;17;22;24;46,4;2;0;4;9;7,7,1,2,3,1,3.167,5.167,1,20,3,7
115000020,2026-02-19,115000019,HELDOUT_300,POST_2023,16;17;18;20;24;25,20;28;29;31;35;41,6,1,1,0,0,0,0,0,40,0.287879,9,8.3333,0.19697,0.159091,0.037879,9,4,0,5.0,7,0.867981,0.042709,0.411255,0.277056,0.842008,0.820987,0,0,2;17;20;26;31;34,9;1;3;1;4;3,2,0,0,3,0,6.167,8.0,1,25,2,5
115000021,2026-02-20,115000020,HELDOUT_300,POST_2023,16;17;20;24;25;39,13;15;18;24;33;49,10,1,1,0,0,0,0,0,41,0.431818,12,8.3333,0.136364,0.136364,0.0,3,5,1,5.0,7,0.862674,0.045989,0.404762,0.264069,0.843232,0.825991,0,0,2;7;15;38;45;48,2;0;5;9;0;2,2,1,1,3,2,5.833,6.667,1,14,2,5
115000022,2026-02-21,115000021,HELDOUT_300,POST_2023,16;17;18;20;24;39,12;13;17;27;41;48,46,1,1,0,0,0,0,0,43,0.242424,8,8.1667,0.189394,0.181818,0.007576,10,4,0,5.1667,8,0.88649,0.039748,0.385281,0.272727,0.860222,0.82725,0,0,4;11;36;41;44;46,0;3;7;0;2;3,4,0,1,4,2,5.5,7.167,1,39,2,3
115000023,2026-02-22,115000022,HELDOUT_300,POST_2023,5;16;18;20;24;39,5;7;17;22;24;47,20,2,1,1,0,0,0,0,40,0.280303,9,8.6667,0.204545,0.136364,0.068182,10,4,0,5.3333,8,0.860846,0.044639,0.4329,0.21645,0.846191,0.820234,0,1,3;4;9;27;30;45,6;1;4;0;10;5,3,0,1,3,1,6.333,13.167,1,1,3,6
115000024,2026-02-23,115000023,HELDOUT_300,POST_2023,1;16;18;20;24;39,6;10;23;27;47;48,30,0,0,0,0,0,0,0,43,0.280303,9,7.8333,0.166667,0.143939,0.022727,9,6,0,5.0,8,0.884316,0.040582,0.396104,0.268398,0.86465,0.840895,0,1,18;26;31;35;43;47,1;2;2;0;4;1,18,0,0,5,1,4.5,7.833,1,14,2,2
115000025,2026-02-24,115000024,HELDOUT_300,POST_2023,6;16;18;19;24;39,12;19;22;27;28;31,45,1,1,0,0,0,0,0,41,0.265152,8,6.8333,0.159091,0.143939,0.015152,8,6,0,4.0,7,0.890282,0.037705,0.361472,0.222944,0.882064,0.85807,0,1,5;19;26;28;46;49,2;5;0;3;0;1,5,0,0,4,2,6.667,6.167,1,31,1,0
115000026,2026-02-25,115000025,HELDOUT_300,POST_2023,6;12;16;18;20;24,7;15;22;38;45;49,31,0,0,0,0,0,0,0,43,0.257576,7,6.3333,0.136364,0.136364,0.0,6,4,1,4.1667,8,0.901998,0.035616,0.339827,0.279221,0.885298,0.850239,0,2,23;27;28;29;38;41,2;1;1;4;3;2,23,0,0,6,0,4.0,7.167,1,46,2,1
115000027,2026-02-26,115000026,HELDOUT_300,POST_2023,7;11;12;16;20;24,1;16;22;24;47;48,7,2,1,1,0,0,0,0,41,0.219697,9,6.3333,0.159091,0.159091,0.0,4,5,1,4.5,8,0.891292,0.036572,0.329004,0.209957,0.884779,0.838644,0,3,1;2;9;16;36;40,2;7;5;9;3;2,1,0,1,2,0,5.333,5.167,0,5,3,9
115000028,2026-02-27,115000027,HELDOUT_300,POST_2023,2;7;16;20;22;24,14;18;19;34;45;47,48,0,0,0,0,0,0,0,38,0.272727,10,6.3333,0.174242,0.166667,0.007576,7,5,0,4.3333,7,0.882333,0.037293,0.339827,0.199134,0.87412,0.807932,0,2,12;17;20;24;25;27,2;3;2;5;2;5,12,0,1,3,0,5.833,9.333,1,22,2,5
115000029,2026-02-28,115000028,HELDOUT_300,POST_2023,2;7;18;22;24;30,17;23;30;37;39;49,43,1,1,0,0,0,0,0,40,0.363636,10,6.0,0.128788,0.128788,0.0,3,5,1,3.8333,7,0.873644,0.04166,0.367965,0.177489,0.877455,0.829587,0,2,5;13;20;35;38;39,1;1;4;4;5;2,5,0,0,3,0,8.667,9.167,1,21,2,3
115000030,2026-03-01,115000029,HELDOUT_300,POST_2023,2;4;12;18;20;24,4;7;34;40;44;49,37,1,1,0,0,0,0,0,41,0.333333,9,7.1667,0.174242,0.151515,0.022727,6,7,0,4.6667,7,0.865916,0.043974,0.415584,0.229437,0.862253,0.825202,0,3,5;15;24;30;31;38,5;1;4;1;2;5,5,0,0,4,0,10.5,10.833,1,47,2,4
115000031,2026-03-02,115000030,HELDOUT_300,POST_2023,2;7;18;22;24;34,19;25;27;28;33;39,37,0,0,0,0,0,0,0,40,0.340909,9,7.1667,0.143939,0.143939,0.0,6,7,1,4.3333,7,0.876931,0.042053,0.385281,0.222944,0.868975,0.83607,0,2,7;15;16;19;33;44,1;3;3;0;4;7,7,1,1,2,1,6.333,7.0,1,47,3,2
115000032,2026-03-03,115000031,HELDOUT_300,POST_2023,2;7;10;11;12;24,5;26;27;35;45;46,37,0,0,0,0,0,0,0,41,0.318182,7,5.6667,0.136364,0.136364,0.0,6,5,1,4.1667,7,0.90331,0.035297,0.311688,0.194805,0.889522,0.849629,0,5,17;19;35;40;46;49,2;1;4;0;2;0,17,0,0,4,2,10.5,9.0,1,47,2,1
115000033,2026-03-06,115000032,HELDOUT_300,POST_2023,2;6;7;10;18;39,9;11;12;14;23;25,42,0,0,0,0,0,0,0,42,0.318182,7,6.5,0.159091,0.143939,0.015152,4,8,0,3.8333,6,0.889947,0.038464,0.361472,0.238095,0.883053,0.857731,0,4,9;10;23;24;31;45,2;2;4;0;2;5,9,0,2,4,1,9.167,9.0,1,7,2,2
115000034,2026-03-10,115000033,HELDOUT_300,POST_2023,2;12;24;25;27;39,5;11;29;37;43;47,10,0,0,0,0,0,0,0,46,0.272727,6,7.0,0.136364,0.128788,0.007576,8,8,0,4.3333,7,0.917559,0.035035,0.350649,0.385281,0.882855,0.866516,0,2,8;10;16;22;31;35,2;3;3;2;5;3,8,1,2,3,0,7.0,8.667,1,36,2,4
115000035,2026-03-13,115000034,HELDOUT_300,POST_2023,2;3;5;11;12;24,5;12;13;38;47;48,3,2,1,1,0,0,0,0,41,0.272727,6,5.3333,0.136364,0.121212,0.015152,5,5,0,3.5,7,0.902301,0.035428,0.339827,0.229437,0.89733,0.874047,0,5,4;5;26;29;40;48,4;6;2;0;4;2,4,0,0,4,1,10.0,5.667,1,3,2,5
115000036,2026-03-17,115000035,HELDOUT_300,POST_2023,2;3;5;6;12;24,2;6;10;22;40;45,17,2,1,1,0,0,0,0,43,0.272727,6,5.5,0.151515,0.151515,0.0,4,5,1,3.6667,7,0.892698,0.038136,0.359307,0.229437,0.880255,0.839065,0,5,1;4;26;29;35;49,6;4;1;1;0;2,1,0,0,4,1,12.167,12.167,0,28,2,1
115000037,2026-03-20,115000036,HELDOUT_300,POST_2023,3;7;10;12;24;39,11;15;33;38;41;43,21,0,0,0,0,0,0,0,42,0.272727,8,5.6667,0.128788,0.121212,0.007576,3,3,0,4.1667,7,0.911451,0.033845,0.316017,0.261905,0.893911,0.848227,0,4,13;25;30;32;34;42,1;3;1;2;1;2,13,0,0,5,0,7.833,6.667,1,28,2,4
115000038,2026-03-24,115000037,HELDOUT_300,POST_2023,1;3;4;12;24;39,14;33;41;42;44;48,47,0,0,0,0,0,0,0,41,0.204545,5,5.6667,0.136364,0.136364,0.0,3,4,1,3.6667,6,0.914262,0.032271,0.300866,0.251082,0.899464,0.868619,0,4,11;31;35;36;38;45,0;3;2;8;4;4,11,0,1,5,1,10.333,9.167,1,24,2,6
115000039,2026-03-27,115000038,HELDOUT_300,POST_2023,3;4;8;12;14;24,4;8;23;26;29;36,38,2,1,1,0,0,0,0,42,0.174242,4,5.1667,0.159091,0.136364,0.022727,5,3,0,3.6667,6,0.908813,0.032617,0.285714,0.151515,0.903336,0.856743,0,4,3;6;33;41;45;46,4;5;0;0;1;1,3,0,0,4,2,12.5,12.167,1,34,2,3
115000040,2026-03-31,115000039,HELDOUT_300,POST_2023,3;4;7;21;24;39,5;11;25;40;45;47,39,0,0,0,0,0,0,0,41,0.30303,7,6.1667,0.166667,0.151515,0.015152,4,4,0,3.6667,6,0.890127,0.037396,0.341991,0.145022,0.897506,0.86839,0,3,9;20;27;29;38;49,1;4;3;0;3;2,9,0,1,4,1,14.167,4.667,1,5,4,3
115000041,2026-04-03,115000040,HELDOUT_300,POST_2023,1;5;11;12;21;24,5;12;13;25;36;48,8,2,1,1,0,0,0,0,43,0.333333,9,6.0,0.143939,0.143939,0.0,4,5,1,3.8333,7,0.889148,0.040357,0.372294,0.270563,0.876151,0.850366,0,4,2;6;8;25;43;45,8;4;0;5;1;5,2,1,1,3,1,10.833,3.167,1,42,2,9
115000042,2026-04-07,115000041,HELDOUT_300,POST_2023,5;11;21;24;25;39,1;2;6;16;18;26,47,0,0,0,0,0,0,0,40,0.454545,12,7.5,0.143939,0.136364,0.007576,5,3,0,4.6667,7,0.858024,0.047816,0.409091,0.192641,0.856839,0.832888,0,2,7;8;12;23;29;43,3;3;1;3;0;2,7,2,3,3,1,10.0,9.833,1,11,3,2
115000043,2026-04-10,115000042,HELDOUT_300,POST_2023,5;6;11;21;24;25,4;10;15;17;21;40,30,1,1,0,0,0,0,0,36,0.393939,10,7.1667,0.151515,0.151515,0.0,6,5,1,4.6667,8,0.839997,0.047179,0.402597,0.201299,0.855617,0.815033,0,3,3;11;14;28;37;40,0;3;0;4;7;2,3,0,1,3,2,9.167,10.833,1,10,3,3
115000044,2026-04-14,115000043,HELDOUT_300,POST_2023,5;6;11;24;30;31,4;8;21;23;24;43,13,1,1,0,0,0,0,0,43,0.439394,11,7.0,0.151515,0.143939,0.007576,5,5,0,4.5,8,0.875894,0.044892,0.385281,0.229437,0.871447,0.849211,0,3,5;10;15;28;37;46,2;3;0;1;7;1,5,0,1,3,1,10.0,6.0,1,20,1,0
115000045,2026-04-17,115000044,HELDOUT_300,POST_2023,4;5;6;11;25;30,7;10;11;22;40;45,18,1,1,0,0,0,0,0,42,0.30303,9,6.1667,0.159091,0.143939,0.015152,4,7,0,4.0,8,0.882475,0.039795,0.365801,0.181818,0.88488,0.867824,0,4,1;9;17;22;38;44,4;0;9;3;4;1,1,0,1,3,1,5.5,6.333,0,42,2,3
115000046,2026-04-21,115000045,HELDOUT_300,POST_2023,3;5;7;10;11;30,1;6;17;19;20;40,22,0,0,0,0,0,0,0,41,0.265152,8,5.8333,0.166667,0.166667,0.0,4,8,1,4.1667,8,0.882959,0.039045,0.354978,0.222944,0.878512,0.84042,0,5,8;14;15;20;22;24,1;4;2;2;3;6,8,1,1,2,0,9.167,8.833,1,45,2,2
115000047,2026-04-24,115000046,HELDOUT_300,POST_2023,5;6;11;30;31;32,7;14;16;37;39;47,34,0,0,0,0,0,0,0,38,0.295455,8,6.5,0.174242,0.136364,0.037879,7,3,0,4.0,7,0.870701,0.041079,0.387446,0.205628,0.874556,0.836797,0,3,13;14;31;37;42;48,3;1;0;0;5;2,13,0,0,4,2,14.333,8.667,1,9,2,2
115000048,2026-04-28,115000047,HELDOUT_300,POST_2023,5;6;7;11;30;31,6;10;14;25;26;32,7,1,1,0,0,0,0,0,41,0.280303,7,6.3333,0.189394,0.189394,0.0,5,8,1,4.1667,7,0.872443,0.04181,0.383117,0.222944,0.875611,0.831895,0,4,5;7;9;30;32;33,5;1;1;6;1;8,5,1,2,3,0,9.167,9.5,1,1,2,2
115000049,2026-05-01,115000048,HELDOUT_300,POST_2023,3;6;7;25;30;31,7;22;27;35;43;48,45,1,1,0,0,0,0,0,41,0.325758,8,6.5,0.159091,0.151515,0.007576,5,6,0,3.8333,7,0.880156,0.040573,0.376623,0.21645,0.878466,0.846444,0,3,4;22;32;46;47;49,5;2;0;0;1;0,4,0,0,5,3,13.5,8.833,1,15,1,0
115000050,2026-05-05,115000049,HELDOUT_300,POST_2023,3;6;7;25;30;31,4;17;23;28;33;37,15,0,0,0,0,0,0,0,44,0.393939,11,7.1667,0.159091,0.128788,0.030303,5,3,0,4.1667,7,0.880348,0.044471,0.426407,0.313853,0.876324,0.857605,0,3,24;30;34;35;42;46,0;2;1;1;2;1,24,0,0,6,1,14.167,8.333,1,48,2,2
115000051,2026-05-08,115000050,HELDOUT_300,POST_2023,3;4;6;7;25;30,10;18;25;28;39;43,48,1,1,0,0,0,0,0,43,0.280303,8,6.1667,0.159091,0.143939,0.015152,5,7,0,3.8333,8,0.8808,0.04135,0.400433,0.253247,0.885071,0.846699,0,4,4;9;20;22;37;42,2;1;7;1;5;2,4,0,1,3,0,11.0,3.667,1,23,2,5
115000052,2026-05-12,115000051,HELDOUT_300,POST_2023,3;4;7;10;25;31,6;12;18;19;32;36,34,0,0,0,0,0,0,0,43,0.265152,6,7.0,0.189394,0.174242,0.015152,8,6,0,4.5,8,0.877111,0.041847,0.396104,0.205628,0.875919,0.827876,0,4,9;19;26;31;45;49,3;0;3;1;1;0,9,0,1,4,2,11.667,6.167,1,16,2,1
115000053,2026-05-15,115000052,HELDOUT_300,POST_2023,3;4;6;10;25;31,16;29;30;35;42;43,1,0,0,0,0,0,0,0,39,0.409091,10,7.3333,0.189394,0.174242,0.015152,8,6,0,4.1667,8,0.845511,0.048959,0.426407,0.177489,0.863554,0.837743,0,4,8;15;24;30;36;48,1;0;6;1;5;1,8,1,1,4,1,12.167,10.833,1,40,2,4
115000054,2026-05-19,115000053,HELDOUT_300,POST_2023,3;6;8;10;25;31,4;20;22;26;38;47,27,0,0,0,0,0,0,0,41,0.340909,8,7.5,0.181818,0.121212,0.060606,8,6,0,4.5,8,0.87184,0.044199,0.426407,0.242424,0.87323,0.844955,0,4,11;15;31;33;41;45,2;0;3;1;1;1,11,0,1,4,1,14.167,7.833,1,47,1,0
115000055,2026-05-22,115000054,HELDOUT_300,POST_2023,3;4;6;11;22;25,12;13;16;21;28;48,30,0,0,0,0,0,0,0,41,0.401515,10,7.8333,0.204545,0.136364,0.068182,5,3,0,4.8333,8,0.855772,0.047797,0.448052,0.203463,0.869197,0.843265,0,4,24;25;29;30;42;47,1;2;0;1;0;4,24,0,0,6,2,9.667,6.667,1,26,2,1
115000056,2026-05-26,115000055,HELDOUT_300,POST_2023,2;3;6;11;12;25,3;27;29;37;47;48,11,1,1,0,0,0,0,0,43,0.272727,7,6.1667,0.166667,0.151515,0.015152,6,4,0,3.8333,8,0.885887,0.039158,0.367965,0.227273,0.894245,0.869131,0,5,2;20;26;32;40;43,6;1;2;1;4;4,2,0,0,4,0,12.5,9.833,1,5,2,3
115000057,2026-05-29,115000056,HELDOUT_300,POST_2023,2;3;4;6;25;47,20;26;29;31;37;49,30,0,0,0,0,0,0,0,42,0.318182,7,5.8333,0.151515,0.136364,0.015152,8,9,0,4.0,9,0.89781,0.036928,0.339827,0.229437,0.892114,0.845459,1,4,9;32;39;40;42;48,1;2;2;5;0;3,9,0,1,5,1,5.167,11.167,1,46,2,4
115000058,2026-06-02,115000057,HELDOUT_300,POST_2023,2;6;8;9;25;34,8;9;16;20;37;49,2,2,1,1,0,0,0,0,45,0.265152,7,5.8333,0.151515,0.128788,0.022727,5,3,0,3.5,7,0.910624,0.035297,0.34632,0.300866,0.903341,0.875217,0,4,1;6;22;30;39;43,7;5;1;2;2;2,1,0,0,4,0,16.0,7.5,0,4,2,4
115000059,2026-06-05,115000058,HELDOUT_300,POST_2023,2;6;7;10;12;16,12;14;25;30;32;44,34,1,1,0,0,0,0,0,45,0.227273,5,5.0,0.159091,0.143939,0.015152,5,7,0,3.3333,8,0.921476,0.033227,0.333333,0.320346,0.905819,0.885814,0,5,4;10;20;25;27;47,6;2;2;3;0;5,4,0,1,3,1,7.833,9.5,1,7,2,4
115000060,2026-06-09,115000059,HELDOUT_300,POST_2023,2;3;6;12;16;25,13;18;25;39;40;46,31,1,1,0,0,0,0,0,40,0.44697,11,6.8333,0.159091,0.143939,0.015152,4,8,0,4.1667,8,0.854591,0.048697,0.437229,0.255411,0.858927,0.849305,0,4,5;26;27;29;39;49,1;1;7;2;0;4,5,0,0,5,1,5.667,10.833,1,10,2,3
115000061,2026-06-12,115000060,HELDOUT_300,POST_2023,2;3;6;12;16;25,1;6;16;20;34;49,3,2,1,1,0,0,0,0,43,0.356061,9,7.1667,0.151515,0.143939,0.007576,4,8,0,4.5,8,0.875226,0.045248,0.443723,0.34632,0.868417,0.859941,0,4,4;5;7;24;29;43,1;6;8;2;8;2,4,1,1,3,0,6.5,10.667,1,6,2,6
115000062,2026-06-16,115000061,HELDOUT_300,POST_2023,2;4;6;12;16;25,1;2;9;11;28;36,41,1,1,0,0,0,0,0,42,0.280303,7,6.8333,0.166667,0.128788,0.037879,4,5,0,4.6667,8,0.874705,0.04329,0.428571,0.246753,0.879549,0.848175,0,4,2;10;11;12;42;47,2;6;3;4;0;1,2,0,3,2,1,5.833,9.833,1,34,2,7
115000063,2026-06-19,115000062,HELDOUT_300,POST_2023,2;6;7;16;20;25,4;12;28;29;35;48,38,0,0,0,0,0,0,0,43,0.257576,9,5.1667,0.143939,0.136364,0.007576,4,3,0,3.3333,7,0.913751,0.033892,0.324675,0.194805,0.903246,0.874816,0,3,12;15;17;26;28;37,2;3;2;3;2;7,12,0,1,3,0,4.0,6.167,1,38,3,5
115000064,2026-06-23,115000063,HELDOUT_300,POST_2023,3;4;11;12;21;25,12;18;29;33;34;39,30,1,1,0,0,0,0,0,42,0.295455,8,5.5,0.136364,0.128788,0.007576,3,3,0,4.0,8,0.905958,0.035457,0.339827,0.235931,0.899072,0.859295,0,4,1;19;23;26;27;31,8;3;2;2;3;3,1,0,0,4,0,4.167,4.5,0,22,3,5
115000065,2026-06-26,115000064,HELDOUT_300,POST_2023,2;3;5;6;12;16,11;19;23;24;29;41,1,0,0,0,0,0,0,0,43,0.424242,11,5.5,0.136364,0.136364,0.0,3,4,1,3.6667,7,0.890807,0.041191,0.359307,0.242424,0.8958,0.863497,0,5,7;19;25;29;31;34,4;2;2;2;5;4,7,1,1,4,0,7.5,13.333,1,44,2,5
115000066,2026-06-30,115000065,HELDOUT_300,POST_2023,3;7;8;11;12;18,4;10;16;29;36;45,14,0,0,0,0,0,0,0,44,0.295455,8,6.5,0.174242,0.166667,0.007576,5,4,0,3.8333,7,0.882967,0.040723,0.383117,0.203463,0.896057,0.879203,0,5,10;11;14;26;27;29,3;4;3;3;1;4,10,0,2,3,0,6.667,8.167,1,31,3,6
115000067,2026-07-03,115000066,HELDOUT_300,POST_2023,4;5;8;12;16;29,11;16;19;23;39;47,15,1,1,0,0,0,0,0,42,0.30303,8,6.6667,0.166667,0.166667,0.0,4,4,1,4.8333,8,0.874293,0.041875,0.391775,0.225108,0.874684,0.817935,0,4,3;16;18;23;33;36,2;8;1;1;1;5,3,0,0,3,0,6.833,3.5,1,15,3,6
115000068,2026-07-07,115000067,HELDOUT_300,POST_2023,2;5;8;11;12;16,8;13;15;18;19;42,37,1,1,0,0,0,0,0,42,0.333333,8,6.6667,0.174242,0.151515,0.022727,4,7,0,4.3333,8,0.859562,0.046935,0.4329,0.175325,0.872529,0.834435,0,5,5;12;16;23;24;41,5;1;3;2;1;7,5,0,1,3,0,8.167,10.5,1,14,3,7
115000069,2026-07-10,115000068,HELDOUT_300,POST_2023,3;5;11;12;16;29,3;4;15;18;29;49,13,2,1,1,0,0,0,0,41,0.30303,9,6.5,0.143939,0.136364,0.007576,7,3,0,4.1667,8,0.883768,0.040376,0.387446,0.233766,0.893551,0.863118,0,4,4;6;13;17;26;40,5;2;2;3;7;2,4,0,0,2,0,8.833,4.833,1,30,2,3
