hypothesis_id,canonical_title,required_data_field,requirement,availability,authority_or_derivation,coverage_scope,proxy_warning,level_1_effect
H02,Complementary-error graph across strategies,strategy_id,REQUIRED,AVAILABLE_AUTHORITATIVE,Sealed Raw Foundation R2 / Hit Depth / exact-baseline authorities,133/133 identities; fixed eligible draw and ticket semantics,,READY
H02,Complementary-error graph across strategies,family,REQUIRED,AVAILABLE_AUTHORITATIVE,Sealed Raw Foundation R2 / Hit Depth / exact-baseline authorities,133/133 identities; fixed eligible draw and ticket semantics,,READY
H02,Complementary-error graph across strategies,draw_id,REQUIRED,AVAILABLE_AUTHORITATIVE,Sealed Raw Foundation R2 / Hit Depth / exact-baseline authorities,133/133 identities; fixed eligible draw and ticket semantics,,READY
H02,Complementary-error graph across strategies,target_cutoff,REQUIRED,AVAILABLE_AUTHORITATIVE,Sealed Raw Foundation R2 / Hit Depth / exact-baseline authorities,133/133 identities; fixed eligible draw and ticket semantics,,READY
H02,Complementary-error graph across strategies,native_tickets,REQUIRED,AVAILABLE_AUTHORITATIVE,Sealed Raw Foundation R2 / Hit Depth / exact-baseline authorities,133/133 identities; fixed eligible draw and ticket semantics,,READY
H02,Complementary-error graph across strategies,native_ticket_count,REQUIRED,AVAILABLE_AUTHORITATIVE,Sealed Raw Foundation R2 / Hit Depth / exact-baseline authorities,133/133 identities; fixed eligible draw and ticket semantics,,READY
H02,Complementary-error graph across strategies,hit_depth,REQUIRED,AVAILABLE_AUTHORITATIVE,Sealed Raw Foundation R2 / Hit Depth / exact-baseline authorities,133/133 identities; fixed eligible draw and ticket semantics,,READY
H02,Complementary-error graph across strategies,special_hit,NOT_REQUIRED,AVAILABLE_AUTHORITATIVE,Sealed Raw Foundation R2 / Hit Depth / exact-baseline authorities,133/133 identities; fixed eligible draw and ticket semantics,,NON_BLOCKING
H02,Complementary-error graph across strategies,exact_baseline,REQUIRED,AVAILABLE_AUTHORITATIVE,Sealed Raw Foundation R2 / Hit Depth / exact-baseline authorities,133/133 identities; fixed eligible draw and ticket semantics,,READY
H02,Complementary-error graph across strategies,historical_delta,REQUIRED,AVAILABLE_AUTHORITATIVE,Sealed Raw Foundation R2 / Hit Depth / exact-baseline authorities,133/133 identities; fixed eligible draw and ticket semantics,,READY
H02,Complementary-error graph across strategies,window_metrics,REQUIRED,AVAILABLE_AUTHORITATIVE,Sealed Raw Foundation R2 / Hit Depth / exact-baseline authorities,133/133 identities; fixed eligible draw and ticket semantics,,READY
H02,Complementary-error graph across strategies,candidate_k,NOT_REQUIRED,PARTIAL_COVERAGE,Candidate-K direct matrix plus current-catalog capability map,7 direct matrix paths; 44 current portfolio identities lack canonical number aggregation; 82 are historical-only,"Candidate-K is not native ticket count, configuration count or internal rank.",NON_BLOCKING
H02,Complementary-error graph across strategies,internal_rank,NOT_REQUIRED,AVAILABLE_PROXY_ONLY,A CURRENT_PORTFOLIO_VOTE_PROXY and C TRAILING_WINDOW_FREQUENCY_PROXY,Proxy layers only; no canonical internal rank for the 133,A/C proxies must not be relabeled as strategy-internal ranking.,NON_BLOCKING
H02,Complementary-error graph across strategies,number_level_score,NOT_REQUIRED,PARTIAL_COVERAGE,Seven direct Candidate-K paths or separately specified causal exposure reconstruction,Direct for 7; reconstruction needed elsewhere; 44 current portfolios have no canonical aggregation contract,Ticket position or exposure frequency is not automatically a number-level score.,NON_BLOCKING
H02,Complementary-error graph across strategies,probability_output,NOT_REQUIRED,UNAVAILABLE,No canonical calibrated probability-output authority was recovered,0/133 canonical calibrated probability vectors,"Scores, ranks and ticket inclusion frequencies are not calibrated probabilities.",NON_BLOCKING
H02,Complementary-error graph across strategies,portfolio_overlap,REQUIRED,AVAILABLE_DERIVABLE,Preserved native tickets plus exact portfolio-geometry authority,133/133 where tickets exist; derive strictly before target outcome,Geometry can remove a structural handicap but is not predictive evidence by itself.,REQUIRES_BOUNDED_DERIVATION
H02,Complementary-error graph across strategies,runtime_executable,OPTIONAL,PARTIAL_COVERAGE,Current executable overlap map,51/133 historical identities; exact per-family join remains unknown,Population-level 51/82 split cannot certify a specific adapter.,NON_BLOCKING
H02,Complementary-error graph across strategies,forward_adapter,OPTIONAL,PARTIAL_COVERAGE,Current 51-identity executable overlap,Small overlay/adapter required and exact producer join must be verified,Do not use unavailable Cohort V1 candidates as if executable.,NON_BLOCKING
H02,Complementary-error graph across strategies,regime_descriptors,NOT_REQUIRED,PARTIAL_COVERAGE,Official causal regime analysis with four frozen axes,20 causal candidates across fixed axes/bands; not a per-133 complete join,Exploratory regime cells are multiplicity-exposed and not deployment proof.,NON_BLOCKING
H02,Complementary-error graph across strategies,pair_structure,NOT_REQUIRED,AVAILABLE_AUTHORITATIVE,Combination Projection R1 and causal pair/triple histories,"392,084 historical combinations at the sealed boundary",A/C projection scores are proxies; residual interaction must be learned only out of fold.,NON_BLOCKING
H02,Complementary-error graph across strategies,triplet_structure,NOT_REQUIRED,AVAILABLE_AUTHORITATIVE,Combination Projection R1 and causal pair/triple histories,"392,084 historical combinations at the sealed boundary",A/C projection scores are proxies; residual interaction must be learned only out of fold.,NON_BLOCKING
H02,Complementary-error graph across strategies,temporal_transitions,NOT_REQUIRED,AVAILABLE_DERIVABLE,Strictly ordered draw history and FULL/750/300/50 windows,Causal expanding-window derivation available,Retrospective breakpoint or state placement would leak future information.,NON_BLOCKING
H02,Complementary-error graph across strategies,actual_main_numbers,REQUIRED,AVAILABLE_AUTHORITATIVE,Sealed Raw Foundation R2 / Hit Depth / exact-baseline authorities,133/133 identities; fixed eligible draw and ticket semantics,,READY
H02,Complementary-error graph across strategies,actual_special_number,NOT_REQUIRED,AVAILABLE_AUTHORITATIVE,Sealed Raw Foundation R2 / Hit Depth / exact-baseline authorities,133/133 identities; fixed eligible draw and ticket semantics,,NON_BLOCKING
H02,Complementary-error graph across strategies,eligible_draws,REQUIRED,AVAILABLE_AUTHORITATIVE,Sealed Raw Foundation R2 / Hit Depth / exact-baseline authorities,133/133 identities; fixed eligible draw and ticket semantics,,READY
H03,Mixture-of-experts with out-of-fold gating,strategy_id,REQUIRED,AVAILABLE_AUTHORITATIVE,Sealed Raw Foundation R2 / Hit Depth / exact-baseline authorities,133/133 identities; fixed eligible draw and ticket semantics,,READY
H03,Mixture-of-experts with out-of-fold gating,family,REQUIRED,AVAILABLE_AUTHORITATIVE,Sealed Raw Foundation R2 / Hit Depth / exact-baseline authorities,133/133 identities; fixed eligible draw and ticket semantics,,READY
H03,Mixture-of-experts with out-of-fold gating,draw_id,REQUIRED,AVAILABLE_AUTHORITATIVE,Sealed Raw Foundation R2 / Hit Depth / exact-baseline authorities,133/133 identities; fixed eligible draw and ticket semantics,,READY
H03,Mixture-of-experts with out-of-fold gating,target_cutoff,REQUIRED,AVAILABLE_AUTHORITATIVE,Sealed Raw Foundation R2 / Hit Depth / exact-baseline authorities,133/133 identities; fixed eligible draw and ticket semantics,,READY
H03,Mixture-of-experts with out-of-fold gating,native_tickets,REQUIRED,AVAILABLE_AUTHORITATIVE,Sealed Raw Foundation R2 / Hit Depth / exact-baseline authorities,133/133 identities; fixed eligible draw and ticket semantics,,READY
H03,Mixture-of-experts with out-of-fold gating,native_ticket_count,REQUIRED,AVAILABLE_AUTHORITATIVE,Sealed Raw Foundation R2 / Hit Depth / exact-baseline authorities,133/133 identities; fixed eligible draw and ticket semantics,,READY
H03,Mixture-of-experts with out-of-fold gating,hit_depth,REQUIRED,AVAILABLE_AUTHORITATIVE,Sealed Raw Foundation R2 / Hit Depth / exact-baseline authorities,133/133 identities; fixed eligible draw and ticket semantics,,READY
H03,Mixture-of-experts with out-of-fold gating,special_hit,NOT_REQUIRED,AVAILABLE_AUTHORITATIVE,Sealed Raw Foundation R2 / Hit Depth / exact-baseline authorities,133/133 identities; fixed eligible draw and ticket semantics,,NON_BLOCKING
H03,Mixture-of-experts with out-of-fold gating,exact_baseline,REQUIRED,AVAILABLE_AUTHORITATIVE,Sealed Raw Foundation R2 / Hit Depth / exact-baseline authorities,133/133 identities; fixed eligible draw and ticket semantics,,READY
H03,Mixture-of-experts with out-of-fold gating,historical_delta,REQUIRED,AVAILABLE_AUTHORITATIVE,Sealed Raw Foundation R2 / Hit Depth / exact-baseline authorities,133/133 identities; fixed eligible draw and ticket semantics,,READY
H03,Mixture-of-experts with out-of-fold gating,window_metrics,REQUIRED,AVAILABLE_AUTHORITATIVE,Sealed Raw Foundation R2 / Hit Depth / exact-baseline authorities,133/133 identities; fixed eligible draw and ticket semantics,,READY
H03,Mixture-of-experts with out-of-fold gating,candidate_k,NOT_REQUIRED,PARTIAL_COVERAGE,Candidate-K direct matrix plus current-catalog capability map,7 direct matrix paths; 44 current portfolio identities lack canonical number aggregation; 82 are historical-only,"Candidate-K is not native ticket count, configuration count or internal rank.",NON_BLOCKING
H03,Mixture-of-experts with out-of-fold gating,internal_rank,NOT_REQUIRED,AVAILABLE_PROXY_ONLY,A CURRENT_PORTFOLIO_VOTE_PROXY and C TRAILING_WINDOW_FREQUENCY_PROXY,Proxy layers only; no canonical internal rank for the 133,A/C proxies must not be relabeled as strategy-internal ranking.,NON_BLOCKING
H03,Mixture-of-experts with out-of-fold gating,number_level_score,NOT_REQUIRED,PARTIAL_COVERAGE,Seven direct Candidate-K paths or separately specified causal exposure reconstruction,Direct for 7; reconstruction needed elsewhere; 44 current portfolios have no canonical aggregation contract,Ticket position or exposure frequency is not automatically a number-level score.,NON_BLOCKING
H03,Mixture-of-experts with out-of-fold gating,probability_output,NOT_REQUIRED,UNAVAILABLE,No canonical calibrated probability-output authority was recovered,0/133 canonical calibrated probability vectors,"Scores, ranks and ticket inclusion frequencies are not calibrated probabilities.",NON_BLOCKING
H03,Mixture-of-experts with out-of-fold gating,portfolio_overlap,REQUIRED,AVAILABLE_DERIVABLE,Preserved native tickets plus exact portfolio-geometry authority,133/133 where tickets exist; derive strictly before target outcome,Geometry can remove a structural handicap but is not predictive evidence by itself.,REQUIRES_BOUNDED_DERIVATION
H03,Mixture-of-experts with out-of-fold gating,runtime_executable,OPTIONAL,UNAVAILABLE,The hypothesis-specific model/output does not exist,New model producer required,Historical source replay does not prove a forward runtime path.,NON_BLOCKING
H03,Mixture-of-experts with out-of-fold gating,forward_adapter,OPTIONAL,UNAVAILABLE,No hypothesis-specific forward adapter exists,New model output and adapter required,Do not infer adapter readiness from historical replay.,NON_BLOCKING
H03,Mixture-of-experts with out-of-fold gating,regime_descriptors,REQUIRED,PARTIAL_COVERAGE,Official causal regime analysis with four frozen axes,20 causal candidates across fixed axes/bands; not a per-133 complete join,Exploratory regime cells are multiplicity-exposed and not deployment proof.,REQUIRES_BOUNDED_DERIVATION
H03,Mixture-of-experts with out-of-fold gating,pair_structure,NOT_REQUIRED,AVAILABLE_AUTHORITATIVE,Combination Projection R1 and causal pair/triple histories,"392,084 historical combinations at the sealed boundary",A/C projection scores are proxies; residual interaction must be learned only out of fold.,NON_BLOCKING
H03,Mixture-of-experts with out-of-fold gating,triplet_structure,NOT_REQUIRED,AVAILABLE_AUTHORITATIVE,Combination Projection R1 and causal pair/triple histories,"392,084 historical combinations at the sealed boundary",A/C projection scores are proxies; residual interaction must be learned only out of fold.,NON_BLOCKING
H03,Mixture-of-experts with out-of-fold gating,temporal_transitions,NOT_REQUIRED,AVAILABLE_DERIVABLE,Strictly ordered draw history and FULL/750/300/50 windows,Causal expanding-window derivation available,Retrospective breakpoint or state placement would leak future information.,NON_BLOCKING
H03,Mixture-of-experts with out-of-fold gating,actual_main_numbers,REQUIRED,AVAILABLE_AUTHORITATIVE,Sealed Raw Foundation R2 / Hit Depth / exact-baseline authorities,133/133 identities; fixed eligible draw and ticket semantics,,READY
H03,Mixture-of-experts with out-of-fold gating,actual_special_number,NOT_REQUIRED,AVAILABLE_AUTHORITATIVE,Sealed Raw Foundation R2 / Hit Depth / exact-baseline authorities,133/133 identities; fixed eligible draw and ticket semantics,,NON_BLOCKING
H03,Mixture-of-experts with out-of-fold gating,eligible_draws,REQUIRED,AVAILABLE_AUTHORITATIVE,Sealed Raw Foundation R2 / Hit Depth / exact-baseline authorities,133/133 identities; fixed eligible draw and ticket semantics,,READY
H05,Conditional consensus by regime/state,strategy_id,REQUIRED,AVAILABLE_AUTHORITATIVE,Sealed Raw Foundation R2 / Hit Depth / exact-baseline authorities,133/133 identities; fixed eligible draw and ticket semantics,,READY
H05,Conditional consensus by regime/state,family,REQUIRED,AVAILABLE_AUTHORITATIVE,Sealed Raw Foundation R2 / Hit Depth / exact-baseline authorities,133/133 identities; fixed eligible draw and ticket semantics,,READY
H05,Conditional consensus by regime/state,draw_id,REQUIRED,AVAILABLE_AUTHORITATIVE,Sealed Raw Foundation R2 / Hit Depth / exact-baseline authorities,133/133 identities; fixed eligible draw and ticket semantics,,READY
H05,Conditional consensus by regime/state,target_cutoff,REQUIRED,AVAILABLE_AUTHORITATIVE,Sealed Raw Foundation R2 / Hit Depth / exact-baseline authorities,133/133 identities; fixed eligible draw and ticket semantics,,READY
H05,Conditional consensus by regime/state,native_tickets,REQUIRED,AVAILABLE_AUTHORITATIVE,Sealed Raw Foundation R2 / Hit Depth / exact-baseline authorities,133/133 identities; fixed eligible draw and ticket semantics,,READY
H05,Conditional consensus by regime/state,native_ticket_count,REQUIRED,AVAILABLE_AUTHORITATIVE,Sealed Raw Foundation R2 / Hit Depth / exact-baseline authorities,133/133 identities; fixed eligible draw and ticket semantics,,READY
H05,Conditional consensus by regime/state,hit_depth,REQUIRED,AVAILABLE_AUTHORITATIVE,Sealed Raw Foundation R2 / Hit Depth / exact-baseline authorities,133/133 identities; fixed eligible draw and ticket semantics,,READY
H05,Conditional consensus by regime/state,special_hit,NOT_REQUIRED,AVAILABLE_AUTHORITATIVE,Sealed Raw Foundation R2 / Hit Depth / exact-baseline authorities,133/133 identities; fixed eligible draw and ticket semantics,,NON_BLOCKING
H05,Conditional consensus by regime/state,exact_baseline,REQUIRED,AVAILABLE_AUTHORITATIVE,Sealed Raw Foundation R2 / Hit Depth / exact-baseline authorities,133/133 identities; fixed eligible draw and ticket semantics,,READY
H05,Conditional consensus by regime/state,historical_delta,REQUIRED,AVAILABLE_AUTHORITATIVE,Sealed Raw Foundation R2 / Hit Depth / exact-baseline authorities,133/133 identities; fixed eligible draw and ticket semantics,,READY
H05,Conditional consensus by regime/state,window_metrics,REQUIRED,AVAILABLE_AUTHORITATIVE,Sealed Raw Foundation R2 / Hit Depth / exact-baseline authorities,133/133 identities; fixed eligible draw and ticket semantics,,READY
H05,Conditional consensus by regime/state,candidate_k,NOT_REQUIRED,PARTIAL_COVERAGE,Candidate-K direct matrix plus current-catalog capability map,7 direct matrix paths; 44 current portfolio identities lack canonical number aggregation; 82 are historical-only,"Candidate-K is not native ticket count, configuration count or internal rank.",NON_BLOCKING
H05,Conditional consensus by regime/state,internal_rank,NOT_REQUIRED,AVAILABLE_PROXY_ONLY,A CURRENT_PORTFOLIO_VOTE_PROXY and C TRAILING_WINDOW_FREQUENCY_PROXY,Proxy layers only; no canonical internal rank for the 133,A/C proxies must not be relabeled as strategy-internal ranking.,NON_BLOCKING
H05,Conditional consensus by regime/state,number_level_score,NOT_REQUIRED,PARTIAL_COVERAGE,Seven direct Candidate-K paths or separately specified causal exposure reconstruction,Direct for 7; reconstruction needed elsewhere; 44 current portfolios have no canonical aggregation contract,Ticket position or exposure frequency is not automatically a number-level score.,NON_BLOCKING
H05,Conditional consensus by regime/state,probability_output,NOT_REQUIRED,UNAVAILABLE,No canonical calibrated probability-output authority was recovered,0/133 canonical calibrated probability vectors,"Scores, ranks and ticket inclusion frequencies are not calibrated probabilities.",NON_BLOCKING
H05,Conditional consensus by regime/state,portfolio_overlap,REQUIRED,AVAILABLE_DERIVABLE,Preserved native tickets plus exact portfolio-geometry authority,133/133 where tickets exist; derive strictly before target outcome,Geometry can remove a structural handicap but is not predictive evidence by itself.,REQUIRES_BOUNDED_DERIVATION
H05,Conditional consensus by regime/state,runtime_executable,OPTIONAL,PARTIAL_COVERAGE,Current executable overlap map,51/133 historical identities; exact per-family join remains unknown,Population-level 51/82 split cannot certify a specific adapter.,NON_BLOCKING
H05,Conditional consensus by regime/state,forward_adapter,OPTIONAL,PARTIAL_COVERAGE,Current 51-identity executable overlap,Small overlay/adapter required and exact producer join must be verified,Do not use unavailable Cohort V1 candidates as if executable.,NON_BLOCKING
H05,Conditional consensus by regime/state,regime_descriptors,REQUIRED,PARTIAL_COVERAGE,Official causal regime analysis with four frozen axes,20 causal candidates across fixed axes/bands; not a per-133 complete join,Exploratory regime cells are multiplicity-exposed and not deployment proof.,REQUIRES_BOUNDED_DERIVATION
H05,Conditional consensus by regime/state,pair_structure,NOT_REQUIRED,AVAILABLE_AUTHORITATIVE,Combination Projection R1 and causal pair/triple histories,"392,084 historical combinations at the sealed boundary",A/C projection scores are proxies; residual interaction must be learned only out of fold.,NON_BLOCKING
H05,Conditional consensus by regime/state,triplet_structure,NOT_REQUIRED,AVAILABLE_AUTHORITATIVE,Combination Projection R1 and causal pair/triple histories,"392,084 historical combinations at the sealed boundary",A/C projection scores are proxies; residual interaction must be learned only out of fold.,NON_BLOCKING
H05,Conditional consensus by regime/state,temporal_transitions,NOT_REQUIRED,AVAILABLE_DERIVABLE,Strictly ordered draw history and FULL/750/300/50 windows,Causal expanding-window derivation available,Retrospective breakpoint or state placement would leak future information.,NON_BLOCKING
H05,Conditional consensus by regime/state,actual_main_numbers,REQUIRED,AVAILABLE_AUTHORITATIVE,Sealed Raw Foundation R2 / Hit Depth / exact-baseline authorities,133/133 identities; fixed eligible draw and ticket semantics,,READY
H05,Conditional consensus by regime/state,actual_special_number,NOT_REQUIRED,AVAILABLE_AUTHORITATIVE,Sealed Raw Foundation R2 / Hit Depth / exact-baseline authorities,133/133 identities; fixed eligible draw and ticket semantics,,NON_BLOCKING
H05,Conditional consensus by regime/state,eligible_draws,REQUIRED,AVAILABLE_AUTHORITATIVE,Sealed Raw Foundation R2 / Hit Depth / exact-baseline authorities,133/133 identities; fixed eligible draw and ticket semantics,,READY
H06,Conditional anti-consensus / minority signal,strategy_id,REQUIRED,AVAILABLE_AUTHORITATIVE,Sealed Raw Foundation R2 / Hit Depth / exact-baseline authorities,133/133 identities; fixed eligible draw and ticket semantics,,READY
H06,Conditional anti-consensus / minority signal,family,REQUIRED,AVAILABLE_AUTHORITATIVE,Sealed Raw Foundation R2 / Hit Depth / exact-baseline authorities,133/133 identities; fixed eligible draw and ticket semantics,,READY
H06,Conditional anti-consensus / minority signal,draw_id,REQUIRED,AVAILABLE_AUTHORITATIVE,Sealed Raw Foundation R2 / Hit Depth / exact-baseline authorities,133/133 identities; fixed eligible draw and ticket semantics,,READY
H06,Conditional anti-consensus / minority signal,target_cutoff,REQUIRED,AVAILABLE_AUTHORITATIVE,Sealed Raw Foundation R2 / Hit Depth / exact-baseline authorities,133/133 identities; fixed eligible draw and ticket semantics,,READY
H06,Conditional anti-consensus / minority signal,native_tickets,REQUIRED,AVAILABLE_AUTHORITATIVE,Sealed Raw Foundation R2 / Hit Depth / exact-baseline authorities,133/133 identities; fixed eligible draw and ticket semantics,,READY
H06,Conditional anti-consensus / minority signal,native_ticket_count,REQUIRED,AVAILABLE_AUTHORITATIVE,Sealed Raw Foundation R2 / Hit Depth / exact-baseline authorities,133/133 identities; fixed eligible draw and ticket semantics,,READY
H06,Conditional anti-consensus / minority signal,hit_depth,REQUIRED,AVAILABLE_AUTHORITATIVE,Sealed Raw Foundation R2 / Hit Depth / exact-baseline authorities,133/133 identities; fixed eligible draw and ticket semantics,,READY
H06,Conditional anti-consensus / minority signal,special_hit,NOT_REQUIRED,AVAILABLE_AUTHORITATIVE,Sealed Raw Foundation R2 / Hit Depth / exact-baseline authorities,133/133 identities; fixed eligible draw and ticket semantics,,NON_BLOCKING
H06,Conditional anti-consensus / minority signal,exact_baseline,REQUIRED,AVAILABLE_AUTHORITATIVE,Sealed Raw Foundation R2 / Hit Depth / exact-baseline authorities,133/133 identities; fixed eligible draw and ticket semantics,,READY
H06,Conditional anti-consensus / minority signal,historical_delta,REQUIRED,AVAILABLE_AUTHORITATIVE,Sealed Raw Foundation R2 / Hit Depth / exact-baseline authorities,133/133 identities; fixed eligible draw and ticket semantics,,READY
H06,Conditional anti-consensus / minority signal,window_metrics,REQUIRED,AVAILABLE_AUTHORITATIVE,Sealed Raw Foundation R2 / Hit Depth / exact-baseline authorities,133/133 identities; fixed eligible draw and ticket semantics,,READY
H06,Conditional anti-consensus / minority signal,candidate_k,NOT_REQUIRED,PARTIAL_COVERAGE,Candidate-K direct matrix plus current-catalog capability map,7 direct matrix paths; 44 current portfolio identities lack canonical number aggregation; 82 are historical-only,"Candidate-K is not native ticket count, configuration count or internal rank.",NON_BLOCKING
H06,Conditional anti-consensus / minority signal,internal_rank,NOT_REQUIRED,AVAILABLE_PROXY_ONLY,A CURRENT_PORTFOLIO_VOTE_PROXY and C TRAILING_WINDOW_FREQUENCY_PROXY,Proxy layers only; no canonical internal rank for the 133,A/C proxies must not be relabeled as strategy-internal ranking.,NON_BLOCKING
H06,Conditional anti-consensus / minority signal,number_level_score,NOT_REQUIRED,PARTIAL_COVERAGE,Seven direct Candidate-K paths or separately specified causal exposure reconstruction,Direct for 7; reconstruction needed elsewhere; 44 current portfolios have no canonical aggregation contract,Ticket position or exposure frequency is not automatically a number-level score.,NON_BLOCKING
H06,Conditional anti-consensus / minority signal,probability_output,NOT_REQUIRED,UNAVAILABLE,No canonical calibrated probability-output authority was recovered,0/133 canonical calibrated probability vectors,"Scores, ranks and ticket inclusion frequencies are not calibrated probabilities.",NON_BLOCKING
H06,Conditional anti-consensus / minority signal,portfolio_overlap,REQUIRED,AVAILABLE_DERIVABLE,Preserved native tickets plus exact portfolio-geometry authority,133/133 where tickets exist; derive strictly before target outcome,Geometry can remove a structural handicap but is not predictive evidence by itself.,REQUIRES_BOUNDED_DERIVATION
H06,Conditional anti-consensus / minority signal,runtime_executable,OPTIONAL,PARTIAL_COVERAGE,Current executable overlap map,51/133 historical identities; exact per-family join remains unknown,Population-level 51/82 split cannot certify a specific adapter.,NON_BLOCKING
H06,Conditional anti-consensus / minority signal,forward_adapter,OPTIONAL,PARTIAL_COVERAGE,Current 51-identity executable overlap,Small overlay/adapter required and exact producer join must be verified,Do not use unavailable Cohort V1 candidates as if executable.,NON_BLOCKING
H06,Conditional anti-consensus / minority signal,regime_descriptors,REQUIRED,PARTIAL_COVERAGE,Official causal regime analysis with four frozen axes,20 causal candidates across fixed axes/bands; not a per-133 complete join,Exploratory regime cells are multiplicity-exposed and not deployment proof.,REQUIRES_BOUNDED_DERIVATION
H06,Conditional anti-consensus / minority signal,pair_structure,NOT_REQUIRED,AVAILABLE_AUTHORITATIVE,Combination Projection R1 and causal pair/triple histories,"392,084 historical combinations at the sealed boundary",A/C projection scores are proxies; residual interaction must be learned only out of fold.,NON_BLOCKING
H06,Conditional anti-consensus / minority signal,triplet_structure,NOT_REQUIRED,AVAILABLE_AUTHORITATIVE,Combination Projection R1 and causal pair/triple histories,"392,084 historical combinations at the sealed boundary",A/C projection scores are proxies; residual interaction must be learned only out of fold.,NON_BLOCKING
H06,Conditional anti-consensus / minority signal,temporal_transitions,NOT_REQUIRED,AVAILABLE_DERIVABLE,Strictly ordered draw history and FULL/750/300/50 windows,Causal expanding-window derivation available,Retrospective breakpoint or state placement would leak future information.,NON_BLOCKING
H06,Conditional anti-consensus / minority signal,actual_main_numbers,REQUIRED,AVAILABLE_AUTHORITATIVE,Sealed Raw Foundation R2 / Hit Depth / exact-baseline authorities,133/133 identities; fixed eligible draw and ticket semantics,,READY
H06,Conditional anti-consensus / minority signal,actual_special_number,NOT_REQUIRED,AVAILABLE_AUTHORITATIVE,Sealed Raw Foundation R2 / Hit Depth / exact-baseline authorities,133/133 identities; fixed eligible draw and ticket semantics,,NON_BLOCKING
H06,Conditional anti-consensus / minority signal,eligible_draws,REQUIRED,AVAILABLE_AUTHORITATIVE,Sealed Raw Foundation R2 / Hit Depth / exact-baseline authorities,133/133 identities; fixed eligible draw and ticket semantics,,READY
H08,Per-number ranking-loss model,strategy_id,REQUIRED,AVAILABLE_AUTHORITATIVE,Sealed Raw Foundation R2 / Hit Depth / exact-baseline authorities,133/133 identities; fixed eligible draw and ticket semantics,,READY
H08,Per-number ranking-loss model,family,REQUIRED,AVAILABLE_AUTHORITATIVE,Sealed Raw Foundation R2 / Hit Depth / exact-baseline authorities,133/133 identities; fixed eligible draw and ticket semantics,,READY
H08,Per-number ranking-loss model,draw_id,REQUIRED,AVAILABLE_AUTHORITATIVE,Sealed Raw Foundation R2 / Hit Depth / exact-baseline authorities,133/133 identities; fixed eligible draw and ticket semantics,,READY
H08,Per-number ranking-loss model,target_cutoff,REQUIRED,AVAILABLE_AUTHORITATIVE,Sealed Raw Foundation R2 / Hit Depth / exact-baseline authorities,133/133 identities; fixed eligible draw and ticket semantics,,READY
H08,Per-number ranking-loss model,native_tickets,REQUIRED,AVAILABLE_AUTHORITATIVE,Sealed Raw Foundation R2 / Hit Depth / exact-baseline authorities,133/133 identities; fixed eligible draw and ticket semantics,,READY
H08,Per-number ranking-loss model,native_ticket_count,REQUIRED,AVAILABLE_AUTHORITATIVE,Sealed Raw Foundation R2 / Hit Depth / exact-baseline authorities,133/133 identities; fixed eligible draw and ticket semantics,,READY
H08,Per-number ranking-loss model,hit_depth,REQUIRED,AVAILABLE_AUTHORITATIVE,Sealed Raw Foundation R2 / Hit Depth / exact-baseline authorities,133/133 identities; fixed eligible draw and ticket semantics,,READY
H08,Per-number ranking-loss model,special_hit,NOT_REQUIRED,AVAILABLE_AUTHORITATIVE,Sealed Raw Foundation R2 / Hit Depth / exact-baseline authorities,133/133 identities; fixed eligible draw and ticket semantics,,NON_BLOCKING
H08,Per-number ranking-loss model,exact_baseline,REQUIRED,AVAILABLE_AUTHORITATIVE,Sealed Raw Foundation R2 / Hit Depth / exact-baseline authorities,133/133 identities; fixed eligible draw and ticket semantics,,READY
H08,Per-number ranking-loss model,historical_delta,REQUIRED,AVAILABLE_AUTHORITATIVE,Sealed Raw Foundation R2 / Hit Depth / exact-baseline authorities,133/133 identities; fixed eligible draw and ticket semantics,,READY
H08,Per-number ranking-loss model,window_metrics,REQUIRED,AVAILABLE_AUTHORITATIVE,Sealed Raw Foundation R2 / Hit Depth / exact-baseline authorities,133/133 identities; fixed eligible draw and ticket semantics,,READY
H08,Per-number ranking-loss model,candidate_k,REQUIRED,PARTIAL_COVERAGE,Candidate-K direct matrix plus current-catalog capability map,7 direct matrix paths; 44 current portfolio identities lack canonical number aggregation; 82 are historical-only,"Candidate-K is not native ticket count, configuration count or internal rank.",REQUIRES_BOUNDED_DERIVATION
H08,Per-number ranking-loss model,internal_rank,OPTIONAL,AVAILABLE_PROXY_ONLY,A CURRENT_PORTFOLIO_VOTE_PROXY and C TRAILING_WINDOW_FREQUENCY_PROXY,Proxy layers only; no canonical internal rank for the 133,A/C proxies must not be relabeled as strategy-internal ranking.,NON_BLOCKING
H08,Per-number ranking-loss model,number_level_score,REQUIRED,PARTIAL_COVERAGE,Seven direct Candidate-K paths or separately specified causal exposure reconstruction,Direct for 7; reconstruction needed elsewhere; 44 current portfolios have no canonical aggregation contract,Ticket position or exposure frequency is not automatically a number-level score.,REQUIRES_BOUNDED_DERIVATION
H08,Per-number ranking-loss model,probability_output,NOT_REQUIRED,UNAVAILABLE,No canonical calibrated probability-output authority was recovered,0/133 canonical calibrated probability vectors,"Scores, ranks and ticket inclusion frequencies are not calibrated probabilities.",NON_BLOCKING
H08,Per-number ranking-loss model,portfolio_overlap,NOT_REQUIRED,AVAILABLE_DERIVABLE,Preserved native tickets plus exact portfolio-geometry authority,133/133 where tickets exist; derive strictly before target outcome,Geometry can remove a structural handicap but is not predictive evidence by itself.,NON_BLOCKING
H08,Per-number ranking-loss model,runtime_executable,OPTIONAL,UNAVAILABLE,The hypothesis-specific model/output does not exist,New model producer required,Historical source replay does not prove a forward runtime path.,NON_BLOCKING
H08,Per-number ranking-loss model,forward_adapter,OPTIONAL,UNAVAILABLE,No hypothesis-specific forward adapter exists,New model output and adapter required,Do not infer adapter readiness from historical replay.,NON_BLOCKING
H08,Per-number ranking-loss model,regime_descriptors,NOT_REQUIRED,PARTIAL_COVERAGE,Official causal regime analysis with four frozen axes,20 causal candidates across fixed axes/bands; not a per-133 complete join,Exploratory regime cells are multiplicity-exposed and not deployment proof.,NON_BLOCKING
H08,Per-number ranking-loss model,pair_structure,NOT_REQUIRED,AVAILABLE_AUTHORITATIVE,Combination Projection R1 and causal pair/triple histories,"392,084 historical combinations at the sealed boundary",A/C projection scores are proxies; residual interaction must be learned only out of fold.,NON_BLOCKING
H08,Per-number ranking-loss model,triplet_structure,NOT_REQUIRED,AVAILABLE_AUTHORITATIVE,Combination Projection R1 and causal pair/triple histories,"392,084 historical combinations at the sealed boundary",A/C projection scores are proxies; residual interaction must be learned only out of fold.,NON_BLOCKING
H08,Per-number ranking-loss model,temporal_transitions,NOT_REQUIRED,AVAILABLE_DERIVABLE,Strictly ordered draw history and FULL/750/300/50 windows,Causal expanding-window derivation available,Retrospective breakpoint or state placement would leak future information.,NON_BLOCKING
H08,Per-number ranking-loss model,actual_main_numbers,REQUIRED,AVAILABLE_AUTHORITATIVE,Sealed Raw Foundation R2 / Hit Depth / exact-baseline authorities,133/133 identities; fixed eligible draw and ticket semantics,,READY
H08,Per-number ranking-loss model,actual_special_number,NOT_REQUIRED,AVAILABLE_AUTHORITATIVE,Sealed Raw Foundation R2 / Hit Depth / exact-baseline authorities,133/133 identities; fixed eligible draw and ticket semantics,,NON_BLOCKING
H08,Per-number ranking-loss model,eligible_draws,REQUIRED,AVAILABLE_AUTHORITATIVE,Sealed Raw Foundation R2 / Hit Depth / exact-baseline authorities,133/133 identities; fixed eligible draw and ticket semantics,,READY
H09,Predictive uncertainty / ensemble dispersion,strategy_id,REQUIRED,AVAILABLE_AUTHORITATIVE,Sealed Raw Foundation R2 / Hit Depth / exact-baseline authorities,133/133 identities; fixed eligible draw and ticket semantics,,READY
H09,Predictive uncertainty / ensemble dispersion,family,REQUIRED,AVAILABLE_AUTHORITATIVE,Sealed Raw Foundation R2 / Hit Depth / exact-baseline authorities,133/133 identities; fixed eligible draw and ticket semantics,,READY
H09,Predictive uncertainty / ensemble dispersion,draw_id,REQUIRED,AVAILABLE_AUTHORITATIVE,Sealed Raw Foundation R2 / Hit Depth / exact-baseline authorities,133/133 identities; fixed eligible draw and ticket semantics,,READY
H09,Predictive uncertainty / ensemble dispersion,target_cutoff,REQUIRED,AVAILABLE_AUTHORITATIVE,Sealed Raw Foundation R2 / Hit Depth / exact-baseline authorities,133/133 identities; fixed eligible draw and ticket semantics,,READY
H09,Predictive uncertainty / ensemble dispersion,native_tickets,REQUIRED,AVAILABLE_AUTHORITATIVE,Sealed Raw Foundation R2 / Hit Depth / exact-baseline authorities,133/133 identities; fixed eligible draw and ticket semantics,,READY
H09,Predictive uncertainty / ensemble dispersion,native_ticket_count,REQUIRED,AVAILABLE_AUTHORITATIVE,Sealed Raw Foundation R2 / Hit Depth / exact-baseline authorities,133/133 identities; fixed eligible draw and ticket semantics,,READY
H09,Predictive uncertainty / ensemble dispersion,hit_depth,REQUIRED,AVAILABLE_AUTHORITATIVE,Sealed Raw Foundation R2 / Hit Depth / exact-baseline authorities,133/133 identities; fixed eligible draw and ticket semantics,,READY
H09,Predictive uncertainty / ensemble dispersion,special_hit,NOT_REQUIRED,AVAILABLE_AUTHORITATIVE,Sealed Raw Foundation R2 / Hit Depth / exact-baseline authorities,133/133 identities; fixed eligible draw and ticket semantics,,NON_BLOCKING
H09,Predictive uncertainty / ensemble dispersion,exact_baseline,REQUIRED,AVAILABLE_AUTHORITATIVE,Sealed Raw Foundation R2 / Hit Depth / exact-baseline authorities,133/133 identities; fixed eligible draw and ticket semantics,,READY
H09,Predictive uncertainty / ensemble dispersion,historical_delta,REQUIRED,AVAILABLE_AUTHORITATIVE,Sealed Raw Foundation R2 / Hit Depth / exact-baseline authorities,133/133 identities; fixed eligible draw and ticket semantics,,READY
H09,Predictive uncertainty / ensemble dispersion,window_metrics,REQUIRED,AVAILABLE_AUTHORITATIVE,Sealed Raw Foundation R2 / Hit Depth / exact-baseline authorities,133/133 identities; fixed eligible draw and ticket semantics,,READY
H09,Predictive uncertainty / ensemble dispersion,candidate_k,NOT_REQUIRED,PARTIAL_COVERAGE,Candidate-K direct matrix plus current-catalog capability map,7 direct matrix paths; 44 current portfolio identities lack canonical number aggregation; 82 are historical-only,"Candidate-K is not native ticket count, configuration count or internal rank.",NON_BLOCKING
H09,Predictive uncertainty / ensemble dispersion,internal_rank,OPTIONAL,AVAILABLE_PROXY_ONLY,A CURRENT_PORTFOLIO_VOTE_PROXY and C TRAILING_WINDOW_FREQUENCY_PROXY,Proxy layers only; no canonical internal rank for the 133,A/C proxies must not be relabeled as strategy-internal ranking.,NON_BLOCKING
H09,Predictive uncertainty / ensemble dispersion,number_level_score,NOT_REQUIRED,PARTIAL_COVERAGE,Seven direct Candidate-K paths or separately specified causal exposure reconstruction,Direct for 7; reconstruction needed elsewhere; 44 current portfolios have no canonical aggregation contract,Ticket position or exposure frequency is not automatically a number-level score.,NON_BLOCKING
H09,Predictive uncertainty / ensemble dispersion,probability_output,REQUIRED,UNAVAILABLE,No canonical calibrated probability-output authority was recovered,0/133 canonical calibrated probability vectors,"Scores, ranks and ticket inclusion frequencies are not calibrated probabilities.",REQUIRES_NEW_MODEL_OUTPUT
H09,Predictive uncertainty / ensemble dispersion,portfolio_overlap,REQUIRED,AVAILABLE_DERIVABLE,Preserved native tickets plus exact portfolio-geometry authority,133/133 where tickets exist; derive strictly before target outcome,Geometry can remove a structural handicap but is not predictive evidence by itself.,REQUIRES_BOUNDED_DERIVATION
H09,Predictive uncertainty / ensemble dispersion,runtime_executable,OPTIONAL,UNAVAILABLE,The hypothesis-specific model/output does not exist,New model producer required,Historical source replay does not prove a forward runtime path.,NON_BLOCKING
H09,Predictive uncertainty / ensemble dispersion,forward_adapter,OPTIONAL,UNAVAILABLE,No hypothesis-specific forward adapter exists,New model output and adapter required,Do not infer adapter readiness from historical replay.,NON_BLOCKING
H09,Predictive uncertainty / ensemble dispersion,regime_descriptors,NOT_REQUIRED,PARTIAL_COVERAGE,Official causal regime analysis with four frozen axes,20 causal candidates across fixed axes/bands; not a per-133 complete join,Exploratory regime cells are multiplicity-exposed and not deployment proof.,NON_BLOCKING
H09,Predictive uncertainty / ensemble dispersion,pair_structure,NOT_REQUIRED,AVAILABLE_AUTHORITATIVE,Combination Projection R1 and causal pair/triple histories,"392,084 historical combinations at the sealed boundary",A/C projection scores are proxies; residual interaction must be learned only out of fold.,NON_BLOCKING
H09,Predictive uncertainty / ensemble dispersion,triplet_structure,NOT_REQUIRED,AVAILABLE_AUTHORITATIVE,Combination Projection R1 and causal pair/triple histories,"392,084 historical combinations at the sealed boundary",A/C projection scores are proxies; residual interaction must be learned only out of fold.,NON_BLOCKING
H09,Predictive uncertainty / ensemble dispersion,temporal_transitions,NOT_REQUIRED,AVAILABLE_DERIVABLE,Strictly ordered draw history and FULL/750/300/50 windows,Causal expanding-window derivation available,Retrospective breakpoint or state placement would leak future information.,NON_BLOCKING
H09,Predictive uncertainty / ensemble dispersion,actual_main_numbers,REQUIRED,AVAILABLE_AUTHORITATIVE,Sealed Raw Foundation R2 / Hit Depth / exact-baseline authorities,133/133 identities; fixed eligible draw and ticket semantics,,READY
H09,Predictive uncertainty / ensemble dispersion,actual_special_number,NOT_REQUIRED,AVAILABLE_AUTHORITATIVE,Sealed Raw Foundation R2 / Hit Depth / exact-baseline authorities,133/133 identities; fixed eligible draw and ticket semantics,,NON_BLOCKING
H09,Predictive uncertainty / ensemble dispersion,eligible_draws,REQUIRED,AVAILABLE_AUTHORITATIVE,Sealed Raw Foundation R2 / Hit Depth / exact-baseline authorities,133/133 identities; fixed eligible draw and ticket semantics,,READY
H11,Pair/triple interaction residual after marginal number scores,strategy_id,REQUIRED,AVAILABLE_AUTHORITATIVE,Sealed Raw Foundation R2 / Hit Depth / exact-baseline authorities,133/133 identities; fixed eligible draw and ticket semantics,,READY
H11,Pair/triple interaction residual after marginal number scores,family,REQUIRED,AVAILABLE_AUTHORITATIVE,Sealed Raw Foundation R2 / Hit Depth / exact-baseline authorities,133/133 identities; fixed eligible draw and ticket semantics,,READY
H11,Pair/triple interaction residual after marginal number scores,draw_id,REQUIRED,AVAILABLE_AUTHORITATIVE,Sealed Raw Foundation R2 / Hit Depth / exact-baseline authorities,133/133 identities; fixed eligible draw and ticket semantics,,READY
H11,Pair/triple interaction residual after marginal number scores,target_cutoff,REQUIRED,AVAILABLE_AUTHORITATIVE,Sealed Raw Foundation R2 / Hit Depth / exact-baseline authorities,133/133 identities; fixed eligible draw and ticket semantics,,READY
H11,Pair/triple interaction residual after marginal number scores,native_tickets,REQUIRED,AVAILABLE_AUTHORITATIVE,Sealed Raw Foundation R2 / Hit Depth / exact-baseline authorities,133/133 identities; fixed eligible draw and ticket semantics,,READY
H11,Pair/triple interaction residual after marginal number scores,native_ticket_count,REQUIRED,AVAILABLE_AUTHORITATIVE,Sealed Raw Foundation R2 / Hit Depth / exact-baseline authorities,133/133 identities; fixed eligible draw and ticket semantics,,READY
H11,Pair/triple interaction residual after marginal number scores,hit_depth,REQUIRED,AVAILABLE_AUTHORITATIVE,Sealed Raw Foundation R2 / Hit Depth / exact-baseline authorities,133/133 identities; fixed eligible draw and ticket semantics,,READY
H11,Pair/triple interaction residual after marginal number scores,special_hit,NOT_REQUIRED,AVAILABLE_AUTHORITATIVE,Sealed Raw Foundation R2 / Hit Depth / exact-baseline authorities,133/133 identities; fixed eligible draw and ticket semantics,,NON_BLOCKING
H11,Pair/triple interaction residual after marginal number scores,exact_baseline,REQUIRED,AVAILABLE_AUTHORITATIVE,Sealed Raw Foundation R2 / Hit Depth / exact-baseline authorities,133/133 identities; fixed eligible draw and ticket semantics,,READY
H11,Pair/triple interaction residual after marginal number scores,historical_delta,REQUIRED,AVAILABLE_AUTHORITATIVE,Sealed Raw Foundation R2 / Hit Depth / exact-baseline authorities,133/133 identities; fixed eligible draw and ticket semantics,,READY
H11,Pair/triple interaction residual after marginal number scores,window_metrics,REQUIRED,AVAILABLE_AUTHORITATIVE,Sealed Raw Foundation R2 / Hit Depth / exact-baseline authorities,133/133 identities; fixed eligible draw and ticket semantics,,READY
H11,Pair/triple interaction residual after marginal number scores,candidate_k,REQUIRED,PARTIAL_COVERAGE,Candidate-K direct matrix plus current-catalog capability map,7 direct matrix paths; 44 current portfolio identities lack canonical number aggregation; 82 are historical-only,"Candidate-K is not native ticket count, configuration count or internal rank.",REQUIRES_BOUNDED_DERIVATION
H11,Pair/triple interaction residual after marginal number scores,internal_rank,OPTIONAL,AVAILABLE_PROXY_ONLY,A CURRENT_PORTFOLIO_VOTE_PROXY and C TRAILING_WINDOW_FREQUENCY_PROXY,Proxy layers only; no canonical internal rank for the 133,A/C proxies must not be relabeled as strategy-internal ranking.,NON_BLOCKING
H11,Pair/triple interaction residual after marginal number scores,number_level_score,REQUIRED,PARTIAL_COVERAGE,Seven direct Candidate-K paths or separately specified causal exposure reconstruction,Direct for 7; reconstruction needed elsewhere; 44 current portfolios have no canonical aggregation contract,Ticket position or exposure frequency is not automatically a number-level score.,REQUIRES_BOUNDED_DERIVATION
H11,Pair/triple interaction residual after marginal number scores,probability_output,NOT_REQUIRED,UNAVAILABLE,No canonical calibrated probability-output authority was recovered,0/133 canonical calibrated probability vectors,"Scores, ranks and ticket inclusion frequencies are not calibrated probabilities.",NON_BLOCKING
H11,Pair/triple interaction residual after marginal number scores,portfolio_overlap,NOT_REQUIRED,AVAILABLE_DERIVABLE,Preserved native tickets plus exact portfolio-geometry authority,133/133 where tickets exist; derive strictly before target outcome,Geometry can remove a structural handicap but is not predictive evidence by itself.,NON_BLOCKING
H11,Pair/triple interaction residual after marginal number scores,runtime_executable,OPTIONAL,UNAVAILABLE,The hypothesis-specific model/output does not exist,New model producer required,Historical source replay does not prove a forward runtime path.,NON_BLOCKING
H11,Pair/triple interaction residual after marginal number scores,forward_adapter,OPTIONAL,UNAVAILABLE,No hypothesis-specific forward adapter exists,New model output and adapter required,Do not infer adapter readiness from historical replay.,NON_BLOCKING
H11,Pair/triple interaction residual after marginal number scores,regime_descriptors,NOT_REQUIRED,PARTIAL_COVERAGE,Official causal regime analysis with four frozen axes,20 causal candidates across fixed axes/bands; not a per-133 complete join,Exploratory regime cells are multiplicity-exposed and not deployment proof.,NON_BLOCKING
H11,Pair/triple interaction residual after marginal number scores,pair_structure,REQUIRED,AVAILABLE_AUTHORITATIVE,Combination Projection R1 and causal pair/triple histories,"392,084 historical combinations at the sealed boundary",A/C projection scores are proxies; residual interaction must be learned only out of fold.,READY
H11,Pair/triple interaction residual after marginal number scores,triplet_structure,REQUIRED,AVAILABLE_AUTHORITATIVE,Combination Projection R1 and causal pair/triple histories,"392,084 historical combinations at the sealed boundary",A/C projection scores are proxies; residual interaction must be learned only out of fold.,READY
H11,Pair/triple interaction residual after marginal number scores,temporal_transitions,NOT_REQUIRED,AVAILABLE_DERIVABLE,Strictly ordered draw history and FULL/750/300/50 windows,Causal expanding-window derivation available,Retrospective breakpoint or state placement would leak future information.,NON_BLOCKING
H11,Pair/triple interaction residual after marginal number scores,actual_main_numbers,REQUIRED,AVAILABLE_AUTHORITATIVE,Sealed Raw Foundation R2 / Hit Depth / exact-baseline authorities,133/133 identities; fixed eligible draw and ticket semantics,,READY
H11,Pair/triple interaction residual after marginal number scores,actual_special_number,NOT_REQUIRED,AVAILABLE_AUTHORITATIVE,Sealed Raw Foundation R2 / Hit Depth / exact-baseline authorities,133/133 identities; fixed eligible draw and ticket semantics,,NON_BLOCKING
H11,Pair/triple interaction residual after marginal number scores,eligible_draws,REQUIRED,AVAILABLE_AUTHORITATIVE,Sealed Raw Foundation R2 / Hit Depth / exact-baseline authorities,133/133 identities; fixed eligible draw and ticket semantics,,READY
H13,Temporal graph change rather than static graph score,strategy_id,REQUIRED,AVAILABLE_AUTHORITATIVE,Sealed Raw Foundation R2 / Hit Depth / exact-baseline authorities,133/133 identities; fixed eligible draw and ticket semantics,,READY
H13,Temporal graph change rather than static graph score,family,REQUIRED,AVAILABLE_AUTHORITATIVE,Sealed Raw Foundation R2 / Hit Depth / exact-baseline authorities,133/133 identities; fixed eligible draw and ticket semantics,,READY
H13,Temporal graph change rather than static graph score,draw_id,REQUIRED,AVAILABLE_AUTHORITATIVE,Sealed Raw Foundation R2 / Hit Depth / exact-baseline authorities,133/133 identities; fixed eligible draw and ticket semantics,,READY
H13,Temporal graph change rather than static graph score,target_cutoff,REQUIRED,AVAILABLE_AUTHORITATIVE,Sealed Raw Foundation R2 / Hit Depth / exact-baseline authorities,133/133 identities; fixed eligible draw and ticket semantics,,READY
H13,Temporal graph change rather than static graph score,native_tickets,REQUIRED,AVAILABLE_AUTHORITATIVE,Sealed Raw Foundation R2 / Hit Depth / exact-baseline authorities,133/133 identities; fixed eligible draw and ticket semantics,,READY
H13,Temporal graph change rather than static graph score,native_ticket_count,REQUIRED,AVAILABLE_AUTHORITATIVE,Sealed Raw Foundation R2 / Hit Depth / exact-baseline authorities,133/133 identities; fixed eligible draw and ticket semantics,,READY
H13,Temporal graph change rather than static graph score,hit_depth,REQUIRED,AVAILABLE_AUTHORITATIVE,Sealed Raw Foundation R2 / Hit Depth / exact-baseline authorities,133/133 identities; fixed eligible draw and ticket semantics,,READY
H13,Temporal graph change rather than static graph score,special_hit,NOT_REQUIRED,AVAILABLE_AUTHORITATIVE,Sealed Raw Foundation R2 / Hit Depth / exact-baseline authorities,133/133 identities; fixed eligible draw and ticket semantics,,NON_BLOCKING
H13,Temporal graph change rather than static graph score,exact_baseline,REQUIRED,AVAILABLE_AUTHORITATIVE,Sealed Raw Foundation R2 / Hit Depth / exact-baseline authorities,133/133 identities; fixed eligible draw and ticket semantics,,READY
H13,Temporal graph change rather than static graph score,historical_delta,REQUIRED,AVAILABLE_AUTHORITATIVE,Sealed Raw Foundation R2 / Hit Depth / exact-baseline authorities,133/133 identities; fixed eligible draw and ticket semantics,,READY
H13,Temporal graph change rather than static graph score,window_metrics,REQUIRED,AVAILABLE_AUTHORITATIVE,Sealed Raw Foundation R2 / Hit Depth / exact-baseline authorities,133/133 identities; fixed eligible draw and ticket semantics,,READY
H13,Temporal graph change rather than static graph score,candidate_k,NOT_REQUIRED,PARTIAL_COVERAGE,Candidate-K direct matrix plus current-catalog capability map,7 direct matrix paths; 44 current portfolio identities lack canonical number aggregation; 82 are historical-only,"Candidate-K is not native ticket count, configuration count or internal rank.",NON_BLOCKING
H13,Temporal graph change rather than static graph score,internal_rank,NOT_REQUIRED,AVAILABLE_PROXY_ONLY,A CURRENT_PORTFOLIO_VOTE_PROXY and C TRAILING_WINDOW_FREQUENCY_PROXY,Proxy layers only; no canonical internal rank for the 133,A/C proxies must not be relabeled as strategy-internal ranking.,NON_BLOCKING
H13,Temporal graph change rather than static graph score,number_level_score,NOT_REQUIRED,PARTIAL_COVERAGE,Seven direct Candidate-K paths or separately specified causal exposure reconstruction,Direct for 7; reconstruction needed elsewhere; 44 current portfolios have no canonical aggregation contract,Ticket position or exposure frequency is not automatically a number-level score.,NON_BLOCKING
H13,Temporal graph change rather than static graph score,probability_output,NOT_REQUIRED,UNAVAILABLE,No canonical calibrated probability-output authority was recovered,0/133 canonical calibrated probability vectors,"Scores, ranks and ticket inclusion frequencies are not calibrated probabilities.",NON_BLOCKING
H13,Temporal graph change rather than static graph score,portfolio_overlap,OPTIONAL,AVAILABLE_DERIVABLE,Preserved native tickets plus exact portfolio-geometry authority,133/133 where tickets exist; derive strictly before target outcome,Geometry can remove a structural handicap but is not predictive evidence by itself.,NON_BLOCKING
H13,Temporal graph change rather than static graph score,runtime_executable,OPTIONAL,PARTIAL_COVERAGE,Current executable overlap map,51/133 historical identities; exact per-family join remains unknown,Population-level 51/82 split cannot certify a specific adapter.,NON_BLOCKING
H13,Temporal graph change rather than static graph score,forward_adapter,OPTIONAL,PARTIAL_COVERAGE,Current 51-identity executable overlap,Small overlay/adapter required and exact producer join must be verified,Do not use unavailable Cohort V1 candidates as if executable.,NON_BLOCKING
H13,Temporal graph change rather than static graph score,regime_descriptors,NOT_REQUIRED,PARTIAL_COVERAGE,Official causal regime analysis with four frozen axes,20 causal candidates across fixed axes/bands; not a per-133 complete join,Exploratory regime cells are multiplicity-exposed and not deployment proof.,NON_BLOCKING
H13,Temporal graph change rather than static graph score,pair_structure,REQUIRED,AVAILABLE_AUTHORITATIVE,Combination Projection R1 and causal pair/triple histories,"392,084 historical combinations at the sealed boundary",A/C projection scores are proxies; residual interaction must be learned only out of fold.,READY
H13,Temporal graph change rather than static graph score,triplet_structure,REQUIRED,AVAILABLE_AUTHORITATIVE,Combination Projection R1 and causal pair/triple histories,"392,084 historical combinations at the sealed boundary",A/C projection scores are proxies; residual interaction must be learned only out of fold.,READY
H13,Temporal graph change rather than static graph score,temporal_transitions,REQUIRED,AVAILABLE_DERIVABLE,Strictly ordered draw history and FULL/750/300/50 windows,Causal expanding-window derivation available,Retrospective breakpoint or state placement would leak future information.,REQUIRES_BOUNDED_DERIVATION
H13,Temporal graph change rather than static graph score,actual_main_numbers,REQUIRED,AVAILABLE_AUTHORITATIVE,Sealed Raw Foundation R2 / Hit Depth / exact-baseline authorities,133/133 identities; fixed eligible draw and ticket semantics,,READY
H13,Temporal graph change rather than static graph score,actual_special_number,NOT_REQUIRED,AVAILABLE_AUTHORITATIVE,Sealed Raw Foundation R2 / Hit Depth / exact-baseline authorities,133/133 identities; fixed eligible draw and ticket semantics,,NON_BLOCKING
H13,Temporal graph change rather than static graph score,eligible_draws,REQUIRED,AVAILABLE_AUTHORITATIVE,Sealed Raw Foundation R2 / Hit Depth / exact-baseline authorities,133/133 identities; fixed eligible draw and ticket semantics,,READY
H15,Multi-objective hit-depth / coverage / overlap / payout-proxy optimizer,strategy_id,REQUIRED,AVAILABLE_AUTHORITATIVE,Sealed Raw Foundation R2 / Hit Depth / exact-baseline authorities,133/133 identities; fixed eligible draw and ticket semantics,,READY
H15,Multi-objective hit-depth / coverage / overlap / payout-proxy optimizer,family,REQUIRED,AVAILABLE_AUTHORITATIVE,Sealed Raw Foundation R2 / Hit Depth / exact-baseline authorities,133/133 identities; fixed eligible draw and ticket semantics,,READY
H15,Multi-objective hit-depth / coverage / overlap / payout-proxy optimizer,draw_id,REQUIRED,AVAILABLE_AUTHORITATIVE,Sealed Raw Foundation R2 / Hit Depth / exact-baseline authorities,133/133 identities; fixed eligible draw and ticket semantics,,READY
H15,Multi-objective hit-depth / coverage / overlap / payout-proxy optimizer,target_cutoff,REQUIRED,AVAILABLE_AUTHORITATIVE,Sealed Raw Foundation R2 / Hit Depth / exact-baseline authorities,133/133 identities; fixed eligible draw and ticket semantics,,READY
H15,Multi-objective hit-depth / coverage / overlap / payout-proxy optimizer,native_tickets,REQUIRED,AVAILABLE_AUTHORITATIVE,Sealed Raw Foundation R2 / Hit Depth / exact-baseline authorities,133/133 identities; fixed eligible draw and ticket semantics,,READY
H15,Multi-objective hit-depth / coverage / overlap / payout-proxy optimizer,native_ticket_count,REQUIRED,AVAILABLE_AUTHORITATIVE,Sealed Raw Foundation R2 / Hit Depth / exact-baseline authorities,133/133 identities; fixed eligible draw and ticket semantics,,READY
H15,Multi-objective hit-depth / coverage / overlap / payout-proxy optimizer,hit_depth,REQUIRED,AVAILABLE_AUTHORITATIVE,Sealed Raw Foundation R2 / Hit Depth / exact-baseline authorities,133/133 identities; fixed eligible draw and ticket semantics,,READY
H15,Multi-objective hit-depth / coverage / overlap / payout-proxy optimizer,special_hit,OPTIONAL,AVAILABLE_AUTHORITATIVE,Sealed Raw Foundation R2 / Hit Depth / exact-baseline authorities,133/133 identities; fixed eligible draw and ticket semantics,,NON_BLOCKING
H15,Multi-objective hit-depth / coverage / overlap / payout-proxy optimizer,exact_baseline,REQUIRED,AVAILABLE_AUTHORITATIVE,Sealed Raw Foundation R2 / Hit Depth / exact-baseline authorities,133/133 identities; fixed eligible draw and ticket semantics,,READY
H15,Multi-objective hit-depth / coverage / overlap / payout-proxy optimizer,historical_delta,REQUIRED,AVAILABLE_AUTHORITATIVE,Sealed Raw Foundation R2 / Hit Depth / exact-baseline authorities,133/133 identities; fixed eligible draw and ticket semantics,,READY
H15,Multi-objective hit-depth / coverage / overlap / payout-proxy optimizer,window_metrics,REQUIRED,AVAILABLE_AUTHORITATIVE,Sealed Raw Foundation R2 / Hit Depth / exact-baseline authorities,133/133 identities; fixed eligible draw and ticket semantics,,READY
H15,Multi-objective hit-depth / coverage / overlap / payout-proxy optimizer,candidate_k,REQUIRED,PARTIAL_COVERAGE,Candidate-K direct matrix plus current-catalog capability map,7 direct matrix paths; 44 current portfolio identities lack canonical number aggregation; 82 are historical-only,"Candidate-K is not native ticket count, configuration count or internal rank.",REQUIRES_BOUNDED_DERIVATION
H15,Multi-objective hit-depth / coverage / overlap / payout-proxy optimizer,internal_rank,NOT_REQUIRED,AVAILABLE_PROXY_ONLY,A CURRENT_PORTFOLIO_VOTE_PROXY and C TRAILING_WINDOW_FREQUENCY_PROXY,Proxy layers only; no canonical internal rank for the 133,A/C proxies must not be relabeled as strategy-internal ranking.,NON_BLOCKING
H15,Multi-objective hit-depth / coverage / overlap / payout-proxy optimizer,number_level_score,NOT_REQUIRED,PARTIAL_COVERAGE,Seven direct Candidate-K paths or separately specified causal exposure reconstruction,Direct for 7; reconstruction needed elsewhere; 44 current portfolios have no canonical aggregation contract,Ticket position or exposure frequency is not automatically a number-level score.,NON_BLOCKING
H15,Multi-objective hit-depth / coverage / overlap / payout-proxy optimizer,probability_output,NOT_REQUIRED,UNAVAILABLE,No canonical calibrated probability-output authority was recovered,0/133 canonical calibrated probability vectors,"Scores, ranks and ticket inclusion frequencies are not calibrated probabilities.",NON_BLOCKING
H15,Multi-objective hit-depth / coverage / overlap / payout-proxy optimizer,portfolio_overlap,REQUIRED,AVAILABLE_DERIVABLE,Preserved native tickets plus exact portfolio-geometry authority,133/133 where tickets exist; derive strictly before target outcome,Geometry can remove a structural handicap but is not predictive evidence by itself.,REQUIRES_BOUNDED_DERIVATION
H15,Multi-objective hit-depth / coverage / overlap / payout-proxy optimizer,runtime_executable,OPTIONAL,PARTIAL_COVERAGE,Current executable overlap map,51/133 historical identities; exact per-family join remains unknown,Population-level 51/82 split cannot certify a specific adapter.,NON_BLOCKING
H15,Multi-objective hit-depth / coverage / overlap / payout-proxy optimizer,forward_adapter,OPTIONAL,PARTIAL_COVERAGE,Current 51-identity executable overlap,Small overlay/adapter required and exact producer join must be verified,Do not use unavailable Cohort V1 candidates as if executable.,NON_BLOCKING
H15,Multi-objective hit-depth / coverage / overlap / payout-proxy optimizer,regime_descriptors,NOT_REQUIRED,PARTIAL_COVERAGE,Official causal regime analysis with four frozen axes,20 causal candidates across fixed axes/bands; not a per-133 complete join,Exploratory regime cells are multiplicity-exposed and not deployment proof.,NON_BLOCKING
H15,Multi-objective hit-depth / coverage / overlap / payout-proxy optimizer,pair_structure,REQUIRED,AVAILABLE_AUTHORITATIVE,Combination Projection R1 and causal pair/triple histories,"392,084 historical combinations at the sealed boundary",A/C projection scores are proxies; residual interaction must be learned only out of fold.,READY
H15,Multi-objective hit-depth / coverage / overlap / payout-proxy optimizer,triplet_structure,REQUIRED,AVAILABLE_AUTHORITATIVE,Combination Projection R1 and causal pair/triple histories,"392,084 historical combinations at the sealed boundary",A/C projection scores are proxies; residual interaction must be learned only out of fold.,READY
H15,Multi-objective hit-depth / coverage / overlap / payout-proxy optimizer,temporal_transitions,NOT_REQUIRED,AVAILABLE_DERIVABLE,Strictly ordered draw history and FULL/750/300/50 windows,Causal expanding-window derivation available,Retrospective breakpoint or state placement would leak future information.,NON_BLOCKING
H15,Multi-objective hit-depth / coverage / overlap / payout-proxy optimizer,actual_main_numbers,REQUIRED,AVAILABLE_AUTHORITATIVE,Sealed Raw Foundation R2 / Hit Depth / exact-baseline authorities,133/133 identities; fixed eligible draw and ticket semantics,,READY
H15,Multi-objective hit-depth / coverage / overlap / payout-proxy optimizer,actual_special_number,NOT_REQUIRED,AVAILABLE_AUTHORITATIVE,Sealed Raw Foundation R2 / Hit Depth / exact-baseline authorities,133/133 identities; fixed eligible draw and ticket semantics,,NON_BLOCKING
H15,Multi-objective hit-depth / coverage / overlap / payout-proxy optimizer,eligible_draws,REQUIRED,AVAILABLE_AUTHORITATIVE,Sealed Raw Foundation R2 / Hit Depth / exact-baseline authorities,133/133 identities; fixed eligible draw and ticket semantics,,READY
H16,Joint main-number/special-number conditional model,strategy_id,REQUIRED,AVAILABLE_AUTHORITATIVE,Sealed Raw Foundation R2 / Hit Depth / exact-baseline authorities,133/133 identities; fixed eligible draw and ticket semantics,,READY
H16,Joint main-number/special-number conditional model,family,REQUIRED,AVAILABLE_AUTHORITATIVE,Sealed Raw Foundation R2 / Hit Depth / exact-baseline authorities,133/133 identities; fixed eligible draw and ticket semantics,,READY
H16,Joint main-number/special-number conditional model,draw_id,REQUIRED,AVAILABLE_AUTHORITATIVE,Sealed Raw Foundation R2 / Hit Depth / exact-baseline authorities,133/133 identities; fixed eligible draw and ticket semantics,,READY
H16,Joint main-number/special-number conditional model,target_cutoff,REQUIRED,AVAILABLE_AUTHORITATIVE,Sealed Raw Foundation R2 / Hit Depth / exact-baseline authorities,133/133 identities; fixed eligible draw and ticket semantics,,READY
H16,Joint main-number/special-number conditional model,native_tickets,REQUIRED,AVAILABLE_AUTHORITATIVE,Sealed Raw Foundation R2 / Hit Depth / exact-baseline authorities,133/133 identities; fixed eligible draw and ticket semantics,,READY
H16,Joint main-number/special-number conditional model,native_ticket_count,REQUIRED,AVAILABLE_AUTHORITATIVE,Sealed Raw Foundation R2 / Hit Depth / exact-baseline authorities,133/133 identities; fixed eligible draw and ticket semantics,,READY
H16,Joint main-number/special-number conditional model,hit_depth,REQUIRED,AVAILABLE_AUTHORITATIVE,Sealed Raw Foundation R2 / Hit Depth / exact-baseline authorities,133/133 identities; fixed eligible draw and ticket semantics,,READY
H16,Joint main-number/special-number conditional model,special_hit,REQUIRED,AVAILABLE_AUTHORITATIVE,Sealed Raw Foundation R2 / Hit Depth / exact-baseline authorities,133/133 identities; fixed eligible draw and ticket semantics,,READY
H16,Joint main-number/special-number conditional model,exact_baseline,REQUIRED,AVAILABLE_AUTHORITATIVE,Sealed Raw Foundation R2 / Hit Depth / exact-baseline authorities,133/133 identities; fixed eligible draw and ticket semantics,,READY
H16,Joint main-number/special-number conditional model,historical_delta,REQUIRED,AVAILABLE_AUTHORITATIVE,Sealed Raw Foundation R2 / Hit Depth / exact-baseline authorities,133/133 identities; fixed eligible draw and ticket semantics,,READY
H16,Joint main-number/special-number conditional model,window_metrics,REQUIRED,AVAILABLE_AUTHORITATIVE,Sealed Raw Foundation R2 / Hit Depth / exact-baseline authorities,133/133 identities; fixed eligible draw and ticket semantics,,READY
H16,Joint main-number/special-number conditional model,candidate_k,NOT_REQUIRED,PARTIAL_COVERAGE,Candidate-K direct matrix plus current-catalog capability map,7 direct matrix paths; 44 current portfolio identities lack canonical number aggregation; 82 are historical-only,"Candidate-K is not native ticket count, configuration count or internal rank.",NON_BLOCKING
H16,Joint main-number/special-number conditional model,internal_rank,NOT_REQUIRED,AVAILABLE_PROXY_ONLY,A CURRENT_PORTFOLIO_VOTE_PROXY and C TRAILING_WINDOW_FREQUENCY_PROXY,Proxy layers only; no canonical internal rank for the 133,A/C proxies must not be relabeled as strategy-internal ranking.,NON_BLOCKING
H16,Joint main-number/special-number conditional model,number_level_score,OPTIONAL,PARTIAL_COVERAGE,Seven direct Candidate-K paths or separately specified causal exposure reconstruction,Direct for 7; reconstruction needed elsewhere; 44 current portfolios have no canonical aggregation contract,Ticket position or exposure frequency is not automatically a number-level score.,NON_BLOCKING
H16,Joint main-number/special-number conditional model,probability_output,REQUIRED,UNAVAILABLE,No canonical calibrated probability-output authority was recovered,0/133 canonical calibrated probability vectors,"Scores, ranks and ticket inclusion frequencies are not calibrated probabilities.",REQUIRES_NEW_MODEL_OUTPUT
H16,Joint main-number/special-number conditional model,portfolio_overlap,NOT_REQUIRED,AVAILABLE_DERIVABLE,Preserved native tickets plus exact portfolio-geometry authority,133/133 where tickets exist; derive strictly before target outcome,Geometry can remove a structural handicap but is not predictive evidence by itself.,NON_BLOCKING
H16,Joint main-number/special-number conditional model,runtime_executable,OPTIONAL,UNAVAILABLE,The hypothesis-specific model/output does not exist,New model producer required,Historical source replay does not prove a forward runtime path.,NON_BLOCKING
H16,Joint main-number/special-number conditional model,forward_adapter,OPTIONAL,UNAVAILABLE,No hypothesis-specific forward adapter exists,New model output and adapter required,Do not infer adapter readiness from historical replay.,NON_BLOCKING
H16,Joint main-number/special-number conditional model,regime_descriptors,NOT_REQUIRED,PARTIAL_COVERAGE,Official causal regime analysis with four frozen axes,20 causal candidates across fixed axes/bands; not a per-133 complete join,Exploratory regime cells are multiplicity-exposed and not deployment proof.,NON_BLOCKING
H16,Joint main-number/special-number conditional model,pair_structure,NOT_REQUIRED,AVAILABLE_AUTHORITATIVE,Combination Projection R1 and causal pair/triple histories,"392,084 historical combinations at the sealed boundary",A/C projection scores are proxies; residual interaction must be learned only out of fold.,NON_BLOCKING
H16,Joint main-number/special-number conditional model,triplet_structure,NOT_REQUIRED,AVAILABLE_AUTHORITATIVE,Combination Projection R1 and causal pair/triple histories,"392,084 historical combinations at the sealed boundary",A/C projection scores are proxies; residual interaction must be learned only out of fold.,NON_BLOCKING
H16,Joint main-number/special-number conditional model,temporal_transitions,NOT_REQUIRED,AVAILABLE_DERIVABLE,Strictly ordered draw history and FULL/750/300/50 windows,Causal expanding-window derivation available,Retrospective breakpoint or state placement would leak future information.,NON_BLOCKING
H16,Joint main-number/special-number conditional model,actual_main_numbers,REQUIRED,AVAILABLE_AUTHORITATIVE,Sealed Raw Foundation R2 / Hit Depth / exact-baseline authorities,133/133 identities; fixed eligible draw and ticket semantics,,READY
H16,Joint main-number/special-number conditional model,actual_special_number,REQUIRED,AVAILABLE_AUTHORITATIVE,Sealed Raw Foundation R2 / Hit Depth / exact-baseline authorities,133/133 identities; fixed eligible draw and ticket semantics,,READY
H16,Joint main-number/special-number conditional model,eligible_draws,REQUIRED,AVAILABLE_AUTHORITATIVE,Sealed Raw Foundation R2 / Hit Depth / exact-baseline authorities,133/133 identities; fixed eligible draw and ticket semantics,,READY
H18,HMM latent-regime gating,strategy_id,REQUIRED,AVAILABLE_AUTHORITATIVE,Sealed Raw Foundation R2 / Hit Depth / exact-baseline authorities,133/133 identities; fixed eligible draw and ticket semantics,,READY
H18,HMM latent-regime gating,family,REQUIRED,AVAILABLE_AUTHORITATIVE,Sealed Raw Foundation R2 / Hit Depth / exact-baseline authorities,133/133 identities; fixed eligible draw and ticket semantics,,READY
H18,HMM latent-regime gating,draw_id,REQUIRED,AVAILABLE_AUTHORITATIVE,Sealed Raw Foundation R2 / Hit Depth / exact-baseline authorities,133/133 identities; fixed eligible draw and ticket semantics,,READY
H18,HMM latent-regime gating,target_cutoff,REQUIRED,AVAILABLE_AUTHORITATIVE,Sealed Raw Foundation R2 / Hit Depth / exact-baseline authorities,133/133 identities; fixed eligible draw and ticket semantics,,READY
H18,HMM latent-regime gating,native_tickets,REQUIRED,AVAILABLE_AUTHORITATIVE,Sealed Raw Foundation R2 / Hit Depth / exact-baseline authorities,133/133 identities; fixed eligible draw and ticket semantics,,READY
H18,HMM latent-regime gating,native_ticket_count,REQUIRED,AVAILABLE_AUTHORITATIVE,Sealed Raw Foundation R2 / Hit Depth / exact-baseline authorities,133/133 identities; fixed eligible draw and ticket semantics,,READY
H18,HMM latent-regime gating,hit_depth,REQUIRED,AVAILABLE_AUTHORITATIVE,Sealed Raw Foundation R2 / Hit Depth / exact-baseline authorities,133/133 identities; fixed eligible draw and ticket semantics,,READY
H18,HMM latent-regime gating,special_hit,NOT_REQUIRED,AVAILABLE_AUTHORITATIVE,Sealed Raw Foundation R2 / Hit Depth / exact-baseline authorities,133/133 identities; fixed eligible draw and ticket semantics,,NON_BLOCKING
H18,HMM latent-regime gating,exact_baseline,REQUIRED,AVAILABLE_AUTHORITATIVE,Sealed Raw Foundation R2 / Hit Depth / exact-baseline authorities,133/133 identities; fixed eligible draw and ticket semantics,,READY
H18,HMM latent-regime gating,historical_delta,REQUIRED,AVAILABLE_AUTHORITATIVE,Sealed Raw Foundation R2 / Hit Depth / exact-baseline authorities,133/133 identities; fixed eligible draw and ticket semantics,,READY
H18,HMM latent-regime gating,window_metrics,REQUIRED,AVAILABLE_AUTHORITATIVE,Sealed Raw Foundation R2 / Hit Depth / exact-baseline authorities,133/133 identities; fixed eligible draw and ticket semantics,,READY
H18,HMM latent-regime gating,candidate_k,NOT_REQUIRED,PARTIAL_COVERAGE,Candidate-K direct matrix plus current-catalog capability map,7 direct matrix paths; 44 current portfolio identities lack canonical number aggregation; 82 are historical-only,"Candidate-K is not native ticket count, configuration count or internal rank.",NON_BLOCKING
H18,HMM latent-regime gating,internal_rank,NOT_REQUIRED,AVAILABLE_PROXY_ONLY,A CURRENT_PORTFOLIO_VOTE_PROXY and C TRAILING_WINDOW_FREQUENCY_PROXY,Proxy layers only; no canonical internal rank for the 133,A/C proxies must not be relabeled as strategy-internal ranking.,NON_BLOCKING
H18,HMM latent-regime gating,number_level_score,NOT_REQUIRED,PARTIAL_COVERAGE,Seven direct Candidate-K paths or separately specified causal exposure reconstruction,Direct for 7; reconstruction needed elsewhere; 44 current portfolios have no canonical aggregation contract,Ticket position or exposure frequency is not automatically a number-level score.,NON_BLOCKING
H18,HMM latent-regime gating,probability_output,REQUIRED,UNAVAILABLE,No canonical calibrated probability-output authority was recovered,0/133 canonical calibrated probability vectors,"Scores, ranks and ticket inclusion frequencies are not calibrated probabilities.",REQUIRES_NEW_MODEL_OUTPUT
H18,HMM latent-regime gating,portfolio_overlap,NOT_REQUIRED,AVAILABLE_DERIVABLE,Preserved native tickets plus exact portfolio-geometry authority,133/133 where tickets exist; derive strictly before target outcome,Geometry can remove a structural handicap but is not predictive evidence by itself.,NON_BLOCKING
H18,HMM latent-regime gating,runtime_executable,OPTIONAL,UNAVAILABLE,The hypothesis-specific model/output does not exist,New model producer required,Historical source replay does not prove a forward runtime path.,NON_BLOCKING
H18,HMM latent-regime gating,forward_adapter,OPTIONAL,UNAVAILABLE,No hypothesis-specific forward adapter exists,New model output and adapter required,Do not infer adapter readiness from historical replay.,NON_BLOCKING
H18,HMM latent-regime gating,regime_descriptors,REQUIRED,PARTIAL_COVERAGE,Official causal regime analysis with four frozen axes,20 causal candidates across fixed axes/bands; not a per-133 complete join,Exploratory regime cells are multiplicity-exposed and not deployment proof.,REQUIRES_BOUNDED_DERIVATION
H18,HMM latent-regime gating,pair_structure,NOT_REQUIRED,AVAILABLE_AUTHORITATIVE,Combination Projection R1 and causal pair/triple histories,"392,084 historical combinations at the sealed boundary",A/C projection scores are proxies; residual interaction must be learned only out of fold.,NON_BLOCKING
H18,HMM latent-regime gating,triplet_structure,NOT_REQUIRED,AVAILABLE_AUTHORITATIVE,Combination Projection R1 and causal pair/triple histories,"392,084 historical combinations at the sealed boundary",A/C projection scores are proxies; residual interaction must be learned only out of fold.,NON_BLOCKING
H18,HMM latent-regime gating,temporal_transitions,REQUIRED,AVAILABLE_DERIVABLE,Strictly ordered draw history and FULL/750/300/50 windows,Causal expanding-window derivation available,Retrospective breakpoint or state placement would leak future information.,REQUIRES_BOUNDED_DERIVATION
H18,HMM latent-regime gating,actual_main_numbers,REQUIRED,AVAILABLE_AUTHORITATIVE,Sealed Raw Foundation R2 / Hit Depth / exact-baseline authorities,133/133 identities; fixed eligible draw and ticket semantics,,READY
H18,HMM latent-regime gating,actual_special_number,NOT_REQUIRED,AVAILABLE_AUTHORITATIVE,Sealed Raw Foundation R2 / Hit Depth / exact-baseline authorities,133/133 identities; fixed eligible draw and ticket semantics,,NON_BLOCKING
H18,HMM latent-regime gating,eligible_draws,REQUIRED,AVAILABLE_AUTHORITATIVE,Sealed Raw Foundation R2 / Hit Depth / exact-baseline authorities,133/133 identities; fixed eligible draw and ticket semantics,,READY
H20,Entropy/distribution-shift anomaly gating,strategy_id,REQUIRED,AVAILABLE_AUTHORITATIVE,Sealed Raw Foundation R2 / Hit Depth / exact-baseline authorities,133/133 identities; fixed eligible draw and ticket semantics,,READY
H20,Entropy/distribution-shift anomaly gating,family,REQUIRED,AVAILABLE_AUTHORITATIVE,Sealed Raw Foundation R2 / Hit Depth / exact-baseline authorities,133/133 identities; fixed eligible draw and ticket semantics,,READY
H20,Entropy/distribution-shift anomaly gating,draw_id,REQUIRED,AVAILABLE_AUTHORITATIVE,Sealed Raw Foundation R2 / Hit Depth / exact-baseline authorities,133/133 identities; fixed eligible draw and ticket semantics,,READY
H20,Entropy/distribution-shift anomaly gating,target_cutoff,REQUIRED,AVAILABLE_AUTHORITATIVE,Sealed Raw Foundation R2 / Hit Depth / exact-baseline authorities,133/133 identities; fixed eligible draw and ticket semantics,,READY
H20,Entropy/distribution-shift anomaly gating,native_tickets,REQUIRED,AVAILABLE_AUTHORITATIVE,Sealed Raw Foundation R2 / Hit Depth / exact-baseline authorities,133/133 identities; fixed eligible draw and ticket semantics,,READY
H20,Entropy/distribution-shift anomaly gating,native_ticket_count,REQUIRED,AVAILABLE_AUTHORITATIVE,Sealed Raw Foundation R2 / Hit Depth / exact-baseline authorities,133/133 identities; fixed eligible draw and ticket semantics,,READY
H20,Entropy/distribution-shift anomaly gating,hit_depth,REQUIRED,AVAILABLE_AUTHORITATIVE,Sealed Raw Foundation R2 / Hit Depth / exact-baseline authorities,133/133 identities; fixed eligible draw and ticket semantics,,READY
H20,Entropy/distribution-shift anomaly gating,special_hit,NOT_REQUIRED,AVAILABLE_AUTHORITATIVE,Sealed Raw Foundation R2 / Hit Depth / exact-baseline authorities,133/133 identities; fixed eligible draw and ticket semantics,,NON_BLOCKING
H20,Entropy/distribution-shift anomaly gating,exact_baseline,REQUIRED,AVAILABLE_AUTHORITATIVE,Sealed Raw Foundation R2 / Hit Depth / exact-baseline authorities,133/133 identities; fixed eligible draw and ticket semantics,,READY
H20,Entropy/distribution-shift anomaly gating,historical_delta,REQUIRED,AVAILABLE_AUTHORITATIVE,Sealed Raw Foundation R2 / Hit Depth / exact-baseline authorities,133/133 identities; fixed eligible draw and ticket semantics,,READY
H20,Entropy/distribution-shift anomaly gating,window_metrics,REQUIRED,AVAILABLE_AUTHORITATIVE,Sealed Raw Foundation R2 / Hit Depth / exact-baseline authorities,133/133 identities; fixed eligible draw and ticket semantics,,READY
H20,Entropy/distribution-shift anomaly gating,candidate_k,NOT_REQUIRED,PARTIAL_COVERAGE,Candidate-K direct matrix plus current-catalog capability map,7 direct matrix paths; 44 current portfolio identities lack canonical number aggregation; 82 are historical-only,"Candidate-K is not native ticket count, configuration count or internal rank.",NON_BLOCKING
H20,Entropy/distribution-shift anomaly gating,internal_rank,NOT_REQUIRED,AVAILABLE_PROXY_ONLY,A CURRENT_PORTFOLIO_VOTE_PROXY and C TRAILING_WINDOW_FREQUENCY_PROXY,Proxy layers only; no canonical internal rank for the 133,A/C proxies must not be relabeled as strategy-internal ranking.,NON_BLOCKING
H20,Entropy/distribution-shift anomaly gating,number_level_score,NOT_REQUIRED,PARTIAL_COVERAGE,Seven direct Candidate-K paths or separately specified causal exposure reconstruction,Direct for 7; reconstruction needed elsewhere; 44 current portfolios have no canonical aggregation contract,Ticket position or exposure frequency is not automatically a number-level score.,NON_BLOCKING
H20,Entropy/distribution-shift anomaly gating,probability_output,NOT_REQUIRED,UNAVAILABLE,No canonical calibrated probability-output authority was recovered,0/133 canonical calibrated probability vectors,"Scores, ranks and ticket inclusion frequencies are not calibrated probabilities.",NON_BLOCKING
H20,Entropy/distribution-shift anomaly gating,portfolio_overlap,NOT_REQUIRED,AVAILABLE_DERIVABLE,Preserved native tickets plus exact portfolio-geometry authority,133/133 where tickets exist; derive strictly before target outcome,Geometry can remove a structural handicap but is not predictive evidence by itself.,NON_BLOCKING
H20,Entropy/distribution-shift anomaly gating,runtime_executable,OPTIONAL,PARTIAL_COVERAGE,Current executable overlap map,51/133 historical identities; exact per-family join remains unknown,Population-level 51/82 split cannot certify a specific adapter.,NON_BLOCKING
H20,Entropy/distribution-shift anomaly gating,forward_adapter,OPTIONAL,PARTIAL_COVERAGE,Current 51-identity executable overlap,Small overlay/adapter required and exact producer join must be verified,Do not use unavailable Cohort V1 candidates as if executable.,NON_BLOCKING
H20,Entropy/distribution-shift anomaly gating,regime_descriptors,REQUIRED,PARTIAL_COVERAGE,Official causal regime analysis with four frozen axes,20 causal candidates across fixed axes/bands; not a per-133 complete join,Exploratory regime cells are multiplicity-exposed and not deployment proof.,REQUIRES_BOUNDED_DERIVATION
H20,Entropy/distribution-shift anomaly gating,pair_structure,NOT_REQUIRED,AVAILABLE_AUTHORITATIVE,Combination Projection R1 and causal pair/triple histories,"392,084 historical combinations at the sealed boundary",A/C projection scores are proxies; residual interaction must be learned only out of fold.,NON_BLOCKING
H20,Entropy/distribution-shift anomaly gating,triplet_structure,NOT_REQUIRED,AVAILABLE_AUTHORITATIVE,Combination Projection R1 and causal pair/triple histories,"392,084 historical combinations at the sealed boundary",A/C projection scores are proxies; residual interaction must be learned only out of fold.,NON_BLOCKING
H20,Entropy/distribution-shift anomaly gating,temporal_transitions,REQUIRED,AVAILABLE_DERIVABLE,Strictly ordered draw history and FULL/750/300/50 windows,Causal expanding-window derivation available,Retrospective breakpoint or state placement would leak future information.,REQUIRES_BOUNDED_DERIVATION
H20,Entropy/distribution-shift anomaly gating,actual_main_numbers,REQUIRED,AVAILABLE_AUTHORITATIVE,Sealed Raw Foundation R2 / Hit Depth / exact-baseline authorities,133/133 identities; fixed eligible draw and ticket semantics,,READY
H20,Entropy/distribution-shift anomaly gating,actual_special_number,NOT_REQUIRED,AVAILABLE_AUTHORITATIVE,Sealed Raw Foundation R2 / Hit Depth / exact-baseline authorities,133/133 identities; fixed eligible draw and ticket semantics,,NON_BLOCKING
H20,Entropy/distribution-shift anomaly gating,eligible_draws,REQUIRED,AVAILABLE_AUTHORITATIVE,Sealed Raw Foundation R2 / Hit Depth / exact-baseline authorities,133/133 identities; fixed eligible draw and ticket semantics,,READY
H22,Conditional/nested exact null and paired counterfactual calibration,strategy_id,REQUIRED,AVAILABLE_AUTHORITATIVE,Sealed Raw Foundation R2 / Hit Depth / exact-baseline authorities,133/133 identities; fixed eligible draw and ticket semantics,,READY
H22,Conditional/nested exact null and paired counterfactual calibration,family,REQUIRED,AVAILABLE_AUTHORITATIVE,Sealed Raw Foundation R2 / Hit Depth / exact-baseline authorities,133/133 identities; fixed eligible draw and ticket semantics,,READY
H22,Conditional/nested exact null and paired counterfactual calibration,draw_id,REQUIRED,AVAILABLE_AUTHORITATIVE,Sealed Raw Foundation R2 / Hit Depth / exact-baseline authorities,133/133 identities; fixed eligible draw and ticket semantics,,READY
H22,Conditional/nested exact null and paired counterfactual calibration,target_cutoff,REQUIRED,AVAILABLE_AUTHORITATIVE,Sealed Raw Foundation R2 / Hit Depth / exact-baseline authorities,133/133 identities; fixed eligible draw and ticket semantics,,READY
H22,Conditional/nested exact null and paired counterfactual calibration,native_tickets,REQUIRED,AVAILABLE_AUTHORITATIVE,Sealed Raw Foundation R2 / Hit Depth / exact-baseline authorities,133/133 identities; fixed eligible draw and ticket semantics,,READY
H22,Conditional/nested exact null and paired counterfactual calibration,native_ticket_count,REQUIRED,AVAILABLE_AUTHORITATIVE,Sealed Raw Foundation R2 / Hit Depth / exact-baseline authorities,133/133 identities; fixed eligible draw and ticket semantics,,READY
H22,Conditional/nested exact null and paired counterfactual calibration,hit_depth,REQUIRED,AVAILABLE_AUTHORITATIVE,Sealed Raw Foundation R2 / Hit Depth / exact-baseline authorities,133/133 identities; fixed eligible draw and ticket semantics,,READY
H22,Conditional/nested exact null and paired counterfactual calibration,special_hit,NOT_REQUIRED,AVAILABLE_AUTHORITATIVE,Sealed Raw Foundation R2 / Hit Depth / exact-baseline authorities,133/133 identities; fixed eligible draw and ticket semantics,,NON_BLOCKING
H22,Conditional/nested exact null and paired counterfactual calibration,exact_baseline,REQUIRED,AVAILABLE_AUTHORITATIVE,Sealed Raw Foundation R2 / Hit Depth / exact-baseline authorities,133/133 identities; fixed eligible draw and ticket semantics,,READY
H22,Conditional/nested exact null and paired counterfactual calibration,historical_delta,REQUIRED,AVAILABLE_AUTHORITATIVE,Sealed Raw Foundation R2 / Hit Depth / exact-baseline authorities,133/133 identities; fixed eligible draw and ticket semantics,,READY
H22,Conditional/nested exact null and paired counterfactual calibration,window_metrics,REQUIRED,AVAILABLE_AUTHORITATIVE,Sealed Raw Foundation R2 / Hit Depth / exact-baseline authorities,133/133 identities; fixed eligible draw and ticket semantics,,READY
H22,Conditional/nested exact null and paired counterfactual calibration,candidate_k,NOT_REQUIRED,PARTIAL_COVERAGE,Candidate-K direct matrix plus current-catalog capability map,7 direct matrix paths; 44 current portfolio identities lack canonical number aggregation; 82 are historical-only,"Candidate-K is not native ticket count, configuration count or internal rank.",NON_BLOCKING
H22,Conditional/nested exact null and paired counterfactual calibration,internal_rank,NOT_REQUIRED,AVAILABLE_PROXY_ONLY,A CURRENT_PORTFOLIO_VOTE_PROXY and C TRAILING_WINDOW_FREQUENCY_PROXY,Proxy layers only; no canonical internal rank for the 133,A/C proxies must not be relabeled as strategy-internal ranking.,NON_BLOCKING
H22,Conditional/nested exact null and paired counterfactual calibration,number_level_score,NOT_REQUIRED,PARTIAL_COVERAGE,Seven direct Candidate-K paths or separately specified causal exposure reconstruction,Direct for 7; reconstruction needed elsewhere; 44 current portfolios have no canonical aggregation contract,Ticket position or exposure frequency is not automatically a number-level score.,NON_BLOCKING
H22,Conditional/nested exact null and paired counterfactual calibration,probability_output,NOT_REQUIRED,UNAVAILABLE,No canonical calibrated probability-output authority was recovered,0/133 canonical calibrated probability vectors,"Scores, ranks and ticket inclusion frequencies are not calibrated probabilities.",NON_BLOCKING
H22,Conditional/nested exact null and paired counterfactual calibration,portfolio_overlap,NOT_REQUIRED,AVAILABLE_DERIVABLE,Preserved native tickets plus exact portfolio-geometry authority,133/133 where tickets exist; derive strictly before target outcome,Geometry can remove a structural handicap but is not predictive evidence by itself.,NON_BLOCKING
H22,Conditional/nested exact null and paired counterfactual calibration,runtime_executable,NOT_REQUIRED,NOT_REQUIRED,Inference-layer hypothesis,No forward producer required for Level 1,A null/calibration layer must bind to a separately frozen producer.,NON_BLOCKING
H22,Conditional/nested exact null and paired counterfactual calibration,forward_adapter,NOT_REQUIRED,NOT_REQUIRED,Inference-layer hypothesis,Historical calibration only at Level 1,No Cohort V2 or forward mutation is authorized.,NON_BLOCKING
H22,Conditional/nested exact null and paired counterfactual calibration,regime_descriptors,NOT_REQUIRED,PARTIAL_COVERAGE,Official causal regime analysis with four frozen axes,20 causal candidates across fixed axes/bands; not a per-133 complete join,Exploratory regime cells are multiplicity-exposed and not deployment proof.,NON_BLOCKING
H22,Conditional/nested exact null and paired counterfactual calibration,pair_structure,NOT_REQUIRED,AVAILABLE_AUTHORITATIVE,Combination Projection R1 and causal pair/triple histories,"392,084 historical combinations at the sealed boundary",A/C projection scores are proxies; residual interaction must be learned only out of fold.,NON_BLOCKING
H22,Conditional/nested exact null and paired counterfactual calibration,triplet_structure,NOT_REQUIRED,AVAILABLE_AUTHORITATIVE,Combination Projection R1 and causal pair/triple histories,"392,084 historical combinations at the sealed boundary",A/C projection scores are proxies; residual interaction must be learned only out of fold.,NON_BLOCKING
H22,Conditional/nested exact null and paired counterfactual calibration,temporal_transitions,NOT_REQUIRED,AVAILABLE_DERIVABLE,Strictly ordered draw history and FULL/750/300/50 windows,Causal expanding-window derivation available,Retrospective breakpoint or state placement would leak future information.,NON_BLOCKING
H22,Conditional/nested exact null and paired counterfactual calibration,actual_main_numbers,REQUIRED,AVAILABLE_AUTHORITATIVE,Sealed Raw Foundation R2 / Hit Depth / exact-baseline authorities,133/133 identities; fixed eligible draw and ticket semantics,,READY
H22,Conditional/nested exact null and paired counterfactual calibration,actual_special_number,NOT_REQUIRED,AVAILABLE_AUTHORITATIVE,Sealed Raw Foundation R2 / Hit Depth / exact-baseline authorities,133/133 identities; fixed eligible draw and ticket semantics,,NON_BLOCKING
H22,Conditional/nested exact null and paired counterfactual calibration,eligible_draws,REQUIRED,AVAILABLE_AUTHORITATIVE,Sealed Raw Foundation R2 / Hit Depth / exact-baseline authorities,133/133 identities; fixed eligible draw and ticket semantics,,READY
H23,"LSTM as residual/meta-feature, not direct ticket generator",strategy_id,REQUIRED,AVAILABLE_AUTHORITATIVE,Sealed Raw Foundation R2 / Hit Depth / exact-baseline authorities,133/133 identities; fixed eligible draw and ticket semantics,,READY
H23,"LSTM as residual/meta-feature, not direct ticket generator",family,REQUIRED,AVAILABLE_AUTHORITATIVE,Sealed Raw Foundation R2 / Hit Depth / exact-baseline authorities,133/133 identities; fixed eligible draw and ticket semantics,,READY
H23,"LSTM as residual/meta-feature, not direct ticket generator",draw_id,REQUIRED,AVAILABLE_AUTHORITATIVE,Sealed Raw Foundation R2 / Hit Depth / exact-baseline authorities,133/133 identities; fixed eligible draw and ticket semantics,,READY
H23,"LSTM as residual/meta-feature, not direct ticket generator",target_cutoff,REQUIRED,AVAILABLE_AUTHORITATIVE,Sealed Raw Foundation R2 / Hit Depth / exact-baseline authorities,133/133 identities; fixed eligible draw and ticket semantics,,READY
H23,"LSTM as residual/meta-feature, not direct ticket generator",native_tickets,REQUIRED,AVAILABLE_AUTHORITATIVE,Sealed Raw Foundation R2 / Hit Depth / exact-baseline authorities,133/133 identities; fixed eligible draw and ticket semantics,,READY
H23,"LSTM as residual/meta-feature, not direct ticket generator",native_ticket_count,REQUIRED,AVAILABLE_AUTHORITATIVE,Sealed Raw Foundation R2 / Hit Depth / exact-baseline authorities,133/133 identities; fixed eligible draw and ticket semantics,,READY
H23,"LSTM as residual/meta-feature, not direct ticket generator",hit_depth,REQUIRED,AVAILABLE_AUTHORITATIVE,Sealed Raw Foundation R2 / Hit Depth / exact-baseline authorities,133/133 identities; fixed eligible draw and ticket semantics,,READY
H23,"LSTM as residual/meta-feature, not direct ticket generator",special_hit,NOT_REQUIRED,AVAILABLE_AUTHORITATIVE,Sealed Raw Foundation R2 / Hit Depth / exact-baseline authorities,133/133 identities; fixed eligible draw and ticket semantics,,NON_BLOCKING
H23,"LSTM as residual/meta-feature, not direct ticket generator",exact_baseline,REQUIRED,AVAILABLE_AUTHORITATIVE,Sealed Raw Foundation R2 / Hit Depth / exact-baseline authorities,133/133 identities; fixed eligible draw and ticket semantics,,READY
H23,"LSTM as residual/meta-feature, not direct ticket generator",historical_delta,REQUIRED,AVAILABLE_AUTHORITATIVE,Sealed Raw Foundation R2 / Hit Depth / exact-baseline authorities,133/133 identities; fixed eligible draw and ticket semantics,,READY
H23,"LSTM as residual/meta-feature, not direct ticket generator",window_metrics,REQUIRED,AVAILABLE_AUTHORITATIVE,Sealed Raw Foundation R2 / Hit Depth / exact-baseline authorities,133/133 identities; fixed eligible draw and ticket semantics,,READY
H23,"LSTM as residual/meta-feature, not direct ticket generator",candidate_k,NOT_REQUIRED,PARTIAL_COVERAGE,Candidate-K direct matrix plus current-catalog capability map,7 direct matrix paths; 44 current portfolio identities lack canonical number aggregation; 82 are historical-only,"Candidate-K is not native ticket count, configuration count or internal rank.",NON_BLOCKING
H23,"LSTM as residual/meta-feature, not direct ticket generator",internal_rank,NOT_REQUIRED,AVAILABLE_PROXY_ONLY,A CURRENT_PORTFOLIO_VOTE_PROXY and C TRAILING_WINDOW_FREQUENCY_PROXY,Proxy layers only; no canonical internal rank for the 133,A/C proxies must not be relabeled as strategy-internal ranking.,NON_BLOCKING
H23,"LSTM as residual/meta-feature, not direct ticket generator",number_level_score,REQUIRED,PARTIAL_COVERAGE,Seven direct Candidate-K paths or separately specified causal exposure reconstruction,Direct for 7; reconstruction needed elsewhere; 44 current portfolios have no canonical aggregation contract,Ticket position or exposure frequency is not automatically a number-level score.,REQUIRES_BOUNDED_DERIVATION
H23,"LSTM as residual/meta-feature, not direct ticket generator",probability_output,REQUIRED,UNAVAILABLE,No canonical calibrated probability-output authority was recovered,0/133 canonical calibrated probability vectors,"Scores, ranks and ticket inclusion frequencies are not calibrated probabilities.",REQUIRES_NEW_MODEL_OUTPUT
H23,"LSTM as residual/meta-feature, not direct ticket generator",portfolio_overlap,NOT_REQUIRED,AVAILABLE_DERIVABLE,Preserved native tickets plus exact portfolio-geometry authority,133/133 where tickets exist; derive strictly before target outcome,Geometry can remove a structural handicap but is not predictive evidence by itself.,NON_BLOCKING
H23,"LSTM as residual/meta-feature, not direct ticket generator",runtime_executable,OPTIONAL,UNAVAILABLE,The hypothesis-specific model/output does not exist,New model producer required,Historical source replay does not prove a forward runtime path.,NON_BLOCKING
H23,"LSTM as residual/meta-feature, not direct ticket generator",forward_adapter,OPTIONAL,UNAVAILABLE,No hypothesis-specific forward adapter exists,New model output and adapter required,Do not infer adapter readiness from historical replay.,NON_BLOCKING
H23,"LSTM as residual/meta-feature, not direct ticket generator",regime_descriptors,NOT_REQUIRED,PARTIAL_COVERAGE,Official causal regime analysis with four frozen axes,20 causal candidates across fixed axes/bands; not a per-133 complete join,Exploratory regime cells are multiplicity-exposed and not deployment proof.,NON_BLOCKING
H23,"LSTM as residual/meta-feature, not direct ticket generator",pair_structure,NOT_REQUIRED,AVAILABLE_AUTHORITATIVE,Combination Projection R1 and causal pair/triple histories,"392,084 historical combinations at the sealed boundary",A/C projection scores are proxies; residual interaction must be learned only out of fold.,NON_BLOCKING
H23,"LSTM as residual/meta-feature, not direct ticket generator",triplet_structure,NOT_REQUIRED,AVAILABLE_AUTHORITATIVE,Combination Projection R1 and causal pair/triple histories,"392,084 historical combinations at the sealed boundary",A/C projection scores are proxies; residual interaction must be learned only out of fold.,NON_BLOCKING
H23,"LSTM as residual/meta-feature, not direct ticket generator",temporal_transitions,REQUIRED,AVAILABLE_DERIVABLE,Strictly ordered draw history and FULL/750/300/50 windows,Causal expanding-window derivation available,Retrospective breakpoint or state placement would leak future information.,REQUIRES_BOUNDED_DERIVATION
H23,"LSTM as residual/meta-feature, not direct ticket generator",actual_main_numbers,REQUIRED,AVAILABLE_AUTHORITATIVE,Sealed Raw Foundation R2 / Hit Depth / exact-baseline authorities,133/133 identities; fixed eligible draw and ticket semantics,,READY
H23,"LSTM as residual/meta-feature, not direct ticket generator",actual_special_number,NOT_REQUIRED,AVAILABLE_AUTHORITATIVE,Sealed Raw Foundation R2 / Hit Depth / exact-baseline authorities,133/133 identities; fixed eligible draw and ticket semantics,,NON_BLOCKING
H23,"LSTM as residual/meta-feature, not direct ticket generator",eligible_draws,REQUIRED,AVAILABLE_AUTHORITATIVE,Sealed Raw Foundation R2 / Hit Depth / exact-baseline authorities,133/133 identities; fixed eligible draw and ticket semantics,,READY
H24,Transformer as residual/meta-feature,strategy_id,REQUIRED,AVAILABLE_AUTHORITATIVE,Sealed Raw Foundation R2 / Hit Depth / exact-baseline authorities,133/133 identities; fixed eligible draw and ticket semantics,,READY
H24,Transformer as residual/meta-feature,family,REQUIRED,AVAILABLE_AUTHORITATIVE,Sealed Raw Foundation R2 / Hit Depth / exact-baseline authorities,133/133 identities; fixed eligible draw and ticket semantics,,READY
H24,Transformer as residual/meta-feature,draw_id,REQUIRED,AVAILABLE_AUTHORITATIVE,Sealed Raw Foundation R2 / Hit Depth / exact-baseline authorities,133/133 identities; fixed eligible draw and ticket semantics,,READY
H24,Transformer as residual/meta-feature,target_cutoff,REQUIRED,AVAILABLE_AUTHORITATIVE,Sealed Raw Foundation R2 / Hit Depth / exact-baseline authorities,133/133 identities; fixed eligible draw and ticket semantics,,READY
H24,Transformer as residual/meta-feature,native_tickets,REQUIRED,AVAILABLE_AUTHORITATIVE,Sealed Raw Foundation R2 / Hit Depth / exact-baseline authorities,133/133 identities; fixed eligible draw and ticket semantics,,READY
H24,Transformer as residual/meta-feature,native_ticket_count,REQUIRED,AVAILABLE_AUTHORITATIVE,Sealed Raw Foundation R2 / Hit Depth / exact-baseline authorities,133/133 identities; fixed eligible draw and ticket semantics,,READY
H24,Transformer as residual/meta-feature,hit_depth,REQUIRED,AVAILABLE_AUTHORITATIVE,Sealed Raw Foundation R2 / Hit Depth / exact-baseline authorities,133/133 identities; fixed eligible draw and ticket semantics,,READY
H24,Transformer as residual/meta-feature,special_hit,NOT_REQUIRED,AVAILABLE_AUTHORITATIVE,Sealed Raw Foundation R2 / Hit Depth / exact-baseline authorities,133/133 identities; fixed eligible draw and ticket semantics,,NON_BLOCKING
H24,Transformer as residual/meta-feature,exact_baseline,REQUIRED,AVAILABLE_AUTHORITATIVE,Sealed Raw Foundation R2 / Hit Depth / exact-baseline authorities,133/133 identities; fixed eligible draw and ticket semantics,,READY
H24,Transformer as residual/meta-feature,historical_delta,REQUIRED,AVAILABLE_AUTHORITATIVE,Sealed Raw Foundation R2 / Hit Depth / exact-baseline authorities,133/133 identities; fixed eligible draw and ticket semantics,,READY
H24,Transformer as residual/meta-feature,window_metrics,REQUIRED,AVAILABLE_AUTHORITATIVE,Sealed Raw Foundation R2 / Hit Depth / exact-baseline authorities,133/133 identities; fixed eligible draw and ticket semantics,,READY
H24,Transformer as residual/meta-feature,candidate_k,NOT_REQUIRED,PARTIAL_COVERAGE,Candidate-K direct matrix plus current-catalog capability map,7 direct matrix paths; 44 current portfolio identities lack canonical number aggregation; 82 are historical-only,"Candidate-K is not native ticket count, configuration count or internal rank.",NON_BLOCKING
H24,Transformer as residual/meta-feature,internal_rank,NOT_REQUIRED,AVAILABLE_PROXY_ONLY,A CURRENT_PORTFOLIO_VOTE_PROXY and C TRAILING_WINDOW_FREQUENCY_PROXY,Proxy layers only; no canonical internal rank for the 133,A/C proxies must not be relabeled as strategy-internal ranking.,NON_BLOCKING
H24,Transformer as residual/meta-feature,number_level_score,REQUIRED,PARTIAL_COVERAGE,Seven direct Candidate-K paths or separately specified causal exposure reconstruction,Direct for 7; reconstruction needed elsewhere; 44 current portfolios have no canonical aggregation contract,Ticket position or exposure frequency is not automatically a number-level score.,REQUIRES_BOUNDED_DERIVATION
H24,Transformer as residual/meta-feature,probability_output,REQUIRED,UNAVAILABLE,No canonical calibrated probability-output authority was recovered,0/133 canonical calibrated probability vectors,"Scores, ranks and ticket inclusion frequencies are not calibrated probabilities.",REQUIRES_NEW_MODEL_OUTPUT
H24,Transformer as residual/meta-feature,portfolio_overlap,NOT_REQUIRED,AVAILABLE_DERIVABLE,Preserved native tickets plus exact portfolio-geometry authority,133/133 where tickets exist; derive strictly before target outcome,Geometry can remove a structural handicap but is not predictive evidence by itself.,NON_BLOCKING
H24,Transformer as residual/meta-feature,runtime_executable,OPTIONAL,UNAVAILABLE,The hypothesis-specific model/output does not exist,New model producer required,Historical source replay does not prove a forward runtime path.,NON_BLOCKING
H24,Transformer as residual/meta-feature,forward_adapter,OPTIONAL,UNAVAILABLE,No hypothesis-specific forward adapter exists,New model output and adapter required,Do not infer adapter readiness from historical replay.,NON_BLOCKING
H24,Transformer as residual/meta-feature,regime_descriptors,NOT_REQUIRED,PARTIAL_COVERAGE,Official causal regime analysis with four frozen axes,20 causal candidates across fixed axes/bands; not a per-133 complete join,Exploratory regime cells are multiplicity-exposed and not deployment proof.,NON_BLOCKING
H24,Transformer as residual/meta-feature,pair_structure,NOT_REQUIRED,AVAILABLE_AUTHORITATIVE,Combination Projection R1 and causal pair/triple histories,"392,084 historical combinations at the sealed boundary",A/C projection scores are proxies; residual interaction must be learned only out of fold.,NON_BLOCKING
H24,Transformer as residual/meta-feature,triplet_structure,NOT_REQUIRED,AVAILABLE_AUTHORITATIVE,Combination Projection R1 and causal pair/triple histories,"392,084 historical combinations at the sealed boundary",A/C projection scores are proxies; residual interaction must be learned only out of fold.,NON_BLOCKING
H24,Transformer as residual/meta-feature,temporal_transitions,REQUIRED,AVAILABLE_DERIVABLE,Strictly ordered draw history and FULL/750/300/50 windows,Causal expanding-window derivation available,Retrospective breakpoint or state placement would leak future information.,REQUIRES_BOUNDED_DERIVATION
H24,Transformer as residual/meta-feature,actual_main_numbers,REQUIRED,AVAILABLE_AUTHORITATIVE,Sealed Raw Foundation R2 / Hit Depth / exact-baseline authorities,133/133 identities; fixed eligible draw and ticket semantics,,READY
H24,Transformer as residual/meta-feature,actual_special_number,NOT_REQUIRED,AVAILABLE_AUTHORITATIVE,Sealed Raw Foundation R2 / Hit Depth / exact-baseline authorities,133/133 identities; fixed eligible draw and ticket semantics,,NON_BLOCKING
H24,Transformer as residual/meta-feature,eligible_draws,REQUIRED,AVAILABLE_AUTHORITATIVE,Sealed Raw Foundation R2 / Hit Depth / exact-baseline authorities,133/133 identities; fixed eligible draw and ticket semantics,,READY
H25,XGBoost stacking strategy outputs and history,strategy_id,REQUIRED,AVAILABLE_AUTHORITATIVE,Sealed Raw Foundation R2 / Hit Depth / exact-baseline authorities,133/133 identities; fixed eligible draw and ticket semantics,,READY
H25,XGBoost stacking strategy outputs and history,family,REQUIRED,AVAILABLE_AUTHORITATIVE,Sealed Raw Foundation R2 / Hit Depth / exact-baseline authorities,133/133 identities; fixed eligible draw and ticket semantics,,READY
H25,XGBoost stacking strategy outputs and history,draw_id,REQUIRED,AVAILABLE_AUTHORITATIVE,Sealed Raw Foundation R2 / Hit Depth / exact-baseline authorities,133/133 identities; fixed eligible draw and ticket semantics,,READY
H25,XGBoost stacking strategy outputs and history,target_cutoff,REQUIRED,AVAILABLE_AUTHORITATIVE,Sealed Raw Foundation R2 / Hit Depth / exact-baseline authorities,133/133 identities; fixed eligible draw and ticket semantics,,READY
H25,XGBoost stacking strategy outputs and history,native_tickets,REQUIRED,AVAILABLE_AUTHORITATIVE,Sealed Raw Foundation R2 / Hit Depth / exact-baseline authorities,133/133 identities; fixed eligible draw and ticket semantics,,READY
H25,XGBoost stacking strategy outputs and history,native_ticket_count,REQUIRED,AVAILABLE_AUTHORITATIVE,Sealed Raw Foundation R2 / Hit Depth / exact-baseline authorities,133/133 identities; fixed eligible draw and ticket semantics,,READY
H25,XGBoost stacking strategy outputs and history,hit_depth,REQUIRED,AVAILABLE_AUTHORITATIVE,Sealed Raw Foundation R2 / Hit Depth / exact-baseline authorities,133/133 identities; fixed eligible draw and ticket semantics,,READY
H25,XGBoost stacking strategy outputs and history,special_hit,NOT_REQUIRED,AVAILABLE_AUTHORITATIVE,Sealed Raw Foundation R2 / Hit Depth / exact-baseline authorities,133/133 identities; fixed eligible draw and ticket semantics,,NON_BLOCKING
H25,XGBoost stacking strategy outputs and history,exact_baseline,REQUIRED,AVAILABLE_AUTHORITATIVE,Sealed Raw Foundation R2 / Hit Depth / exact-baseline authorities,133/133 identities; fixed eligible draw and ticket semantics,,READY
H25,XGBoost stacking strategy outputs and history,historical_delta,REQUIRED,AVAILABLE_AUTHORITATIVE,Sealed Raw Foundation R2 / Hit Depth / exact-baseline authorities,133/133 identities; fixed eligible draw and ticket semantics,,READY
H25,XGBoost stacking strategy outputs and history,window_metrics,REQUIRED,AVAILABLE_AUTHORITATIVE,Sealed Raw Foundation R2 / Hit Depth / exact-baseline authorities,133/133 identities; fixed eligible draw and ticket semantics,,READY
H25,XGBoost stacking strategy outputs and history,candidate_k,NOT_REQUIRED,PARTIAL_COVERAGE,Candidate-K direct matrix plus current-catalog capability map,7 direct matrix paths; 44 current portfolio identities lack canonical number aggregation; 82 are historical-only,"Candidate-K is not native ticket count, configuration count or internal rank.",NON_BLOCKING
H25,XGBoost stacking strategy outputs and history,internal_rank,NOT_REQUIRED,AVAILABLE_PROXY_ONLY,A CURRENT_PORTFOLIO_VOTE_PROXY and C TRAILING_WINDOW_FREQUENCY_PROXY,Proxy layers only; no canonical internal rank for the 133,A/C proxies must not be relabeled as strategy-internal ranking.,NON_BLOCKING
H25,XGBoost stacking strategy outputs and history,number_level_score,NOT_REQUIRED,PARTIAL_COVERAGE,Seven direct Candidate-K paths or separately specified causal exposure reconstruction,Direct for 7; reconstruction needed elsewhere; 44 current portfolios have no canonical aggregation contract,Ticket position or exposure frequency is not automatically a number-level score.,NON_BLOCKING
H25,XGBoost stacking strategy outputs and history,probability_output,NOT_REQUIRED,UNAVAILABLE,No canonical calibrated probability-output authority was recovered,0/133 canonical calibrated probability vectors,"Scores, ranks and ticket inclusion frequencies are not calibrated probabilities.",NON_BLOCKING
H25,XGBoost stacking strategy outputs and history,portfolio_overlap,NOT_REQUIRED,AVAILABLE_DERIVABLE,Preserved native tickets plus exact portfolio-geometry authority,133/133 where tickets exist; derive strictly before target outcome,Geometry can remove a structural handicap but is not predictive evidence by itself.,NON_BLOCKING
H25,XGBoost stacking strategy outputs and history,runtime_executable,OPTIONAL,UNAVAILABLE,The hypothesis-specific model/output does not exist,New model producer required,Historical source replay does not prove a forward runtime path.,NON_BLOCKING
H25,XGBoost stacking strategy outputs and history,forward_adapter,OPTIONAL,UNAVAILABLE,No hypothesis-specific forward adapter exists,New model output and adapter required,Do not infer adapter readiness from historical replay.,NON_BLOCKING
H25,XGBoost stacking strategy outputs and history,regime_descriptors,REQUIRED,PARTIAL_COVERAGE,Official causal regime analysis with four frozen axes,20 causal candidates across fixed axes/bands; not a per-133 complete join,Exploratory regime cells are multiplicity-exposed and not deployment proof.,REQUIRES_BOUNDED_DERIVATION
H25,XGBoost stacking strategy outputs and history,pair_structure,NOT_REQUIRED,AVAILABLE_AUTHORITATIVE,Combination Projection R1 and causal pair/triple histories,"392,084 historical combinations at the sealed boundary",A/C projection scores are proxies; residual interaction must be learned only out of fold.,NON_BLOCKING
H25,XGBoost stacking strategy outputs and history,triplet_structure,NOT_REQUIRED,AVAILABLE_AUTHORITATIVE,Combination Projection R1 and causal pair/triple histories,"392,084 historical combinations at the sealed boundary",A/C projection scores are proxies; residual interaction must be learned only out of fold.,NON_BLOCKING
H25,XGBoost stacking strategy outputs and history,temporal_transitions,NOT_REQUIRED,AVAILABLE_DERIVABLE,Strictly ordered draw history and FULL/750/300/50 windows,Causal expanding-window derivation available,Retrospective breakpoint or state placement would leak future information.,NON_BLOCKING
H25,XGBoost stacking strategy outputs and history,actual_main_numbers,REQUIRED,AVAILABLE_AUTHORITATIVE,Sealed Raw Foundation R2 / Hit Depth / exact-baseline authorities,133/133 identities; fixed eligible draw and ticket semantics,,READY
H25,XGBoost stacking strategy outputs and history,actual_special_number,NOT_REQUIRED,AVAILABLE_AUTHORITATIVE,Sealed Raw Foundation R2 / Hit Depth / exact-baseline authorities,133/133 identities; fixed eligible draw and ticket semantics,,NON_BLOCKING
H25,XGBoost stacking strategy outputs and history,eligible_draws,REQUIRED,AVAILABLE_AUTHORITATIVE,Sealed Raw Foundation R2 / Hit Depth / exact-baseline authorities,133/133 identities; fixed eligible draw and ticket semantics,,READY
H26,Special-aware portfolio geometry,strategy_id,REQUIRED,AVAILABLE_AUTHORITATIVE,Sealed Raw Foundation R2 / Hit Depth / exact-baseline authorities,133/133 identities; fixed eligible draw and ticket semantics,,READY
H26,Special-aware portfolio geometry,family,REQUIRED,AVAILABLE_AUTHORITATIVE,Sealed Raw Foundation R2 / Hit Depth / exact-baseline authorities,133/133 identities; fixed eligible draw and ticket semantics,,READY
H26,Special-aware portfolio geometry,draw_id,REQUIRED,AVAILABLE_AUTHORITATIVE,Sealed Raw Foundation R2 / Hit Depth / exact-baseline authorities,133/133 identities; fixed eligible draw and ticket semantics,,READY
H26,Special-aware portfolio geometry,target_cutoff,REQUIRED,AVAILABLE_AUTHORITATIVE,Sealed Raw Foundation R2 / Hit Depth / exact-baseline authorities,133/133 identities; fixed eligible draw and ticket semantics,,READY
H26,Special-aware portfolio geometry,native_tickets,REQUIRED,AVAILABLE_AUTHORITATIVE,Sealed Raw Foundation R2 / Hit Depth / exact-baseline authorities,133/133 identities; fixed eligible draw and ticket semantics,,READY
H26,Special-aware portfolio geometry,native_ticket_count,REQUIRED,AVAILABLE_AUTHORITATIVE,Sealed Raw Foundation R2 / Hit Depth / exact-baseline authorities,133/133 identities; fixed eligible draw and ticket semantics,,READY
H26,Special-aware portfolio geometry,hit_depth,REQUIRED,AVAILABLE_AUTHORITATIVE,Sealed Raw Foundation R2 / Hit Depth / exact-baseline authorities,133/133 identities; fixed eligible draw and ticket semantics,,READY
H26,Special-aware portfolio geometry,special_hit,REQUIRED,AVAILABLE_AUTHORITATIVE,Sealed Raw Foundation R2 / Hit Depth / exact-baseline authorities,133/133 identities; fixed eligible draw and ticket semantics,,READY
H26,Special-aware portfolio geometry,exact_baseline,REQUIRED,AVAILABLE_AUTHORITATIVE,Sealed Raw Foundation R2 / Hit Depth / exact-baseline authorities,133/133 identities; fixed eligible draw and ticket semantics,,READY
H26,Special-aware portfolio geometry,historical_delta,REQUIRED,AVAILABLE_AUTHORITATIVE,Sealed Raw Foundation R2 / Hit Depth / exact-baseline authorities,133/133 identities; fixed eligible draw and ticket semantics,,READY
H26,Special-aware portfolio geometry,window_metrics,REQUIRED,AVAILABLE_AUTHORITATIVE,Sealed Raw Foundation R2 / Hit Depth / exact-baseline authorities,133/133 identities; fixed eligible draw and ticket semantics,,READY
H26,Special-aware portfolio geometry,candidate_k,NOT_REQUIRED,PARTIAL_COVERAGE,Candidate-K direct matrix plus current-catalog capability map,7 direct matrix paths; 44 current portfolio identities lack canonical number aggregation; 82 are historical-only,"Candidate-K is not native ticket count, configuration count or internal rank.",NON_BLOCKING
H26,Special-aware portfolio geometry,internal_rank,NOT_REQUIRED,AVAILABLE_PROXY_ONLY,A CURRENT_PORTFOLIO_VOTE_PROXY and C TRAILING_WINDOW_FREQUENCY_PROXY,Proxy layers only; no canonical internal rank for the 133,A/C proxies must not be relabeled as strategy-internal ranking.,NON_BLOCKING
H26,Special-aware portfolio geometry,number_level_score,NOT_REQUIRED,PARTIAL_COVERAGE,Seven direct Candidate-K paths or separately specified causal exposure reconstruction,Direct for 7; reconstruction needed elsewhere; 44 current portfolios have no canonical aggregation contract,Ticket position or exposure frequency is not automatically a number-level score.,NON_BLOCKING
H26,Special-aware portfolio geometry,probability_output,OPTIONAL,UNAVAILABLE,No canonical calibrated probability-output authority was recovered,0/133 canonical calibrated probability vectors,"Scores, ranks and ticket inclusion frequencies are not calibrated probabilities.",NON_BLOCKING
H26,Special-aware portfolio geometry,portfolio_overlap,REQUIRED,AVAILABLE_DERIVABLE,Preserved native tickets plus exact portfolio-geometry authority,133/133 where tickets exist; derive strictly before target outcome,Geometry can remove a structural handicap but is not predictive evidence by itself.,REQUIRES_BOUNDED_DERIVATION
H26,Special-aware portfolio geometry,runtime_executable,OPTIONAL,UNAVAILABLE,The hypothesis-specific model/output does not exist,New model producer required,Historical source replay does not prove a forward runtime path.,NON_BLOCKING
H26,Special-aware portfolio geometry,forward_adapter,OPTIONAL,UNAVAILABLE,No hypothesis-specific forward adapter exists,New model output and adapter required,Do not infer adapter readiness from historical replay.,NON_BLOCKING
H26,Special-aware portfolio geometry,regime_descriptors,NOT_REQUIRED,PARTIAL_COVERAGE,Official causal regime analysis with four frozen axes,20 causal candidates across fixed axes/bands; not a per-133 complete join,Exploratory regime cells are multiplicity-exposed and not deployment proof.,NON_BLOCKING
H26,Special-aware portfolio geometry,pair_structure,REQUIRED,AVAILABLE_AUTHORITATIVE,Combination Projection R1 and causal pair/triple histories,"392,084 historical combinations at the sealed boundary",A/C projection scores are proxies; residual interaction must be learned only out of fold.,READY
H26,Special-aware portfolio geometry,triplet_structure,REQUIRED,AVAILABLE_AUTHORITATIVE,Combination Projection R1 and causal pair/triple histories,"392,084 historical combinations at the sealed boundary",A/C projection scores are proxies; residual interaction must be learned only out of fold.,READY
H26,Special-aware portfolio geometry,temporal_transitions,NOT_REQUIRED,AVAILABLE_DERIVABLE,Strictly ordered draw history and FULL/750/300/50 windows,Causal expanding-window derivation available,Retrospective breakpoint or state placement would leak future information.,NON_BLOCKING
H26,Special-aware portfolio geometry,actual_main_numbers,REQUIRED,AVAILABLE_AUTHORITATIVE,Sealed Raw Foundation R2 / Hit Depth / exact-baseline authorities,133/133 identities; fixed eligible draw and ticket semantics,,READY
H26,Special-aware portfolio geometry,actual_special_number,REQUIRED,AVAILABLE_AUTHORITATIVE,Sealed Raw Foundation R2 / Hit Depth / exact-baseline authorities,133/133 identities; fixed eligible draw and ticket semantics,,READY
H26,Special-aware portfolio geometry,eligible_draws,REQUIRED,AVAILABLE_AUTHORITATIVE,Sealed Raw Foundation R2 / Hit Depth / exact-baseline authorities,133/133 identities; fixed eligible draw and ticket semantics,,READY
H28,Prospective confirmation of frozen EWMA drift H1/H2,strategy_id,REQUIRED,AVAILABLE_AUTHORITATIVE,Sealed Raw Foundation R2 / Hit Depth / exact-baseline authorities,133/133 identities; fixed eligible draw and ticket semantics,,READY
H28,Prospective confirmation of frozen EWMA drift H1/H2,family,REQUIRED,AVAILABLE_AUTHORITATIVE,Sealed Raw Foundation R2 / Hit Depth / exact-baseline authorities,133/133 identities; fixed eligible draw and ticket semantics,,READY
H28,Prospective confirmation of frozen EWMA drift H1/H2,draw_id,REQUIRED,AVAILABLE_AUTHORITATIVE,Sealed Raw Foundation R2 / Hit Depth / exact-baseline authorities,133/133 identities; fixed eligible draw and ticket semantics,,READY
H28,Prospective confirmation of frozen EWMA drift H1/H2,target_cutoff,REQUIRED,AVAILABLE_AUTHORITATIVE,Sealed Raw Foundation R2 / Hit Depth / exact-baseline authorities,133/133 identities; fixed eligible draw and ticket semantics,,READY
H28,Prospective confirmation of frozen EWMA drift H1/H2,native_tickets,REQUIRED,AVAILABLE_AUTHORITATIVE,Sealed Raw Foundation R2 / Hit Depth / exact-baseline authorities,133/133 identities; fixed eligible draw and ticket semantics,,READY
H28,Prospective confirmation of frozen EWMA drift H1/H2,native_ticket_count,REQUIRED,AVAILABLE_AUTHORITATIVE,Sealed Raw Foundation R2 / Hit Depth / exact-baseline authorities,133/133 identities; fixed eligible draw and ticket semantics,,READY
H28,Prospective confirmation of frozen EWMA drift H1/H2,hit_depth,REQUIRED,AVAILABLE_AUTHORITATIVE,Sealed Raw Foundation R2 / Hit Depth / exact-baseline authorities,133/133 identities; fixed eligible draw and ticket semantics,,READY
H28,Prospective confirmation of frozen EWMA drift H1/H2,special_hit,NOT_REQUIRED,AVAILABLE_AUTHORITATIVE,Sealed Raw Foundation R2 / Hit Depth / exact-baseline authorities,133/133 identities; fixed eligible draw and ticket semantics,,NON_BLOCKING
H28,Prospective confirmation of frozen EWMA drift H1/H2,exact_baseline,REQUIRED,AVAILABLE_AUTHORITATIVE,Sealed Raw Foundation R2 / Hit Depth / exact-baseline authorities,133/133 identities; fixed eligible draw and ticket semantics,,READY
H28,Prospective confirmation of frozen EWMA drift H1/H2,historical_delta,REQUIRED,AVAILABLE_AUTHORITATIVE,Sealed Raw Foundation R2 / Hit Depth / exact-baseline authorities,133/133 identities; fixed eligible draw and ticket semantics,,READY
H28,Prospective confirmation of frozen EWMA drift H1/H2,window_metrics,REQUIRED,AVAILABLE_AUTHORITATIVE,Sealed Raw Foundation R2 / Hit Depth / exact-baseline authorities,133/133 identities; fixed eligible draw and ticket semantics,,READY
H28,Prospective confirmation of frozen EWMA drift H1/H2,candidate_k,NOT_REQUIRED,PARTIAL_COVERAGE,Candidate-K direct matrix plus current-catalog capability map,7 direct matrix paths; 44 current portfolio identities lack canonical number aggregation; 82 are historical-only,"Candidate-K is not native ticket count, configuration count or internal rank.",NON_BLOCKING
H28,Prospective confirmation of frozen EWMA drift H1/H2,internal_rank,NOT_REQUIRED,AVAILABLE_PROXY_ONLY,A CURRENT_PORTFOLIO_VOTE_PROXY and C TRAILING_WINDOW_FREQUENCY_PROXY,Proxy layers only; no canonical internal rank for the 133,A/C proxies must not be relabeled as strategy-internal ranking.,NON_BLOCKING
H28,Prospective confirmation of frozen EWMA drift H1/H2,number_level_score,NOT_REQUIRED,PARTIAL_COVERAGE,Seven direct Candidate-K paths or separately specified causal exposure reconstruction,Direct for 7; reconstruction needed elsewhere; 44 current portfolios have no canonical aggregation contract,Ticket position or exposure frequency is not automatically a number-level score.,NON_BLOCKING
H28,Prospective confirmation of frozen EWMA drift H1/H2,probability_output,NOT_REQUIRED,UNAVAILABLE,No canonical calibrated probability-output authority was recovered,0/133 canonical calibrated probability vectors,"Scores, ranks and ticket inclusion frequencies are not calibrated probabilities.",NON_BLOCKING
H28,Prospective confirmation of frozen EWMA drift H1/H2,portfolio_overlap,NOT_REQUIRED,AVAILABLE_DERIVABLE,Preserved native tickets plus exact portfolio-geometry authority,133/133 where tickets exist; derive strictly before target outcome,Geometry can remove a structural handicap but is not predictive evidence by itself.,NON_BLOCKING
H28,Prospective confirmation of frozen EWMA drift H1/H2,runtime_executable,OPTIONAL,AVAILABLE_AUTHORITATIVE,Frozen EWMA shadow protocol exists,Protocol ready; evidence accumulation remains time-gated,Ready protocol is not a positive prospective result.,NON_BLOCKING
H28,Prospective confirmation of frozen EWMA drift H1/H2,forward_adapter,OPTIONAL,AVAILABLE_AUTHORITATIVE,Frozen EWMA prospective shadow observer/protocol,Existing versioned path; no post-freeze sample yet,Do not re-freeze or reuse pre-freeze observations as prospective.,NON_BLOCKING
H28,Prospective confirmation of frozen EWMA drift H1/H2,regime_descriptors,NOT_REQUIRED,PARTIAL_COVERAGE,Official causal regime analysis with four frozen axes,20 causal candidates across fixed axes/bands; not a per-133 complete join,Exploratory regime cells are multiplicity-exposed and not deployment proof.,NON_BLOCKING
H28,Prospective confirmation of frozen EWMA drift H1/H2,pair_structure,NOT_REQUIRED,AVAILABLE_AUTHORITATIVE,Combination Projection R1 and causal pair/triple histories,"392,084 historical combinations at the sealed boundary",A/C projection scores are proxies; residual interaction must be learned only out of fold.,NON_BLOCKING
H28,Prospective confirmation of frozen EWMA drift H1/H2,triplet_structure,NOT_REQUIRED,AVAILABLE_AUTHORITATIVE,Combination Projection R1 and causal pair/triple histories,"392,084 historical combinations at the sealed boundary",A/C projection scores are proxies; residual interaction must be learned only out of fold.,NON_BLOCKING
H28,Prospective confirmation of frozen EWMA drift H1/H2,temporal_transitions,REQUIRED,AVAILABLE_AUTHORITATIVE,Frozen EWMA q67/H1/H2 protocol and prior-only event history,Historical/event-influence blocks available; post-freeze calendar count is 0,Historical blocks cannot be relabeled prospective.,READY
H28,Prospective confirmation of frozen EWMA drift H1/H2,actual_main_numbers,REQUIRED,AVAILABLE_AUTHORITATIVE,Sealed Raw Foundation R2 / Hit Depth / exact-baseline authorities,133/133 identities; fixed eligible draw and ticket semantics,,READY
H28,Prospective confirmation of frozen EWMA drift H1/H2,actual_special_number,NOT_REQUIRED,AVAILABLE_AUTHORITATIVE,Sealed Raw Foundation R2 / Hit Depth / exact-baseline authorities,133/133 identities; fixed eligible draw and ticket semantics,,NON_BLOCKING
H28,Prospective confirmation of frozen EWMA drift H1/H2,eligible_draws,REQUIRED,AVAILABLE_AUTHORITATIVE,Sealed Raw Foundation R2 / Hit Depth / exact-baseline authorities,133/133 identities; fixed eligible draw and ticket semantics,,READY
